Country,Role,Name,Updated
Afghanistan,Overall Taliban Leader,HAYBATULLAH Akhundzada,5/24/2024
Afghanistan,Prime Min.,Mohammad HASSAN Akhund (Acting),5/24/2024
Afghanistan,Deputy Prime Min.,Abdul KABIR (Acting),5/24/2024
Afghanistan,Deputy Prime Min.,Abdul Ghani BERADER (Acting),5/24/2024
Afghanistan,Deputy Prime Min.,Abdul Salam HANAFI (Acting),5/24/2024
Afghanistan,Min. of Defense,Mohammad YAQUB (Acting),5/24/2024
Afghanistan,Min. of Economy,QARI DIN Mohammad (Acting),5/24/2024
Afghanistan,Min. of Education,HABIBULLAH Agha (Acting),5/24/2024
Afghanistan,Min. of Foreign Affairs,Amir Khan MOTAQI (Acting),5/24/2024
Afghanistan,Min. of Hajj & Religious Affairs,Noor Mohammad SAQIB (Acting),5/24/2024
Afghanistan,Dir. of Intelligence,Abdul Haq WASIQ (Acting),5/24/2024
Afghanistan,Min. of Interior,Sirajuddin HAQQANI (Acting),5/24/2024
Afghanistan,Min. of Justice,Abdul Hakim SHARAI (Acting),5/24/2024
Afghanistan,"Min. of Preaching, Promotion of Virtue, & Prevention of Vice",Mohammad KHALID (Acting),5/24/2024
Afghanistan,Overall Taliban Leader,HAYBATULLAH Akhundzada,5/24/2024
Afghanistan,Prime Min.,Mohammad HASSAN Akhund (Acting),5/24/2024
Afghanistan,Deputy Prime Min.,Abdul KABIR (Acting),5/24/2024
Afghanistan,Deputy Prime Min.,Abdul Ghani BERADER (Acting),5/24/2024
Afghanistan,Deputy Prime Min.,Abdul Salam HANAFI (Acting),5/24/2024
Afghanistan,Min. of Defense,Mohammad YAQUB (Acting),5/24/2024
Afghanistan,Min. of Economy,QARI DIN Mohammad (Acting),5/24/2024
Afghanistan,Min. of Education,HABIBULLAH Agha (Acting),5/24/2024
Afghanistan,Min. of Foreign Affairs,Amir Khan MOTAQI (Acting),5/24/2024
Afghanistan,Min. of Hajj & Religious Affairs,Noor Mohammad SAQIB (Acting),5/24/2024
Afghanistan,Dir. of Intelligence,Abdul Haq WASIQ (Acting),5/24/2024
Afghanistan,Min. of Interior,Sirajuddin HAQQANI (Acting),5/24/2024
Afghanistan,Min. of Justice,Abdul Hakim SHARAI (Acting),5/24/2024
Afghanistan,"Min. of Preaching, Promotion of Virtue, & Prevention of Vice",Mohammad KHALID (Acting),5/24/2024
Albania,Pres.,Bajram BEGAJ,7/31/2024
Albania,Prime Min.,Edi RAMA,7/31/2024
Albania,Dep. Prime Min. and Min. of Infrastructure & Energy,Belinda BALLUKU,7/31/2024
Albania,Min. of Agriculture & Rural Development,Frida KRIFCA,7/31/2024
Albania,Min. of Culture,Elva MARGARITI,7/31/2024
Albania,Min. of Defense,Pirro VENGU,7/31/2024
Albania,"Min. of Education, Sports, & Youth",Evis KUSHI,7/31/2024
Albania,Min. for Europe & Foreign Affairs,Igli HASANI,7/31/2024
Albania,Min. of Finance & Economy,Petrit MALAJ,7/31/2024
Albania,Min. of Health & Social Welfare,Orgeta MANASTIRLIU,7/31/2024
Albania,Min. of Interior,Ervin HOXHA,7/31/2024
Albania,Min. of Justice,Ulsi MANJA,7/31/2024
Albania,Min. of State for EU Integration,Majlinda DHUKA,7/31/2024
Albania,Min. of State for Parliament Relations,Taulant BALLA,7/31/2024
Albania,Min. of State for Protection of Entrepreneurs,Edona BILALI,7/31/2024
Albania,Min. of State for Relations With Parliament,Elisa SPIROPALI,7/31/2024
Albania,Min. of State for Standards & Services,Milva EKONOMI,7/31/2024
Albania,Min. of State for Youth & Children,Bora MUZHAQI,7/31/2024
Albania,Min. of Tourism & Environment,Mirela KUMBARO FURXHI,7/31/2024
Albania,Min. of Transport & Infrastructure,Edmond HAXHINASTO,7/31/2024
Albania,"Governor, Bank of Albania",Gent SEJKO,7/31/2024
Albania,Ambassador to the US,Floreta FABER,7/31/2024
Albania,"Permanent Representative to the UN, New York",Suela JANINA,7/31/2024
Albania,Speaker of the Parliament,Elisa SPIROPALI,7/31/2024
Algeria,Pres.,Abdelmadjid TEBBOUNE,9/16/2025
Algeria,Prime Min.,Sifi GHRIEB,9/16/2025
Algeria,"Min. of Agriculture, Rural Development, & Fisheries",Yacine WALID,9/16/2025
Algeria,Min. of Communication,Zoheir BOUAMAMA,9/16/2025
Algeria,Min. of Culture & Arts,Malika BENDOUDA,9/16/2025
Algeria,Min. for Digitization & Statistics,Meriem BENMILOUD,9/16/2025
Algeria,Min. of Domestic Trade & Market Regulation,Amel ABDELATIF,9/16/2025
Algeria,Min. of Energy & Renewables,Mourad ADJAL,9/16/2025
Algeria,Min. of Environment,Kaouthar KRIKOU,9/16/2025
Algeria,Min. of Finance,Abdelkrim BOUZERD,9/16/2025
Algeria,Min. of Financial Resources,Tahar DERBAL,9/16/2025
Algeria,Min. of Foreign Affairs & Diaspora,Ahmed ATTAF,9/16/2025
Algeria,Min. of Foreign Trade & Exports,Kamel REZIG,9/16/2025
Algeria,"Min. of Health, Population, & Hospital Reform",Mohamed AIT MESOUDANE,9/16/2025
Algeria,Min. of Higher Education & Scientific Research,Kamel BIDARI,9/16/2025
Algeria,"Min. of Housing, Urban Planning, City, & Territorial Development",Mohamed Tarek BELARIBI,9/16/2025
Algeria,Min. of Hydrocarbons & Mines,Mohamed ARKAB,9/16/2025
Algeria,Min. of Industry,Yahia BACHIR,9/16/2025
Algeria,"Min. of Interior, Local Authorities, & Transport",Said SAYOUD,9/16/2025
Algeria,Min. of Justice & Keeper of Seals,Lotfi BOUDJEMAA,9/16/2025
Algeria,"Min. for the Knowledge Economy, Microenterprises, & Startups",Noureddine WADDAH,9/16/2025
Algeria,"Min. of Labor, Employment, & Social Security",Abdelhak SAIHI,9/16/2025
Algeria,Min. of National Defense,Abdelmadjid TEBBOUNE,9/16/2025
Algeria,Min. of National Education,Mohamed EL-SAADAOUI,9/16/2025
Algeria,"Min. of National Solidarity, Family, & Status of Women",Souraya MOULOUDJI,9/16/2025
Algeria,Min. for the Pharmaceutical Industry,Wassim GOUIDRI,9/16/2025
Algeria,Min. of Post & Telecommunications,Sid Ali ZERROUKI,9/16/2025
Algeria,Min. of Public Works & Infrastructure,Abdelkader JELLAOUI,9/16/2025
Algeria,Min. of Parliamentary Relations,Najiba DJILALI,9/16/2025
Algeria,Min. of Religious Affairs & Endowments (Awqaf),Youcef BELMEHDI,9/16/2025
Algeria,Min. of Sports,Walid SADI,9/16/2025
Algeria,"Min. of Tourism, Handicrafts, & Family Work",Houria MEDDAHI,9/16/2025
Algeria,Min. of Vocational Training & Education,Nassima ARHAB,9/16/2025
Algeria,Min. of War Veterans & Rights-Holders,Laid REBIGUA,9/16/2025
Algeria,Min. of Water Resources,Taha DERBAL,9/16/2025
Algeria,Min. of Youth,Mustapha HIDAOUI,9/16/2025
Algeria,"Minister-Delegate of National Defense; Chief of Staff, People's National Army",Said CHANEGRIHA,9/16/2025
Algeria,Sec. Gen. of the Cabinet,Yahya BOUKHARI,9/16/2025
Algeria,Ambassador to the US,Sabri BOUKADOUM,9/16/2025
Algeria,"Permanent Representative to the UN, New York",Amar BENDJAMA,9/16/2025
Andorra,Head of State (Co-Prince),Emmanuel MACRON,3/10/2021
Andorra,Head of State (Co-Prince),"Joan-Enric VIVES i SICILIA, Bishop",3/10/2021
Andorra,Head of Govt.,Xavier ESPOT Zamora,3/10/2021
Andorra,Min. of Culture and Sports,Silvia RIVA GONZALEZ,3/10/2021
Andorra,Min. of Education & Higher Education,Ester VILARRUBLA ESCALES,3/10/2021
Andorra,"Min. of Environment, Agriculture, & Sustainability",Silvia CALVO ARMENGOL,3/10/2021
Andorra,Min. of Finance and Spokesman,Eric JOVER COMAS,3/10/2021
Andorra,Min. of Foreign Affairs,Maria UBACH i FONT,3/10/2021
Andorra,Min. of Health,Juan Martinez BENAZET,3/10/2021
Andorra,Min. of Justice and Homeland,Josep Maria ROSSELL Pons,3/10/2021
Andorra,"Min. of the Presidency, Economy, & Business",Jordi GALLARDO FERNANDEZ,3/10/2021
Andorra,Min. of Public Function and Administration Reform,Judith PALLARES CORTES,3/10/2021
Andorra,"Min. of Social Affairs, Housing, & Youth",Victor FILLOY FRANCO,3/10/2021
Andorra,Min. of Territorial Planning,Jordi TORRES FALCO,3/10/2021
Andorra,Min. of Tourism,Veronica CANALS RIBA,3/10/2021
Andorra,Ambassador to the US,Elisenda VIVES BALMANA,3/10/2021
Andorra,"Permanent Representative to the UN, New York",Elisenda VIVES BALMANA,3/10/2021
Angola,Pres.,Joao Manuel Goncalves LOURENCO,5/8/2024
Angola,Vice Pres.,Esperanca Francisco DA COSTA,5/8/2024
Angola,Min. of State and Chief of the Military House of the President,Francisco Pereira FURTADO,5/8/2024
Angola,Min. of State and Chief of Staff of the President of the Republic,Adao Francisco Correia de ALMEIDA,5/8/2024
Angola,Min. of State for Economic Coordination,Jose de Lima MASSANO,5/8/2024
Angola,Min. of State for Social Affairs,Dalva Mauricia Calombo RINGOTE ALLEN,5/8/2024
Angola,Min. of Agriculture & Forestry,Antonio Francisco de ASSIS,5/8/2024
Angola,Min. of Culture & Tourism,Felipe Silva de Pina ZAU,5/8/2024
Angola,Min. of Economy & Planning,Mario Caetano JOAO,5/8/2024
Angola,Min. of Education,Luisa Maria Alves GRILO,5/8/2024
Angola,Min. of Energy & Water,Joao Baptista BORGES,5/8/2024
Angola,Min. of Environment,Ana Paula Chantre Luna de CARVALHO,5/8/2024
Angola,Min. of External Relations,Tete ANTONIO,5/8/2024
Angola,Min. of Finance,Vera Esperanca dos Santos DAVES de Sousa,5/8/2024
Angola,Min. of Fisheries & Marine Resources,Carmen Sacramento NETO,5/8/2024
Angola,Min. of Health,Silvia Paula Valentim LUTUCUTA,5/8/2024
Angola,"Min. of Higher Education, Science, Technology, & Innovation",Maria do Rosario Braganca SAMBO,5/8/2024
Angola,Min. of Industry & Commerce,Victor Francisco dos Santos FERNANDES,5/8/2024
Angola,Min. of Interior,Eugenio Cesar LABORINHO,5/8/2024
Angola,Min. of Justice & Human Rights,Marcy Claudio LOPES,5/8/2024
Angola,"Min. of Mineral Resources, Oil, & Gas",Diamantino Pedro AZEVEDO,5/8/2024
Angola,Min. of National Defense and Veterans of the Fatherland,Joao Ernesto DOS SANTOS “Liberdade”,5/8/2024
Angola,"Min. of Public Administration, Labor, & Social Security",Teresa Rodrigues DIAS,5/8/2024
Angola,"Min. of Public Works, Urban Planning, & Housing",Carlos Alberto Gregorio DOS SANTOS,5/8/2024
Angola,"Min. of Social Action, Family, & Promotion of Women",Ana Paula do SACRAMENTO NETO,5/8/2024
Angola,"Min. of Telecommunications, Information Technology, & Media",Mario Augusto da Silva OLIVEIRA,5/8/2024
Angola,Min. of Territorial Administration,Dionisio Manuel da FONSECA,5/8/2024
Angola,Min. of Transportation,Ricardo Daniel Sandao Queiros Viegas de ABREU,5/8/2024
Angola,Min. of Youth & Sports,Palmira Leitao BARBOSA,5/8/2024
Angola,Sec. of the Council of Ministers,Ana Maria de SOUSA E SILVA,5/8/2024
Angola,"Governor, National Bank of Angola",Manuel Tiago DIAS,5/8/2024
Angola,Attorney Gen.,Helder Fernando Pitta GROS,5/8/2024
Angola,Ambassador to the US,Agostinho de Carvalho dos Santo VAN-DUNEM,5/8/2024
Angola,"Permanent Representative to the UN, New York",Francisco Jose DA CRUZ,5/8/2024
Antigua and Barbuda,Governor Gen.,"Rodney WILLIAMS, Dr.",9/25/2024
Antigua and Barbuda,Prime Min.,Gaston BROWNE,9/25/2024
Antigua and Barbuda,"Min. for Education, Creative Industries, & Sport",Daryll MATTHEW,9/25/2024
Antigua and Barbuda,"Min. of Finance, Corporate Governance, & Public-Private Partnerships",Gaston BROWNE,9/25/2024
Antigua and Barbuda,"Min. of Foreign Affairs, Agriculture, Trade, Immigration, & Barbuda Affairs",Chet GREENE,9/25/2024
Antigua and Barbuda,"Min. of Health, Wellness, Social Transformation & the Environment",Molwyn JOSEPH,9/25/2024
Antigua and Barbuda,"Min. for Housing, Works, Lands, & Urban Renewal",Maria BROWNE,9/25/2024
Antigua and Barbuda,"Min. of Information, Communication, Technologies, Utilities, & Energy",Melford NICHOLAS,9/25/2024
Antigua and Barbuda,"Min. of Legal Affairs, Public Safety, Immigration, & Labor",Steadroy BENJAMIN,9/25/2024
Antigua and Barbuda,"Min. of Tourism, Civil Aviation, Transportation, & Investment",Charles FERNANDEZ,9/25/2024
Antigua and Barbuda,Attorney Gen.,Steadroy BENJAMIN,9/25/2024
Antigua and Barbuda,Ambassador to the US,Ronald SANDERS,9/25/2024
Antigua and Barbuda,"Permanent Representative to the UN, New York",Walton WEBSON,9/25/2024
Argentina,Pres.,Javier MILEI,12/2/2025
Argentina,Vice Pres.,Victoria VILLARRUEL,12/2/2025
Argentina,Chief of Cabinet,Manuel ADORI,12/2/2025
Argentina,Sec. Gen. of the Presidency,Karina MILEI,12/2/2025
Argentina,Min. of Defense,"Carlos PRESTI, Lt. Gen.",12/2/2025
Argentina,Min. of Deregulation and State Transformation,Federico STURZENEGGER,12/2/2025
Argentina,Min. of Economy,Luis CAPUTO,12/2/2025
Argentina,"Min. of Foreign Relations, International Trade, & Worship",Pablo QUIRNO,12/2/2025
Argentina,Min. of Health,Mario LUGONES,12/2/2025
Argentina,Min. of Human Capital,Sandra PETTOVELLO,12/2/2025
Argentina,Min. of Interior,Diego SANTILLI,12/2/2025
Argentina,Min. of Justice,Mariano CUNEO LIBARONA,12/2/2025
Argentina,Min. of Security,Alejandra MONTEOLIVIA,12/2/2025
Argentina,"Pres., Central Bank",Santiago BAUSILI,12/2/2025
Argentina,Ambassador to the US,Alejandro Carlos Francisco OXENFORD,12/2/2025
Argentina,"Permanent Representative to the UN, New York",Francisco TROPEPI,12/2/2025
Armenia,Pres.,Vahagn KHACHATURYAN,11/28/2025
Armenia,Prime Min.,Nikol PASHINYAN,11/28/2025
Armenia,Dep. Prime Min.,Mher GRIGORYAN,11/28/2025
Armenia,Dep. Prime Min.,Tigran KHACHATRYAN,11/28/2025
Armenia,President's Chief of Staff,,11/28/2025
Armenia,Prime Minister's Chief of Staff,Arayik HARUTYUNYAN,11/28/2025
Armenia,Min. of Defense,Suren PAPIKYAN,11/28/2025
Armenia,Min. of Economy,Gevorg PAPOYAN,11/28/2025
Armenia,"Min. of Education, Science, Culture, & Sport",Zhanna ANDREASYAN,11/28/2025
Armenia,Min. of Environment,Hakob SIMIDYAN,11/28/2025
Armenia,Min. of Finance,Vahe HOVHANNISYAN,11/28/2025
Armenia,Min. of Foreign Affairs,Ararat MIRZOYAN,11/28/2025
Armenia,Min. of Health,Anahit AVANESYAN,11/28/2025
Armenia,Min. of High-Tech Industry,Mkhitar HAYRAPETYAN,11/28/2025
Armenia,Min. of Internal Affairs,Arpine SARGSYAN,11/28/2025
Armenia,Min. of Justice,Srbuhi GALYAN,11/28/2025
Armenia,Min. of Labor & Social Affairs,Arsen TOROSYAN,11/28/2025
Armenia,Min. of Territorial Administration & Infrastructure,David KHUDATYAN,11/28/2025
Armenia,"Chmn., Central Bank of Armenia",Martin GALSTYAN,11/28/2025
Armenia,Ambassador to the US,Narek MKRTCHYAN,11/28/2025
Armenia,"Permanent Representative to the UN, New York",Paruyr HOVHANNISYAN,11/28/2025
Aruba,Governor,Alfonso BOEKHOUDT,11/17/2022
Aruba,Prime Min.,Evelyn WEVER-CROES,11/17/2022
Aruba,"Min. of Economic Affairs, Communication, & Sustainable Development",Geoffrey WEVER,11/17/2022
Aruba,Min. of Education & Sports,Endy CROES,11/17/2022
Aruba,Min. of Finance & Culture,Xiomara MADURO,11/17/2022
Aruba,Min. of Health & Tourism,Danguillaume ODUBER,11/17/2022
Aruba,"Min. of Integrity, Nature, Transport, & Elderly Care",Ursell ARENDS,11/17/2022
Aruba,Min. of Justice & Social Affairs,Rocco TJON,11/17/2022
Aruba,"Min. of Labour, Integration, & Energy",Glenbert CROES,11/17/2022
Aruba,Attorney Gen.,Barbara VAN SLUIS,11/17/2022
Aruba,"Pres., Central Bank",Jeanette SEMELEER,11/17/2022
Australia,Governor Gen.,Sam MOSTYN,8/15/2025
Australia,Prime Min.,Anthony ALBANESE,8/15/2025
Australia,Dep. Prime Min.,Richard MARLES,8/15/2025
Australia,Min. for Aged Care & Seniors,Sam RAE,8/15/2025
Australia,"Min. for Agriculture, Fisheries & Forestry",Julie Collins,8/15/2025
Australia,Min. for Arts,Tony BURKE,8/15/2025
Australia,Min. for Climate Change & Energy,Chris BOWEN,8/15/2025
Australia,Min. for Cities,Clare O’NEIL,8/15/2025
Australia,Min. for Communications,Anika WELLS,8/15/2025
Australia,Min. for Cybersecurity,Tony BURKE,8/15/2025
Australia,Min. for Defense,Richard MARLES,8/15/2025
Australia,Min. for Defense Industry,Pat CONROY,8/15/2025
Australia,Min. for Defense Personnel,Matt KEOGH,8/15/2025
Australia,Min. for Disability & the National Disability Insurance Scheme,Mark BUTLER,8/15/2025
Australia,Min. for Early Childhood Education,Jess WALSH,8/15/2025
Australia,Min. for Education,Jason CLARE,8/15/2025
Australia,Min. for Emergency Management,Kristy MCBAIN,8/15/2025
Australia,Min. for Employment & Workplace Relations,Amanda RISHWORTH,8/15/2025
Australia,Min. for Environment & Water,Murray WATT,8/15/2025
Australia,Min. for Finance,Katy GALLAGHER,8/15/2025
Australia,Min. for Financial Services,Daniel MULINO,8/15/2025
Australia,Min. for Foreign Affairs,Penny WONG,8/15/2025
Australia,Min. for Govt. Services,Kathy GALLAGHER,8/15/2025
Australia,Min. for Health & Ageing,Mark BUTLER,8/15/2025
Australia,Min. for Home Affairs,Tony BURKE,8/15/2025
Australia,Min. for Homelessness,Clare O’NEIL,8/15/2025
Australia,Min. for Housing,Clare O’NEIL,8/15/2025
Australia,Min. for Immigration & Citizenship,Tony BURKE,8/15/2025
Australia,Min. for Indigenous Australians,Malarndirri MCCARTHY,8/15/2025
Australia,Min. for Industry & Innovation,Tim AYRES,8/15/2025
Australia,"Min. for Infrastructure, Transport, Regional Development, & Local Government",Catherine KING,8/15/2025
Australia,Min. for International Development,Anne ALY,8/15/2025
Australia,Min. for Multicultural Affairs,Anne ALY,8/15/2025
Australia,Min. for the National Disability Insurance Scheme,Jenny MCALLISTER,8/15/2025
Australia,Min. for Northern Australia,Madeleine KING,8/15/2025
Australia,Min. for Pacific Island Affairs,Pat CONROY,8/15/2025
Australia,Min. for Public Service,Katy GALLAGHER,8/15/2025
Australia,"Min. for Regional Development, Local Government, & Territories",Kristy MCBAIN,8/15/2025
Australia,Min. for Resources,Madeleine KING,8/15/2025
Australia,Min. for Science,Tim AYRES,8/15/2025
Australia,Min. for Skills & Training,Andrew GILES,8/15/2025
Australia,Min. for Small Business,Anne ALY,8/15/2025
Australia,Min. for Social Services,Tanya PLIBERSEK,8/15/2025
Australia,Min. for Sport,Anika WELLS,8/15/2025
Australia,Min. for Trade & Tourism,Don FARRELL,8/15/2025
Australia,Min. for Veterans' Affairs,Matt KEOGH,8/15/2025
Australia,Min. for Women,Katy GALLAGHER,8/15/2025
Australia,Min. for Youth,Jess WALSH,8/15/2025
Australia,Treasurer,Jim CHALMERS,8/15/2025
Australia,Attorney Gen.,Michelle ROWLAND,8/15/2025
Australia,"Governor, Reserve Bank of Australia",Michele BULLOCK,8/15/2025
Australia,Ambassador to the US,Kevin RUDD,8/15/2025
Australia,"Permanent Representative to the UN, New York",James LARSEN,8/15/2025
Austria,Pres.,Alexander VAN DER BELLEN,7/29/2025
Austria,Chancellor,Christian STOCKER,7/29/2025
Austria,"Vice Chancellor, Min. for Housing, Arts, Culture, Media and Sport",Andreas BABLER,7/29/2025
Austria,"Min. for Agriculture, Forestry, Climate and Environmental Protection, Regions and Water Management",Norbert TOTSCHNIG,7/29/2025
Austria,"Min. for Arts, Culture, the Civil Service, & Sport",Andreas BABLER,7/29/2025
Austria,"Min. for Climate Action, Environment, Energy, Mobility, Innovation, & Technology",Peter HANKE,7/29/2025
Austria,Min. for Defense,Klaudia TANNER,7/29/2025
Austria,"Min. for Economic Affairs, Energy and Tourism",Wolfgang HATTMANNSDORFER,7/29/2025
Austria,Min. for Education,Christoph WIEDERKEHR,7/29/2025
Austria,"Min. for Europe, Integration, and Family in the Chancellery",Claudia PLAKOLM,7/29/2025
Austria,Min. for European & International Affairs,Beate MEINL-REISINGER,7/29/2025
Austria,Min. for Finance,Markus MARTERBAUER,7/29/2025
Austria,"Min. for Innovation, Mobility and Infrastructure",Peter HANKE,7/29/2025
Austria,Min. for the Interior,Gerhard KARNER,7/29/2025
Austria,Min. for Justice,Anna SPORRER,7/29/2025
Austria,"Min. for Labour, Social Affairs, Health, Care and Consumer Protection",Wolfgang HATTMANNSDORFER,7/29/2025
Austria,"Min. for Social Affairs, Health, Care, & Consumer Protection",Korinna SCHUMANN,7/29/2025
Austria,"Min. for Women, Science & Research",Eva Maria HOLZLEITNER,7/29/2025
Austria,"Governor, Austrian National Bank",Robert HOLZMANN,7/29/2025
Austria,Ambassador to the US,Petra SCHNEEBAUER,7/29/2025
Austria,"Permanent Representative to the UN, New York",Gregor KOESSLER,7/29/2025
Azerbaijan,Pres.,Ilham ALIYEV,2/13/2025
Azerbaijan,First Vice Pres.,Mehriban ALIYEVA,2/13/2025
Azerbaijan,Prime Min.,Ali ASADOV,2/13/2025
Azerbaijan,First Dep. Prime Min.,Yagub EYYUBOV,2/13/2025
Azerbaijan,Dep. Prime Min.,Samir SHARIFOV,2/13/2025
Azerbaijan,Dep. Prime Min.,Shahin MUSTAFAYEV,2/13/2025
Azerbaijan,Min. of Agriculture,Majnun MAMMADOV,2/13/2025
Azerbaijan,Min. of Culture,Adil KARIMLI,2/13/2025
Azerbaijan,Min. of Defense,"Zakir HASANOV, Col. Gen.",2/13/2025
Azerbaijan,Min. of Defense Industry,Vugar MUSTAFAYEV,2/13/2025
Azerbaijan,Min. of Digital Development & Transport,Rashad NABIYEV,2/13/2025
Azerbaijan,Min. of Ecology & Natural Resources,Vacant,2/13/2025
Azerbaijan,Min. of Economy,Mikayil JABBAROV,2/13/2025
Azerbaijan,Min. of Education,Emin AMRULLAYEV,2/13/2025
Azerbaijan,Min. of Emergency Situations,Kamaladdin HEYDAROV,2/13/2025
Azerbaijan,Min. of Energy,Parviz SHAHBAZOV,2/13/2025
Azerbaijan,Min. of Finance,Sahil BABAYEV,2/13/2025
Azerbaijan,Min. of Foreign Affairs,Jeyhun BAYRAMOV,2/13/2025
Azerbaijan,Min. of Health,Teymur MUSAYEV,2/13/2025
Azerbaijan,Min. of Internal Affairs,"Vilayat EYVAZOV, Col. Gen.",2/13/2025
Azerbaijan,Min. of Justice,Farid AHMADOV,2/13/2025
Azerbaijan,Min. of Labor & Social Protection of the Population,Anar ALIYEV,2/13/2025
Azerbaijan,Min. of Youth & Sports,Farid GAYIBOV,2/13/2025
Azerbaijan,"Chmn., Central Bank of the Republic of Azerbaijan",Taleh KAZIMOV,2/13/2025
Azerbaijan,Ambassador to the US,Khazar IBRAHIM,2/13/2025
Azerbaijan,"Permanent Representative to the UN, New York",Tofig MUSAYEV,2/13/2025
Azerbaijan,President's Representative for Climate Issues,Mukhtar BABAYEV,2/13/2025
"Bahamas, The",Prime Min. and Min. of Finance,Philip Edward DAVIS,11/4/2025
"Bahamas, The","Dep. Prime Min. and Min. of Tourism, Investment, & Aviation",Isaac Chester COOPER,11/4/2025
"Bahamas, The",Min. of Agriculture and Marine Resources,Jomo Chaka CAMPBELL,11/4/2025
"Bahamas, The",Min. of Economic Affairs,Michael Brian HALKITIS,11/4/2025
"Bahamas, The",Min. of Education and Technical and Vocational Training,Glenys Margaret E. HANNA-MARTIN,11/4/2025
"Bahamas, The",Min. of Energy and Transport,JoBeth Lillian COLEBY-DAVIS,11/4/2025
"Bahamas, The",Min. for the Environment and Natural Resources,VACANT,11/4/2025
"Bahamas, The",Min. of Foreign Affairs,Frederick Audley MITCHELL,11/4/2025
"Bahamas, The",Min. for Grand Bahama,Ginger Maria MOXEY,11/4/2025
"Bahamas, The",Min. of Health and Wellness,Michael Ronald DARVILLE,11/4/2025
"Bahamas, The",Min. of Housing and Urban Renewal,Keith Ricardo BELL,11/4/2025
"Bahamas, The",Min. of Immigration and National Insurance,Alfred Michael SEARS,11/4/2025
"Bahamas, The",Min. of Labor and the Public Service,Pia Takita GLOVER-ROLLE,11/4/2025
"Bahamas, The",Min. of National Security,Wayne R. MUNROE,11/4/2025
"Bahamas, The","Min. of Social Services, Information, and Broadcasting",Myles Kentworth LARODA,11/4/2025
"Bahamas, The",Min. of Social Services and Urban Development and Leader of Government Business in the House of Assembly,Obediah WILCHCOMBE,11/4/2025
"Bahamas, The",Min. of State for Aviation,Basil Walton MCINTOSH,11/4/2025
"Bahamas, The",Min. of State for the Environment,Zane Enrico LIGHTBOURNE,11/4/2025
"Bahamas, The",Min. of State in the Min. of Housing and Urban Renewal,Lisa Tammy RAHMING,11/4/2025
"Bahamas, The","Min. of Youth, Sports, and Culture",Mario Keith BOWLEG,11/4/2025
"Bahamas, The",Min. of Works and Family Island Affairs,Clay Glennford SWEETING,11/4/2025
"Bahamas, The",Attorney General and Min. of Legal Affairs,Leo Ryan PINDER,11/4/2025
"Bahamas, The",Governor-General,Cynthia A. PRATT,11/4/2025
"Bahamas, The","Governor, Central Bank",John A. ROLLE,11/4/2025
"Bahamas, The",Ambassador to the US,Wendall K. JONES,11/4/2025
"Bahamas, The","Permanent Representative to the UN, New York",Stan O. SMITH,11/4/2025
Bahrain,King,HAMAD bin Isa Al Khalifa,9/22/2022
Bahrain,Prime Min.,SALMAN bin Hamad Al Khalifa,9/22/2022
Bahrain,Dep. Prime Min. & Min. for Infrastructure,KHALID bin Abdallah Al Khalifa,9/22/2022
Bahrain,Min. of Cabinet Affairs,Hamad bin Faisal al-MALKI,9/22/2022
Bahrain,Min. for Defense Affairs,"Abdallah bin Hassan al-NUAYMI, Lt. Gen.",9/22/2022
Bahrain,Min. of Education,"Majid bin Ali Hasan al-NUAYMI, Dr.",9/22/2022
Bahrain,Min. of Electricity & Water Affairs,YASIR bin Ibrahim Humaydan,9/22/2022
Bahrain,Min. of Finance & National Economy,SALMAN BIN KHALIFA bin Salman Al Khalifa,9/22/2022
Bahrain,Min. of Foreign Affairs,"Abd al-Latif bin Rashid al-ZAYANI, Dr.",9/22/2022
Bahrain,Min. of Health,"JALILA bint al-Sayed Jawad Hassan, Dr.",9/22/2022
Bahrain,Min. of Housing & Urban Planning,AMNA bint Ahmed al-Romaihi,9/22/2022
Bahrain,Min. of Industry & Commerce,Zayid bin Rashid al-ZAYANI,9/22/2022
Bahrain,Min. for Information Affairs,"RAMZAN bin Abdallah al-Nuaymi, Dr.",9/22/2022
Bahrain,Min. of Interior,"RASHID bin Abdallah bin Ahmad Al Khalifa, Lt. Gen.",9/22/2022
Bahrain,"Min. of Justice, Islamic Affairs, & Waqf",Nawaf bin Muhammad al-MAAWDA,9/22/2022
Bahrain,Min. of Labor,Jamil Muhammad Ali HUMAYDAN,9/22/2022
Bahrain,Min. of Legal Affairs,Yusif bin Abd al-Hussein KHALAF,9/22/2022
Bahrain,Min. of Municipal Affairs & Agriculture,WAEL bin Naser al-Mubarak,9/22/2022
Bahrain,Min. of Oil & Environment,"MUHAMMAD bin Mubarak bin Dayna, Dr.",9/22/2022
Bahrain,Min. for Shura Council and House of Representative Affairs,Ghanim bin Fadhil al-BUAYNAYN,9/22/2022
Bahrain,Min. of Social Development,Osama bin Ahmed Khalaf al-ASFOOR,9/22/2022
Bahrain,Min. of Sustainable Development,NOOR bint Ali al-Khulaif,9/22/2022
Bahrain,Min. of Tourism,FATIMA bint Jaffer al-Sairafi,9/22/2022
Bahrain,Min. of Transportation & Telecommunication,Muhammad bin Thamer al-KAABI,9/22/2022
Bahrain,Min. of Youth & Sports Affairs,AYMIN Tawfiq al-Muayid,9/22/2022
Bahrain,"Governor, Central Bank of Bahrain",Rashid bin Muhammad al-MARAJ,9/22/2022
Bahrain,Ambassador to the US,Abdulla bin Rashid AL KHALIFA,9/22/2022
Bahrain,"Permanent Representative to the UN, New York",Jamal Faris al-RUWAYI,9/22/2022
Bangladesh,Pres.,Mohammed SHAHABUDDIN Chuppu,4/2/2024
Bangladesh,Prime Min.,Sheikh HASINA,4/2/2024
Bangladesh,Min. of Agriculture,Abdus SHAHID,4/2/2024
Bangladesh,Min. of Civil Aviation & Tourism,Muhammad Faruk KHAN,4/2/2024
Bangladesh,Min. of Commerce,Ahasanul Islam TITU,4/2/2024
Bangladesh,Min. of Defense,Sheikh HASINA,4/2/2024
Bangladesh,Min. of Disaster Management & Relief,Mohibbur RAHMAN,4/2/2024
Bangladesh,Min. of Education,Mohibul Hasan CHOWDHURY,4/2/2024
Bangladesh,"Min. of Environment, Forest, & Climate Change",Saber Hossain CHOWDHURY,4/2/2024
Bangladesh,Min. of Finance,A.H. Mahmood ALI,4/2/2024
Bangladesh,Min. of Fisheries & Livestock,Abdur RAHMAN,4/2/2024
Bangladesh,Min. of Food,Sadhan Chandra MAJUMDER,4/2/2024
Bangladesh,Min. of Foreign Affairs,Mohammed Hasan MAHMUD,4/2/2024
Bangladesh,Min. of Health & Family Welfare,Samanta Lal SEN,4/2/2024
Bangladesh,Min. of Home Affairs,Asaduzzaman Khan KAMAL,4/2/2024
Bangladesh,Min. of Housing & Public Works,Obaidul Muktadir CHOWDHURY,4/2/2024
Bangladesh,Min. of Industries,Nurul Majid Mahmud HUMAYUN,4/2/2024
Bangladesh,Min. of Land,Narayon Chandra CHANDA,4/2/2024
Bangladesh,"Min. of Law, Justice, & Parliamentary Affairs",Anisul HAQUE,4/2/2024
Bangladesh,Min of Liberation War,AKM Mojammel HAQUE,4/2/2024
Bangladesh,"Min. of Local Govt., Rural Development, & Cooperatives",Tazul ISLAM,4/2/2024
Bangladesh,Min. of Planning,Abdus SALAM,4/2/2024
Bangladesh,"Min. of Power, Energy, & Mineral Resources",Sheikh HASINA,4/2/2024
Bangladesh,Min. of Public Admin.,Farhad HOSSAIN,4/2/2024
Bangladesh,Min. of Railways,Zillul HAKIM,4/2/2024
Bangladesh,Min. of Religious Affairs,Faridul Haque KHAN,4/2/2024
Bangladesh,Min. of Road Transport & Bridges,Obaidul QUADER,4/2/2024
Bangladesh,Min. of Science & Technology,Yeafesh OSMAN,4/2/2024
Bangladesh,Min. of Shipping,Khalid Mahmud CHOWDHURY,4/2/2024
Bangladesh,Min. of Social Welfare,Dipu MONI,4/2/2024
Bangladesh,Min. of Textiles & Jute,Jahangir Kabir NANAK,4/2/2024
Bangladesh,Min. of Water Resources,Zaheed FAROOQUE,4/2/2024
Bangladesh,Min. of State for Cultural Affairs,Nazeed Ezaher Khan,4/2/2024
Bangladesh,Min. of State for Expatriates' Welfare & Overseas Employment,Shofiqur Rahman CHOUDHURY,4/2/2024
Bangladesh,Min. of State for Information & Broadcasting,Mohammad Ali ARAFAT,4/2/2024
Bangladesh,Min. of State for Labor & Employment,Nazrul Islam Chowdhury,4/2/2024
Bangladesh,"Min. of State for Posts, Telecommunications, & Information Technology",Zunaid Ahmed PALAK,4/2/2024
Bangladesh,Min. of State for Primary & Mass Education,Rumana ALI,4/2/2024
Bangladesh,"Governor, Bangladesh Bank",Abdur Rouf TALUKDER,4/2/2024
Bangladesh,Ambassador to the US,Muhammad Imran,4/2/2024
Bangladesh,"Permanent Representative to the UN, New York",Muhammad Abdul Muhith,4/2/2024
Barbados,President,Sandra MASON,2/28/2025
Barbados,Prime Min.,Mia Amor MOTTLEY,2/28/2025
Barbados,Deputy Prime Min.,Santia BRADSHAW,2/28/2025
Barbados,Senior Minister in the Prime Minister’s Office,William DUGUID,2/28/2025
Barbados,"Min. of Agriculture, Food, & Nutrition Security",Indar WEIR,2/28/2025
Barbados,Min. of Economic Affairs & Investment,Kay MCCONNEY,2/28/2025
Barbados,Min. of Education & Technological & Vocational Training,Chad BLACKMAN,2/28/2025
Barbados,Min. of Energy & Business Development,Lisa CUMMINS,2/28/2025
Barbados,"Min. of Environment, National Beautification, & the Green and Blue Economy",Adrian FORDE,2/28/2025
Barbados,Min. of Finance & Economic Affairs,Ryan STRAUGHN,2/28/2025
Barbados,Minister of Foreign Affairs & Foreign Trade,Kerrie SYMMONDS,2/28/2025
Barbados,Min. of Health & Wellness,"Jerome WALCOTT, Dr.",2/28/2025
Barbados,Min. of Home Affairs & Information,Wilfred ABRAHAMS,2/28/2025
Barbados,"Min. of Housing, Lands, & Maintenance",Dwight SUTHERLAND,2/28/2025
Barbados,"Min. of Industry, Innovation, Science, & Technology",Jonathan REID,2/28/2025
Barbados,"Min. of Labor, Social Security, & the Third Sector",Colin JORDAN,2/28/2025
Barbados,Min. of Legal Affairs,Dale MARSHALL,2/28/2025
Barbados,Min. of People Empowerment & Elder Affairs,Kirk HUMPHREY,2/28/2025
Barbados,Min. of Tourism & Intl. Transport,Ian GOODING-EDGHILL,2/28/2025
Barbados,Min. of Training and Tertiary Education,Sandra HUSBANDS,2/28/2025
Barbados,"Min. of Transport, Works, & Water Resources",Santia BRADSHAW,2/28/2025
Barbados,"Min. of Youth, Sports, & Community Empowerment",Charles GRIFFITH,2/28/2025
Barbados,Attorney Gen.,Dale MARSHALL,2/28/2025
Barbados,"Governor, Central Bank",Kevin GREENIDGE,2/28/2025
Barbados,Ambassador to the US,Victor FERNANDES,2/28/2025
Barbados,"Permanent Representative to the UN, New York",Francois JACKMAN,2/28/2025
Belarus,Pres.,Alyaksandr LUKASHENKA,7/15/2025
Belarus,Prime Min.,Alyaksandr TURCHYN,7/15/2025
Belarus,First Dep. Prime Min.,Mikalay SNAPKOW,7/15/2025
Belarus,Dep. Prime Min.,Yury SHULEYKA,7/15/2025
Belarus,Dep. Prime Min.,Viktar KARANKEVICH,7/15/2025
Belarus,Dep. Prime Min.,Anatol SIVAK,7/15/2025
Belarus,Dep. Prime Min.,Natallya PYATKEVICH,7/15/2025
Belarus,Min. of Agriculture & Food,Yury HORLAW,7/15/2025
Belarus,Min. of Antimonopoly Regulation & Trade,Artur KARPOVICH,7/15/2025
Belarus,Min. of Architecture & Construction,Alyaksandr STUDNEW,7/15/2025
Belarus,Min. of Communications & Informatization,Kiryl ZALESKI,7/15/2025
Belarus,Min. of Culture,Ruslan CHERNETSKY,7/15/2025
Belarus,Min. of Defense,Viktar KHRENIN,7/15/2025
Belarus,Min. of Economy,Yury CHEBOTAR,7/15/2025
Belarus,Min. of Education,Andrey IVANETS,7/15/2025
Belarus,Min. of Emergency Situations,Vadym SINYAWSKI,7/15/2025
Belarus,Min. of Energy,Dzyanis MAROZ,7/15/2025
Belarus,Min. of Finance,Yuryy SELIVERSTAW,7/15/2025
Belarus,Min. of Foreign Affairs,Maksim RYZHENKOW,7/15/2025
Belarus,Min. of Forestry,Alyaksandr KULIK,7/15/2025
Belarus,Min. of Health,Alyaksandr KHADZHAYEW,7/15/2025
Belarus,Min. of Housing & Communal Services,Henadz TRUBILA,7/15/2025
Belarus,Min. of Industry,Andrey KUZNYATSOW,7/15/2025
Belarus,Min. of Information,Marat MARKAW,7/15/2025
Belarus,Min. of Internal Affairs,Ivan KUBRAKOW,7/15/2025
Belarus,Min. of Justice,Yawheny KAVALENKA,7/15/2025
Belarus,Min. of Labor & Social Protection,Natallya PAVLYUCHENKA,7/15/2025
Belarus,Min. of Natural Resources & Environmental Protection,Syarhey MASLYAK,7/15/2025
Belarus,Min. of Sports & Tourism,Syarhey KAVALCHUK,7/15/2025
Belarus,Min. of Taxes and Duties,Dzimitryy KIYKA,7/15/2025
Belarus,Min. of Transport & Communication,Alyaksey LYAKHNOVICH,7/15/2025
Belarus,"Chief, Presidential Admin.",Dzmitryy KRUTOY,7/15/2025
Belarus,"Chmn., Ctte. for State Security (BKGB)",Ivan TERTEL,7/15/2025
Belarus,"Chmn., National Bank",Raman HALOWCHENKA,7/15/2025
Belarus,"Chmn., State Border Ctte.",Kanstantsin MOLASTAW,7/15/2025
Belarus,Prosecutor Gen.,Andrey SHVED,7/15/2025
Belarus,Ambassador to the US,,7/15/2025
Belarus,"Permanent Representative to the UN, New York",Valyantsin RYBAKOW,7/15/2025
Belgium,King,PHILIPPE,7/28/2025
Belgium,Prime Min.,Bart DE WEVER,7/28/2025
Belgium,Dep. Prime Min.,Jan JAMBON,7/28/2025
Belgium,Dep. Prime Min.,David CLARINVAL,7/28/2025
Belgium,Dep. Prime Min.,Maxime PREVOT,7/28/2025
Belgium,Dep. Prime Min.,Frank VANDENBROUCKE,7/28/2025
Belgium,Dep. Prime Min.,Vincent VAN PETEGHEM,7/28/2025
Belgium,"Min. of Asylum and Migration, Social Integration and Metropolitan Areas",Anneleen VAN BOSSUYT,7/28/2025
Belgium,Min. of Budget and Administrative Simplification,Vincent VAN PETEGHEM,7/28/2025
Belgium,"Min. of Consumer Affairs, Social Fraud and Equal Opportunities",Rob BEENDERS,7/28/2025
Belgium,Min. of Defense and Foreign Trade,Theo FRANCKEN,7/28/2025
Belgium,Min. for Energy,Mathieu BIHET,7/28/2025
Belgium,"Min. of Finance and Combating Fiscal Fraud, Pensions, National Lottery and Cultural Institutions",Jan JAMBON,7/28/2025
Belgium,Min. of Foreign Affairs and Development Cooperation,Maxime PREVOT,7/28/2025
Belgium,Min. of the Interior and Beliris,Bernard QUINTIN,7/28/2025
Belgium,Min. of Justice and North Sea,Annelies VERLINDEN,7/28/2025
Belgium,"Min. of Mobility, Climate and Ecological Transition",Jean-Luc CRUCKE,7/28/2025
Belgium,"Min. of Public Enterprises, Régie des Batiments, Civil Service, Digitalisation, Artificial Intelligence and Privacy",Vanessa MATZ,7/28/2025
Belgium,Min. of Public Health and Social Affairs,Frank VANDENBROUCKE,7/28/2025
Belgium,Min. for the Self-Employeed and Small and Medium Businesses,Eleonore SIMONET,7/28/2025
Belgium,"Min. of Works, Economy and Agriculture",David CLARINVAL,7/28/2025
Belgium,"Governor, National Bank of Belgium",Pierre WUNSCH,7/28/2025
Belgium,Ambassador to the US,Frederic BERNARD,7/28/2025
Belgium,"Permanent Representative to the UN, New York",Sophie DE SMEDT,7/28/2025
Belize,Governor Gen.,Froyla TZALAM,11/20/2025
Belize,Prime Min.,John BRICEÑO,11/20/2025
Belize,Dep. Prime Min.,Cordel HYDE,11/20/2025
Belize,"Min. of Agriculture, Food Security, & New Growth Industries",Rodwell FERGUSON,11/20/2025
Belize,Min. of the Blue Economy & Marine Conservation,Abner Andre PEREZ,11/20/2025
Belize,"Min. of Constitution and Religious Affairs, Indigenous Affairs, & Transportation",Louise ZABANEH,11/20/2025
Belize,"Min. of Education, Science, & Technology",Francis FONSECA,11/20/2025
Belize,"Min. of Finance, Economic Transformation and Investment, Civil Aviation, & E-Governance",John BRICEÑO,11/20/2025
Belize,Min. of Foreign Affairs & Foreign Trade,Francis FONSECA,11/20/2025
Belize,Min. of Health & Wellness,Kevin BERNARD,11/20/2025
Belize,Min. of Home Affairs & Enterprise,Oscar MIRA,11/20/2025
Belize,"Min. of Human Development, Family Support, & Gender Affairs",Thea GARCIA RAMIREZ,11/20/2025
Belize,"Min. of Immigration, Governance, & Labor",Kareem MUSA,11/20/2025
Belize,Min. of Infrastructure Development & Housing,Julius ESPAT,11/20/2025
Belize,Min. of National Defense & Border Security,"Florencio MARIN, Jr.",11/20/2025
Belize,"Min. of Natural Resources, Petroleum, & Mining",Cordel HYDE,11/20/2025
Belize,"Min. of Public Service, Governance, & National Emergency Management Organization (NEMO)",Henry Charles USHER,11/20/2025
Belize,"Min. of Public Utilities, Energy, & Logistics",Michel CHEBAT,11/20/2025
Belize,"Min. of Rural Transformation, Local Government, & Community Development",Oscar REQUENA,11/20/2025
Belize,"Min. of Sustainable Development, Climate Change, & Solid Waste Management",Orlando HABET,11/20/2025
Belize,"Min. of Tourism, Youth, Sports, & Diaspora Relations",Anthony MAHLER,11/20/2025
Belize,Attorney General,Anthony SYLVESTRE,11/20/2025
Belize,"Governor, Central Bank",Kareem MICHAEL,11/20/2025
Belize,Ambassador to the US,Lynn Raymond YOUNG,11/20/2025
Belize,"Permanent Representative to the UN, New York",Carlos Cecil FULLER,11/20/2025
Benin,"President of the Republic, Head of Government, Head of State, Commander in Chief of the Armed Forces",Patrice TALON,12/15/2025
Benin,"Min. of Agriculture, Livestock, & Fisheries",Gaston DOSSOUHOUI,12/15/2025
Benin,Min. of Decentralization & Local Governance,Raphael AKOTEGNON,12/15/2025
Benin,Min. of the Digital Economy & Digitalization,Aurelie Adam Soule ZOUMAROU,12/15/2025
Benin,"Min. of Energy, Water, & Mines",Kegnide Paulin AKPONNA,12/15/2025
Benin,Min. of Environment & Sustainable Development,Jose Didier TONATO,12/15/2025
Benin,Min. of Foreign Affairs,Shegun Adjadi BAKARI,12/15/2025
Benin,Min. of Health,Benjamin HOUNKPATIN,12/15/2025
Benin,Min. of Higher Education & Scientific Research,Eleonore Yayi LADEKAN,12/15/2025
Benin,Min. of Industry & Commerce,Shadiya Alimatou ASSOUMAN,12/15/2025
Benin,Min. of Infrastructure & Transportation,Herve Yves HEHOMEY,12/15/2025
Benin,Min. of Interior & Public Security,Alassane SEIDOU,12/15/2025
Benin,Min. of Justice,Yvon DETCHENOU,12/15/2025
Benin,Min. of Labor & Public Service,Adidjatou MATHYS,12/15/2025
Benin,Min. of National Defense,Fortunet Alain NOUATIN,12/15/2025
Benin,Min. of Nursery & Primary Education,Karimou SALIMANE,12/15/2025
Benin,Min. of Secondary & Technical Education & Vocational Training,Veronique TOGNIFODE,12/15/2025
Benin,Min. of Small & Medium Enterprises & Employment,Modeste KEREKOU,12/15/2025
Benin,Min. of Social Affairs & Micro-Finance,Veronique TOGNIFODE,12/15/2025
Benin,Min. of Sports,Benoit DATO,12/15/2025
Benin,Min. of State in Charge of Development & Coordination of Government Action,Abdoulaye Bio TCHANE,12/15/2025
Benin,Min. of State in Charge of Economy & Finance,Romauld WADAGNI,12/15/2025
Benin,Min. of State & Sec. Gen. of the Presidency,Pascal KOUPAKI,12/15/2025
Benin,"Min. of Tourism, Culture, & Arts",Babalola Jean-Michel Herve ABIMBOLA,12/15/2025
Benin,Ambassador to the US,Agniola AHOUANMENOU,12/15/2025
Benin,"Permanent Representative to the UN, New York",Marc Hermanne Gninadoou ARABA,12/15/2025
Bermuda,Governor,George FERGUSSON,7/5/2022
Bermuda,Premier,Craig CANNONIER,7/5/2022
Bermuda,Min. of Community & Cultural Development,Wayne SCOTT,7/5/2022
Bermuda,Min. of Economic Development,Grant GIBBONS,7/5/2022
Bermuda,Min. of Education,Nalton BRANGMAN,7/5/2022
Bermuda,Min. of Environment & Planning,Sylvan RICHARDS,7/5/2022
Bermuda,Min. of Finance,Everard Trenton RICHARDS,7/5/2022
Bermuda,Min. of Health & Seniors,Patricia GORDON-PAMPLIN,7/5/2022
Bermuda,Min. of Home Affairs,Michael FAHY,7/5/2022
Bermuda,Min. of Legal Affairs,Mark PETTINGILL,7/5/2022
Bermuda,Min. of Public Safety,Michael DUNKLEY,7/5/2022
Bermuda,Min. of Public Works,Trevor MONIZ,7/5/2022
Bermuda,"Min. of Tourism, Development, & Transport",Shawn CROCKWELL,7/5/2022
Bermuda,Min. Without Portfolio,Leah SCOTT,7/5/2022
Bermuda,Attorney Gen.,Mark PETTINGILL,7/5/2022
Bhutan,King,Jigme Khesar Namgyel WANGCHUCK,1/31/2024
Bhutan,Prime Min.,Tshering TOBGAY,1/31/2024
Bhutan,Min. of Agriculture & Livestock,Younten PHUNTSHO,1/31/2024
Bhutan,Min. of Education & Skills Development,Dimple THAPA,1/31/2024
Bhutan,Min. of Energy & Natural Resources,Gem TSHERING,1/31/2024
Bhutan,Min. of Finance,Lekey DORJI,1/31/2024
Bhutan,Min. of Foreign Affairs & External Trade,Dina Nath DHUNGYEL,1/31/2024
Bhutan,Min. of Health,Tandin WANGCHUK,1/31/2024
Bhutan,Min. of Home Affairs,TSHERING,1/31/2024
Bhutan,Min. of Infrastructure & Transport,Chandra GURUNG,1/31/2024
Bhutan,"Min. of Industry, Commerce, & Employment",Namgyal DORJI,1/31/2024
Bhutan,"Governor, Royal Monetary Authority",Dasho PENJORE,1/31/2024
Bhutan,"Permanent Representative to the UN, New York",Doma TSHERING,1/31/2024
Bolivia,Pres.,Rodrigo PAZ Pereira,11/13/2025
Bolivia,Vice Pres.,Edman LARA Montano,11/13/2025
Bolivia,Min. of Defense,Raul Marcelo SALINAS Gamarra,11/13/2025
Bolivia,Min. of Development Planning,Jose Fernando ROMERO Pinto,11/13/2025
Bolivia,Min. of the Economy & Public Finances,Jose Gabriel ESPINOZA Yanez,11/13/2025
Bolivia,Min. of Education,Beatriz Elena GARCIA de Acha,11/13/2025
Bolivia,Min. of the Environment & Interim Min. of Productive Development,Oscar Mario JUSTINIANO Pinto,11/13/2025
Bolivia,Min. of Foreign Affairs,Fernando Hugo ARAMAYO Carrasco,11/13/2025
Bolivia,Min. of Govt.,Marco Antonio OVIEDO Huerta,11/13/2025
Bolivia,Min. of Hydrocarbons & Energy and and Acting Minister of Mining & Metallurgy,Sergio Mauricio MEDINACELLI Monroy,11/13/2025
Bolivia,Min. of Justice & Interim Min. of Cultures,Freddy Alejandro VIDOVICH Falch,11/13/2025
Bolivia,"Min. of Labor, Employment, & Social Security",Edgar MORALES Mamani,11/13/2025
Bolivia,Min. of the Presidency & Interim Min. of Rural Development & Lands,Jose Luis LUPO Flores,11/13/2025
Bolivia,"Min. of Public Works, Services, & Housing",Mauricio ZAMORA Liebers,11/13/2025
Bolivia,Min. of Tourism,Cinthya Martha YANEZ Eid,11/13/2025
Bolivia,"Pres., Central Bank",Roger Edwin ROJAS Ulo,11/13/2025
Bolivia,"Charge d'Affaires, Embassy, Washington",,11/13/2025
Bolivia,"Permanent Representative to the UN, New York",,11/13/2025
Bosnia and Herzegovina,Presidency Member (Bosniak),Denis BECIROVIC,12/5/2023
Bosnia and Herzegovina,Presidency Member (Croat),Zeljko KOMSIC,12/5/2023
Bosnia and Herzegovina,Presidency Member (Serb),Zeljka CVIJANOVIC,12/5/2023
Bosnia and Herzegovina,"Chmn., Council of Ministers",Borjana KRISTO,12/5/2023
Bosnia and Herzegovina,"Dep. Chmn., Council of Ministers, and Min. of Defense",Zukan HELEZ,12/5/2023
Bosnia and Herzegovina,"Dep. Chmn., Council of Ministers, and Min. of Foreign Trade & Economic Relations",Stasa KOSARAC,12/5/2023
Bosnia and Herzegovina,Min. of Civil Affairs,Dubravka BOSNJAK,12/5/2023
Bosnia and Herzegovina,Min. of Defense,Zukan HELEZ,12/5/2023
Bosnia and Herzegovina,Min. of Finance,Srdjan AMIDZIC,12/5/2023
Bosnia and Herzegovina,Min. of Foreign Affairs,Elmedin KONAKOVIC,12/5/2023
Bosnia and Herzegovina,Min. of Foreign Trade & Economic Relations,Stasa KOSARAC,12/5/2023
Bosnia and Herzegovina,Min. of Human Rights & Refugees,Sevlid HURTIC,12/5/2023
Bosnia and Herzegovina,Min. of Justice,Davor BUNOZA,12/5/2023
Bosnia and Herzegovina,Min. of Security,Nenad NESIC,12/5/2023
Bosnia and Herzegovina,Min. of Transport & Communication,Edin FORTO,12/5/2023
Bosnia and Herzegovina,"Governor, Central Bank",Senad SOFTIC,12/5/2023
Bosnia and Herzegovina,Ambassador to the US,Sven ALKALAJ,12/5/2023
Bosnia and Herzegovina,"Permanent Representative to the UN, New York",Zlatko LAGUMDZIJA,12/5/2023
Bosnia and Herzegovina,Pres.,Lidija BRADERA,12/5/2023
Bosnia and Herzegovina,Vice Pres.,Refik LENDO,12/5/2023
Bosnia and Herzegovina,Vice Pres.,Igor STOJANOVIC,12/5/2023
Bosnia and Herzegovina,Prime Min.,Nermin NIKSIC,12/5/2023
Bosnia and Herzegovina,Dep. Prime Min. and Min. of Finance,Toni KRALJEVIC,12/5/2023
Bosnia and Herzegovina,"Dep. Prime Min. and Min. of Development, Entrepreneurship & Crafts",Vojin MIJATOVIC,12/5/2023
Bosnia and Herzegovina,"Min. of Agriculture, Water Industry, & Forestry",Kemal HRNJIC,12/5/2023
Bosnia and Herzegovina,Min. of Culture & Sports,Sanja VLAISAVLJAVIC,12/5/2023
Bosnia and Herzegovina,"Min. of Development, Entrepreneurship & Crafts",Vojin MIJATOVIC,12/5/2023
Bosnia and Herzegovina,Min. of Education & Science,Jasna DURAKOVIC,12/5/2023
Bosnia and Herzegovina,"Min. of Energy, Mining & Industry",Vedran LAKIC,12/5/2023
Bosnia and Herzegovina,Min. of Environment & Tourism,Nasiha POZDER,12/5/2023
Bosnia and Herzegovina,Min. of Finance,Toni KRALJEVIC,12/5/2023
Bosnia and Herzegovina,Min. of Health,Nedeljko RIMAC,12/5/2023
Bosnia and Herzegovina,Min. of Interior,Ramo ISAK,12/5/2023
Bosnia and Herzegovina,Min. of Justice,Vedran SKOBIC,12/5/2023
Bosnia and Herzegovina,Min. of Labor & Social Welfare,Adnan DELIC,12/5/2023
Bosnia and Herzegovina,Min. of the Liberation War Veterans & Disabled Veterans Issues,Nedzad LOKMIC,12/5/2023
Bosnia and Herzegovina,Min. of Refugees & Displaced Persons,Nerin DIZDAR,12/5/2023
Bosnia and Herzegovina,Min. of Trade,Amir HASICEVIC,12/5/2023
Bosnia and Herzegovina,Min. of Transportation & Communications,Andrijana KATIC,12/5/2023
Bosnia and Herzegovina,Min. of Urban Planning,Zeljko NEDIC,12/5/2023
Bosnia and Herzegovina,Pres.,Milorad DODIK,12/5/2023
Bosnia and Herzegovina,Vice Pres.,Davor PRANJIC,12/5/2023
Bosnia and Herzegovina,Vice Pres.,Camil DURAKOVIC,12/5/2023
Bosnia and Herzegovina,Prime Min.,Radovan VISKOVIC,12/5/2023
Bosnia and Herzegovina,Dep. Prime Min. and Min. of Health and Social Protection,Alen SERANIC,12/5/2023
Bosnia and Herzegovina,Dep. Prime Min. and Min. of Justice,Milos BUKEJLOVIC,12/5/2023
Bosnia and Herzegovina,Min. of Agriculture,Savo MINIC,12/5/2023
Bosnia and Herzegovina,Min. of Economic Relations & Coordination,Vojin MITROVIC,12/5/2023
Bosnia and Herzegovina,Min. of Education & Culture,Zeljka STOJIC,12/5/2023
Bosnia and Herzegovina,Min. for European Integration & Intl. Cooperation,Zlatan KLOKIC,12/5/2023
Bosnia and Herzegovina,Min. of Finance,Zora VIDOVIC,12/5/2023
Bosnia and Herzegovina,Min. of Health & Social Protection,Alen SERANIC,12/5/2023
Bosnia and Herzegovina,"Min. of Industry, Energy & Mining",Petar DJOKIC,12/5/2023
Bosnia and Herzegovina,Min. of Interior,Sinisa KARAN,12/5/2023
Bosnia and Herzegovina,Min. of Justice,Milos BUKEJLOVIC,12/5/2023
Bosnia and Herzegovina,Min. of Labor & Veterans Affairs,Danijel EGIC,12/5/2023
Bosnia and Herzegovina,Min. of Public Admin. & Local Self-Govt.,Senka JUJIC,12/5/2023
Bosnia and Herzegovina,Min. of Science & Technology,Zeljko BUDIMIR,12/5/2023
Bosnia and Herzegovina,Min. of Trade & Tourism,Denis SULIC,12/5/2023
Bosnia and Herzegovina,Min. of Transport & Communications,Nedeljko CUBRILOVIC,12/5/2023
Bosnia and Herzegovina,Min. of Urban Planning & Ecology,Bojan VIPOTNIK,12/5/2023
Bosnia and Herzegovina,"Min. of Youth, Families & Sport",Milan UNCANIN,12/5/2023
Botswana,Pres.,Duma BOKO,7/1/2025
Botswana,Vice Pres.,Ndaba GAOLATHE,7/1/2025
Botswana,Min. of Child Welfare & Basic Education,Nono KGAFELA-MOKOKA,7/1/2025
Botswana,"Min. of Defense, Justice, & Security",Kagiso Thomas MMUSI,7/1/2025
Botswana,"Min. of Employment, Labor Productivity, & Skills Development",Mpho BALOPI,7/1/2025
Botswana,"Min. of Environment, Natural Resources Conservation, & Tourism",Phildah KERENG,7/1/2025
Botswana,Min. of Finance,Ndaba GAOLATHE,7/1/2025
Botswana,Min. of Health,Steven MODISE,7/1/2025
Botswana,Min. of Infrastructure & Housing Development,Thapelo MATSHEKA,7/1/2025
Botswana,Min. of Intl. Relations,Phenyo BUTALE,7/1/2025
Botswana,"Min. of Investment, Trade, & Industry",Mmusi KGAFELA,7/1/2025
Botswana,"Min. of Land Management, Water, & Sanitation Services",Kefentse MZWINILA,7/1/2025
Botswana,Min. of Lands & Agriculture,Micus CHIMBOMBI,7/1/2025
Botswana,Min. of Local Govt. & Rural Development,Eric Mothibi MOLALE,7/1/2025
Botswana,"Min. of Mineral Resources, Green Technology, & Energy Security",Lefoko Maxwell MOAGI,7/1/2025
Botswana,"Min. of Nationality, Immigration, & Gender Affairs",Anna Maria MOKGETHI,7/1/2025
Botswana,"Min. of Presidential Affairs, Governance, & Public Admin.",Kabo Neale Sechele MORWAENG,7/1/2025
Botswana,"Min. of Tertiary Education, Research, Science, & Technology",Douglas LETSHOLATHEBE,7/1/2025
Botswana,Min. of Transport & Communications,Thulagano Merafe SEGOKGO,7/1/2025
Botswana,Min. of Youth & Gender,Lesego CHOMBO,7/1/2025
Botswana,Attorney Gen.,Abraham KEETSHABE,7/1/2025
Botswana,"Governor, Bank of Botswana",Moses Dinekere PELAELO,7/1/2025
Botswana,Ambassador to the US,Mpho Churchill MOPHUTING,7/1/2025
Botswana,"Permanent Representative to the UN, New York",Charles MASOLE,7/1/2025
Brazil,Pres.,Luiz Inacio LULA da Silva,9/23/2024
Brazil,Vice Pres.,Geraldo ALCKMIN,9/23/2024
Brazil,Chief of the Civilian House of the Presidency,Rui COSTA,9/23/2024
Brazil,Min. of Agriculture,Carlos FAVARO,9/23/2024
Brazil,Min. of Cities,Jader FILHO,9/23/2024
Brazil,Min. of Communications,Juscelino Rezende FILHO,9/23/2024
Brazil,Min. of Culture,Margareth MENEZES,9/23/2024
Brazil,Min. of Defense,Jose MUCIO Monterio,9/23/2024
Brazil,"Min. of Development, Industry & Trade",Geraldo ALCKMIN,9/23/2024
Brazil,Min. of Education,Camilo SANTANA,9/23/2024
Brazil,Min. of Environment & Climate Change,Marina SILVA,9/23/2024
Brazil,Min. of Family Farming & Agricultural Development,Paulo TEIXEIRA,9/23/2024
Brazil,Min. of Finance,Fernando HADDAD,9/23/2024
Brazil,Min. of Fish & Aquiculture,Andre DE PAULA,9/23/2024
Brazil,Min. of Foreign Affairs,Mauro VIEIRA,9/23/2024
Brazil,Min. of Health,Nisia TRINDADE,9/23/2024
Brazil,Min. of Human Rights,Silvio ALMEIDA,9/23/2024
Brazil,Min. of Indigenous Peoples,Sonia GUAJAJARA,9/23/2024
Brazil,Min. of Institutional Security Cabinet,Marcos Antonio AMARO dos Santos,9/23/2024
Brazil,Min. of Justice & Public Security,Enrique Ricardo LEWANDOWSKI,9/23/2024
Brazil,Min. of Labor,Luiz MARINHO,9/23/2024
Brazil,Min. of Management,Esther DWECK,9/23/2024
Brazil,Min. of Mines & Energy,Alexandre SILVEIRA,9/23/2024
Brazil,Min. of Planning,Simone TIBET,9/23/2024
Brazil,Min. of Ports and Airports,Silvio Costa FILHO,9/23/2024
Brazil,Min. of Racial Equality,Anielle FRANCO,9/23/2024
Brazil,Min. of Regional Development & Integration,Waldez GOES,9/23/2024
Brazil,Min. of Science & Technology,Luciana SANTOS,9/23/2024
Brazil,Min. of Social Development,Wellington DIAS,9/23/2024
Brazil,Min. of Social Security,Carlos LUPI,9/23/2024
Brazil,Min. of Sport,Andre FUFUCA,9/23/2024
Brazil,Min. of Tourism,Daniela DO WAGUINHO,9/23/2024
Brazil,Min. of Transparency & Comptroller Gen. of the Republic,Vinicius CARVALHO,9/23/2024
Brazil,Min. of Transportation,Celso SABINO,9/23/2024
Brazil,Min. of Women,Cida GONCALVES,9/23/2024
Brazil,Sec. Gen. of the Presidency,Marcio MACEDO,9/23/2024
Brazil,Sec. of Justice,Augusto BOTELHO,9/23/2024
Brazil,Sec. of Social Communication,Laercio PORTELA,9/23/2024
Brazil,Sec. of Support for Reconstruction of Rio Grande do Sul,Paulo PIMENTA,9/23/2024
Brazil,Attorney General of the Union,Jorge MESSIAS,9/23/2024
Brazil,"Pres., Central Bank",Roberto CAMPOS NETO,9/23/2024
Brazil,Ambassador to the US,Maria Luiza Ribeiro VIOTTI,9/23/2024
Brazil,"Permanent Representative to the UN, New York",Sergio Franca DANESE,9/23/2024
Brunei,Sultan,"HASSANAL Bolkiah, Sir",5/23/2025
Brunei,Prime Min.,"HASSANAL Bolkiah, Sir",5/23/2025
Brunei,Senior Min. in the Prime Min.’s Office,"Al-Muhtadee BILLAH, Crown Prince",5/23/2025
Brunei,Special Adviser and Min. at the Prime Min.’s Office,Laila Utama ISA bin Ibrahim,5/23/2025
Brunei,Min. at the Prime Min.’s Office & Min. of Finance and Economy II,AMIN Liew bin Abdullah,5/23/2025
Brunei,"Min. of Culture, Youth, & Sports",NAZMI Mohammad,5/23/2025
Brunei,Min. of Defense,"HASSANAL Bolkiah, Sir",5/23/2025
Brunei,Min. at the Prime Minister’s Office and Min. of Defense II,HALBI Muhammad Yussof,5/23/2025
Brunei,Min. of Development,Mohammad Juanda Abullaha RASHID,5/23/2025
Brunei,Min. of Education,"Hajah ROMAIZAH, Dr.",5/23/2025
Brunei,Min. of Energy at the Prime Min.’s Office,MAT SUNY bin Hussein,5/23/2025
Brunei,Min. of Finance & Economy,"HASSANAL Bolkiah, Sir",5/23/2025
Brunei,Min. of Foreign Affairs,"HASSANAL Bolkiah, Sir",5/23/2025
Brunei,Min. of Foreign Affairs II,ERYWAN Yusof,5/23/2025
Brunei,Min. of Health,ISHAM bin Jaafar,5/23/2025
Brunei,Min. of Home Affairs,Ahmaddin Abdullah RAHMAN,5/23/2025
Brunei,Min. of Primary Resources & Tourism,"Abdullah Manaf METUSSIN, Dr.",5/23/2025
Brunei,Min. of Religious Affairs,BADARUDDIN bin Othman,5/23/2025
Brunei,Min. of Transport & Infocommunications,SHAMHARY Mustapha,5/23/2025
Brunei,Dep. Min. of the Department of Energy at the Prime Minister’s Office,MATSATEJO bin Sokiaw,5/23/2025
Brunei,Ambassador to the US,SERBINI Ali,5/23/2025
Brunei,"Permanent Representative to the UN, New York",HAIRANI Tajuddin,5/23/2025
Bulgaria,Pres.,Rumen RADEV,3/27/2025
Bulgaria,Prime Min.,Rosen ZHELYAZKOV,3/27/2025
Bulgaria,Dep. Prime Min.,Atanas ZAFIROV,3/27/2025
Bulgaria,Dep. Prime Min.,Tomislav DONCHEV,3/27/2025
Bulgaria,Dep. Prime Min.,Grozdan KARADJOV,3/27/2025
Bulgaria,Min. of Agriculture & Food,Georgi TAHOV,3/27/2025
Bulgaria,Min. of Culture,Marian BACHEV,3/27/2025
Bulgaria,Min. of Defense,"Atanas ZAPRYANOV, Lt. Gen.",3/27/2025
Bulgaria,Min. of e-Governance,Valentin MUNDROV,3/27/2025
Bulgaria,Min. of Economy & Industry,Petar DILOV,3/27/2025
Bulgaria,Min. of Education & Science,Krasimir VALCHEV,3/27/2025
Bulgaria,Min. of Energy,Zecho STANKOV,3/27/2025
Bulgaria,Min. of Environment & Water,Manol GENOV,3/27/2025
Bulgaria,Min. of Finance,Temenuzhka PETKOVA,3/27/2025
Bulgaria,Min. of Foreign Affairs,Georgi GEORGIEV,3/27/2025
Bulgaria,Min. of Health,Silvi KIRILOV,3/27/2025
Bulgaria,Min. of Innovation & Growth,Tomislav DONCHEV,3/27/2025
Bulgaria,Min. of Interior,Daniel MITOV,3/27/2025
Bulgaria,Min. of Justice,Georgi GEORGIEV,3/27/2025
Bulgaria,Min. of Labor & Social Policies,Borislav GUTSANOV,3/27/2025
Bulgaria,Min. of Regional Development & Public Works,Ivan IVANOV,3/27/2025
Bulgaria,Min. of Tourism,Miroslav BORSOS,3/27/2025
Bulgaria,Min. of Transport & Communications,Grozdan KARADJOV,3/27/2025
Bulgaria,Min. of Youth & Sports,Ivan PESHEV,3/27/2025
Bulgaria,"Gov., Bulgarian National Bank",Dimitar RADEV,3/27/2025
Bulgaria,Ambassador to the US,Georgi PANAYOTOV,3/27/2025
Bulgaria,"Permanent Representative to the UN, New York",Lachezara STOEVA,3/27/2025
Burkina Faso,Pres.,Ibrahim TRAORE,10/25/2024
Burkina Faso,Prime Min.,Apollinaire Joachimson Kyelem de TAMBELA,10/25/2024
Burkina Faso,"Min. of State, Minister of Defence & Veterans Affairs",Kassoum COULIBALY,10/25/2024
Burkina Faso,"Min. of State, Minister of Public Service & Social Protection",Bassolma BAZIE,10/25/2024
Burkina Faso,"Min. of State, Minister of Communication, Culture, Arts & Tourism",R.J. Emmanuel OUEDRAOGO,10/25/2024
Burkina Faso,Min. of Territorial Administration & Mobility,Emile ZERBO,10/25/2024
Burkina Faso,Min. of Economy & Finance,Aboubakar NACANABO,10/25/2024
Burkina Faso,Min. of Security,Mahamadou SANA,10/25/2024
Burkina Faso,"Min. of Foreign Affairs, Regional Cooperation & Burkinabe Abroad",Karamoko Jean Marie TRAORE,10/25/2024
Burkina Faso,"Min. of Agriculture, Animal Resources and Fisheries",Ismael SOMBIE,10/25/2024
Burkina Faso,"Min. of Justice and Human Rights, in charge of Relations with Institutions, Keeper of the Seals",Edasso Rodrigue BAYALA,10/25/2024
Burkina Faso,"Min. of Digital Transition, Posts & Communications",Aminata ZERBO-SABANE,10/25/2024
Burkina Faso,Min. of Humanitarian Action & National Solidarity,Nandy SOME-DIALLO,10/25/2024
Burkina Faso,Min. of Health,Robert Lucien Jean Claude KARGOUGOU,10/25/2024
Burkina Faso,"Min. of Secondary Education, Vocational & Technical Training",Boubakar SAVADOGO,10/25/2024
Burkina Faso,"Min. of Higher Education, Research & Innovation",Adjima THIOMBIANO,10/25/2024
Burkina Faso,"Min. of Environment, Water & Sanitation",Roger BARO,10/25/2024
Burkina Faso,Min. of Urban Planning & Housing,Mikailou SIDIBE,10/25/2024
Burkina Faso,"Min. of Sports, Youth & Employment",Anuuyirtole Roland SOMDA,10/25/2024
Burkina Faso,"Min.-Del. to the Min. of Foreign Affairs, Regional Cooperation & Burkinabe Abroad, in charge of Regional Cooperation",B. Stella Eldine KABRE-KABORE,10/25/2024
Burkina Faso,Min.-Del. to the Min. of the Economy & Finance,Fatoumata BAKO-TRAORE,10/25/2024
Burkina Faso,"Min.-Del. to the Min. of Agriculture, Animal Resources & Fisheries, with responsibility for Animal Resources",Amadou DICKO,10/25/2024
Burkina Faso,Secretary-General of the Government and of the Council of Ministers,Mathias TRAORE,10/25/2024
Burkina Faso,Charge d'Affaires in the US,Edouard BOUDA,10/25/2024
Burkina Faso,"Permanent Representative to the UN, New York",Oumarou GANOU,10/25/2024
Burma,Acting President,"MIN AUNG HLAING, Sr. Gen.",8/4/2025
Burma,"Chmn., State Security and Peace Commission","MIN AUNG HLAING, Sr. Gen.",8/4/2025
Burma,"Vice Chmn., State Security and Peace Commission","SOE WIN, Vice Sr. Gen.",8/4/2025
Burma,"Chief Exec., National Security and Defense Council","AUNG LIN DWE, Ret. Lt. Gen.",8/4/2025
Burma,"Deputy Chief Exec., National Security and Defense Council","YE WIN OO, Gen.",8/4/2025
Burma,Prime Min.,"NYO SAW, Ret. Lt. Gen.",8/4/2025
Burma,Min. of Border Affairs & Ethnic Affairs,"YAR PYAE, Lt. Gen.",8/4/2025
Burma,Min. of Commerce,CHIT SWE,8/4/2025
Burma,Min. of Construction,MYO THANT,8/4/2025
Burma,Min. of Cooperatives & Rural Development,HLA MOE,8/4/2025
Burma,Min. of Defense,"MAUNG MAUNG AYE, Gen.",8/4/2025
Burma,Min. of Education,"CHAW CHAW SEIN, Dr.",8/4/2025
Burma,Min. of Electric Power,NYAN TUN,8/4/2025
Burma,Min. of Energy,KO KO LWIN,8/4/2025
Burma,Min. of Finance and Revenue,"KAN ZAW, Dr.",8/4/2025
Burma,Min. of Foreign Affairs,THAN SWE,8/4/2025
Burma,Min. of Health,"THET KHAING WIN, Dr.",8/4/2025
Burma,Min. of Home Affairs,"TUN TUN NAUNG, Lt. Gen.",8/4/2025
Burma,Min. of Immigration & Population,MYINT KYAING,8/4/2025
Burma,Min. of Industry,"CHARLIE THAN, Dr.",8/4/2025
Burma,Min. of Information,MAUNG MAUNG OHN,8/4/2025
Burma,Min. of Investment & Foreign Economic Relations,"WAH WAH MAUNG, Dr.",8/4/2025
Burma,Min. of Labor,AUNG KYAW HOE,8/4/2025
Burma,Min. of Legal Affairs,"THIDA OO, Dr.",8/4/2025
Burma,Min. of National Planning,"NYO SAW, Ret. Lt. Gen.",8/4/2025
Burma,Min. of Natural Resources & Environmental Conservation,KHIN MAUNG YI,8/4/2025
Burma,Min. of Religious Affairs & Culture,TIN OO LWIN,8/4/2025
Burma,Min. of Science & Technology,"MYO THEIN KYAW, Dr.",8/4/2025
Burma,"Min. of Social Welfare, Relief, & Resettlement","SOE WIN, Dr.",8/4/2025
Burma,Min. of Sports & Youth Affairs & Hotels & Tourism,JENG PHANG NAW TAUNG,8/4/2025
Burma,Min. of Transport & Communications,"MYA TUN OO, Ret. Gen.",8/4/2025
Burma,Min. for the President’s Office,"TIN AUNG SAN, Ret. Gen.",8/4/2025
Burma,Min. for the President’s Office,"KO KO HLAING, Ret. Lt. Col.",8/4/2025
Burma,Min. for the President’s Office,MAUNG MAUNG TIN,8/4/2025
Burma,Min. for the President’s Office,TUN OHN,8/4/2025
Burma,"Governor, Central Bank of Burma",THAN THAN SWE,8/4/2025
Burma,Attorney Gen.,"THIDA OO, Dr.",8/4/2025
Burma,Ambassador to the US,Vacant,8/4/2025
Burma,"Permanent Representative to the UN, New York",KYAW MOE TUN,8/4/2025
Burundi,Pres.,Evariste NDAYISHIMIYE,8/13/2025
Burundi,Vice Pres.,Prosper BAZOMBANZA,8/13/2025
Burundi,Prime Min.,Nestor NTAHONTUYE,8/13/2025
Burundi,Min. of Communication & Media,Gabby BUGAGA,8/13/2025
Burundi,"Min. of Environment, Agriculture, & Livestock",Calinie MBARUSHIMANA,8/13/2025
Burundi,"Min. of Finance, Budget, & Digital Economy",Alain NDIKUMANA,8/13/2025
Burundi,"Min. of Foreign Affairs, Regional Integration, & International Cooperation",Edouard BIZIMANA,8/13/2025
Burundi,"Min. of Infrastructure, Social Housing, Transfer, & Equipment",Jean-Claude NZOBANEZA,8/13/2025
Burundi,"Min. of the Interior, Community Development, & Public Security","Leonidas NDARUZANIYE, Gen.",8/13/2025
Burundi,"Min. of Justice, Human Rights, & Gender",Arthemon KATIHABWA,8/13/2025
Burundi,"Min. of Labor, Civil Service, & Social Security","Gabriel NIZIGAMA, Lt. Gen.",8/13/2025
Burundi,"Min. of Mining, Energy, Industry, Commerce, & Tourism","Hassan KIBEYA, Dr.",8/13/2025
Burundi,Min. of National Defense & Veteran Affairs,Marie-Chantal NIJIMBERE,8/13/2025
Burundi,Min. of National Education & Scientific Research,"Francois HAVYARIMANA, Dr.",8/13/2025
Burundi,Min. of Public Health & AIDS Response,"Lydwine BARADAHANA, Dr.",8/13/2025
Burundi,"Min. of Youth, Sports, & Culture",Lydia NSEKERA,8/13/2025
Burundi,President of the Constitutional Court,Valentin BAGORIKUNDA,8/13/2025
Burundi,"Governor, Central Bank",Edouard-Normand BIGENDAKO,8/13/2025
Burundi,Ambassador to the US,Jean Bosco BAREGE,8/13/2025
Burundi,"Permanent Representative to the UN, New York",Zephyrin MANIRATANGA,8/13/2025
Cabo Verde,Pres.,Jose Maria Pereira NEVES,9/21/2022
Cabo Verde,Prime Min.,Ulisses CORREIA E SILVA,9/21/2022
Cabo Verde,Min. of Agriculture & Environment,Gilberto SILVA,9/21/2022
Cabo Verde,Min. of Communities,Jorge SANTOS,9/21/2022
Cabo Verde,Min. of Culture & Media,Abraao VICENTE,9/21/2022
Cabo Verde,Min. of Education,Amadeu CRUZ,9/21/2022
Cabo Verde,Min. of Finance & Dep. Prime Min.,Olavo CORREIA,9/21/2022
Cabo Verde,"Min. of Foreign Affairs, Cooperation, & Regional Integration",Doutor Rui Alberto de Figueiredo SOARES,9/21/2022
Cabo Verde,Min. of Health & Social Security,Arlindo DO ROSARIO,9/21/2022
Cabo Verde,"Min. of Infrastructure, Spatial Planning, & Housing",Eunice Andrade da Silva Spencer LOPES,9/21/2022
Cabo Verde,Min. of Internal Affairs,Paulo ROCHA,9/21/2022
Cabo Verde,Min. of Justice,Joana ROSA,9/21/2022
Cabo Verde,Min. of the Presidency of the Council of Ministers & Parliamentary Affairs,Filomena Mendes GONCALVES,9/21/2022
Cabo Verde,"Min. of State, Family, Inclusion, & Social Development",Fernando Elisio FREIRE,9/21/2022
Cabo Verde,"Min. of State, of National Defense, & of Territorial Cohesion",Janine Tatiana Santos LELIS,9/21/2022
Cabo Verde,Min. of State Modernization & Public Administration,Edna Manuela Miranda de OLIVEIRA,9/21/2022
Cabo Verde,Min. of Tourism & Transport,Carlos Jorge Duarte SANTOS,9/21/2022
Cabo Verde,Ambassador to the US,Jose Luis LIVRAMENTO,9/21/2022
Cabo Verde,"Permanent Representative to the UN, New York",Julio Cesar FREIRE DE MORAIS,9/21/2022
Cambodia,King,Norodom SIHAMONI,1/3/2025
Cambodia,Prime Min.,HUN MANET,1/3/2025
Cambodia,Permanent Dep. Prime Min. and Min. of the Office of the Council of Ministers,VONGSEY VISSOTH,1/3/2025
Cambodia,Dep. Prime Min. and Min. of Economy and Finance,AUNG PORN MONIROTH,1/3/2025
Cambodia,"Dep. Prime Min. and Min. of Land Management, Urbanization, & Construction",SAY SAMAL,1/3/2025
Cambodia,Dep. Prime Min.,NETH SOVOEUN,1/3/2025
Cambodia,Dep. Prime Min.,SOK CHENDA SOPHEA,1/3/2025
Cambodia,Dep. Prime Min.,SUN CHANTHOL,1/3/2025
Cambodia,Dep. Prime Min. and Min. of Tourism,HUOT HAK,1/3/2025
Cambodia,Dep. Prime Min. and Min. of Interior,SAR SOKHA,1/3/2025
Cambodia,Dep. Prime Min. and Min. of Foreign Affairs & Intl. Cooperation,PRAK SOKHON,1/3/2025
Cambodia,Dep. Prime Min. and Min. of National Defense,TEA SEIHA,1/3/2025
Cambodia,"Dep. Prime Min. and Min. of Education, Youth, & Sport",HANG CHUON NARON,1/3/2025
Cambodia,Dep. Prime Min. and Min. of Justice,KEUT RITH,1/3/2025
Cambodia,Dep. Prime Min.,PRUM SOKHA,1/3/2025
Cambodia,"Min. of Agriculture, Forestry, & Fisheries",DITH TINA,1/3/2025
Cambodia,Min. of Civil Service,HUN MANY,1/3/2025
Cambodia,Min. of Commerce,CHAM NIMMOL,1/3/2025
Cambodia,Min. of Cults & Religious Affairs,CHAY BORIN,1/3/2025
Cambodia,Min. of Culture & Fine Arts,PHOEUNG SAKONA,1/3/2025
Cambodia,Min. of Environment,EANG SOPHALLETH,1/3/2025
Cambodia,Min. of Health,CHHEANG RA,1/3/2025
Cambodia,"Min. of Industry, Science, Technology, & Innovation",HEM VANDY,1/3/2025
Cambodia,Min. of Information,NETH PHEAKTRA,1/3/2025
Cambodia,Min. of Inspection,SOK SOKEN,1/3/2025
Cambodia,Min. of Labor & Vocational Training,HENG SOUR,1/3/2025
Cambodia,Min. of Mines & Energy,KEO RATTANAK,1/3/2025
Cambodia,Min. of Planning,BIN TRACHHEY,1/3/2025
Cambodia,Min. of Posts & Telecommunications,CHEA VANDETH,1/3/2025
Cambodia,Min. of Public Works & Transportation,PENG PONEA,1/3/2025
Cambodia,Min. of Rural Development,CHHAY RITHISEN,1/3/2025
Cambodia,"Min. of Social Affairs, War Veterans, & Youth Rehabilitation",CHEA SOMETHY,1/3/2025
Cambodia,Min. of Water Resources & Meteorology,THOR CHETHA,1/3/2025
Cambodia,Min. of Women's Affairs,"Ing Kantha PHAVI, Dr.",1/3/2025
Cambodia,"Governor, National Bank of Cambodia",CHEA SEREY,1/3/2025
Cambodia,State Secretariat of Civil Aviation,"MAO HAVANNALL, Gen.",1/3/2025
Cambodia,Ambassador to the US,Vacant,1/3/2025
Cambodia,"Permanent Representative to the UN, New York",KEO CHHEA,1/3/2025
Cameroon,Pres.,Paul BIYA,6/5/2024
Cameroon,Prime Min.,Joseph Dion NGUTE,6/5/2024
Cameroon,Sec. Gen. of the Presidency,Ferdinand NGOH NGOH,6/5/2024
Cameroon,Dep. Sec. Gen. of the Presidency,Paul Che ELUNG,6/5/2024
Cameroon,Dep. Sec. Gen. of the Presidency,Moustapha MOHAMADOU,6/5/2024
Cameroon,Min.-Del. at the Presidency in Charge of Defense,Joseph Beti ASSOMO,6/5/2024
Cameroon,Min.-Del. at the Presidency in Charge of Public Contracts,Ibrahim TALBA MALLA,6/5/2024
Cameroon,Min.-Del. at the Presidency in Charge of Relations With the Parliament,Bolvine WAKATA,6/5/2024
Cameroon,Min.-Del. at the Presidency in Charge of the Supreme State Audit Bench,Mba Acha Rose FOMUNDAM,6/5/2024
Cameroon,Min. in Charge of Special Duties at the Presidency,Paul Mingo GHOGHOMU,6/5/2024
Cameroon,Min. in Charge of Special Duties at the Presidency,Hamadou MUSTAPHA,6/5/2024
Cameroon,Min. in Charge of Special Duties at the Presidency,Benoit NDONG SOUMHET,6/5/2024
Cameroon,Min. in Charge of Special Duties at the Presidency,Philippe MBARGA MBOA,6/5/2024
Cameroon,Min. in Charge of Special Duties at the Presidency,Victor Arrey-Nkongho MENGOT,6/5/2024
Cameroon,Min. of Agriculture & Rural Development,Gabriel MBAIROBE,6/5/2024
Cameroon,Min. of Arts & Culture,Pierre Ismael BIDOUNG KPWATT,6/5/2024
Cameroon,Min. of Basic Education,Laurent Serge ETOUNDI NGOA,6/5/2024
Cameroon,Min. of Civil Service & Admin. Reform,Michel Ange ANGOUIN,6/5/2024
Cameroon,Min. of Commerce,Luc Magloire MBARGA ATANGANA,6/5/2024
Cameroon,Min. of Communication,Rene Emmanuel SADI,6/5/2024
Cameroon,Min. of Decentralization & Local Development,George Obam ELANGA,6/5/2024
Cameroon,"Min. of Economy, Planning, & Regional Development",Alamine Ousmane MEY,6/5/2024
Cameroon,Min. of Employment & Professional Training,Issa Tchiroma BAKARY,6/5/2024
Cameroon,"Min. of Environment, Nature Protection, & Sustainable Development",Pierre HELE,6/5/2024
Cameroon,Min. of External Relations,Lejeune MBELLA MBELLA,6/5/2024
Cameroon,Min. of Finance,Louis-Paul MOTAZE,6/5/2024
Cameroon,Min. of Forestry & Wildlife,Jules Doret NDONGO,6/5/2024
Cameroon,Min. of Higher Education,Jacques Fame NDONGO,6/5/2024
Cameroon,Min. of Justice & Keeper of the Seals,Jean de Dieu MOMO,6/5/2024
Cameroon,Min. of Labor & Social Security,Gregroire OWONA,6/5/2024
Cameroon,Min. of Land Tenure & State Property,Henri EYEBE AYISSI,6/5/2024
Cameroon,"Min. of Livestock, Fisheries, & Animal Industries",Doctor TAIGA,6/5/2024
Cameroon,"Min. of Mines, Industry, & Technological Development",Gabriel DODO NDOKE,6/5/2024
Cameroon,Min. of Posts & Telecommunications,Minette Libom Li LIKENG,6/5/2024
Cameroon,Min. of Public Health,Malachie MANAOUDA,6/5/2024
Cameroon,Min. of Public Service & Administrative Reform,Joseph LE,6/5/2024
Cameroon,Min. of Scientific Research & Innovation,Madeleine TCHUENTE,6/5/2024
Cameroon,Min. of Secondary Education,Pauline Lyonga NALOVA,6/5/2024
Cameroon,"Min. of Small and Medium-Sized Enterprises, Social Economy, & Handicrafts",Achille BASSILEKIN III,6/5/2024
Cameroon,Min. of Social Affairs,Pauline Irene NGUENE,6/5/2024
Cameroon,Min. of Sports & Physical Education,Narcisse MOUELLE KOMBI,6/5/2024
Cameroon,Min. of Territorial Admin.,Paul Atanga NJI,6/5/2024
Cameroon,Min. of Tourism & Leisure,Bello Bouba MAIGARI,6/5/2024
Cameroon,Min. of Transport,Zakariaou NJOYA,6/5/2024
Cameroon,Min. of Urban Development & Housing,Celestine Keutcha COURTES,6/5/2024
Cameroon,Min. of Water & Energy Resources,Gaston Eloundou ESSOMBA,6/5/2024
Cameroon,Min. of Women Empowerment & the Family Protection,Marie Theresa Abena ONDOA,6/5/2024
Cameroon,Min. of Youth & Civic Education,Mounouna FOUTSOU,6/5/2024
Cameroon,Sec. of State for the Gendarmerie,Galax Yves Landry ETOGA,6/5/2024
Cameroon,"Governor, Central Bank",Yvon Sana BANGUI,6/5/2024
Cameroon,Ambassador to the US,Henri ETOUNDI Essomba,6/5/2024
Cameroon,"Permanent Representative to the UN, New York",Michel Tommo MONTHE,6/5/2024
Canada,Governor Gen.,Mary SIMON,5/14/2025
Canada,Prime Min.,Mark CARNEY,5/14/2025
Canada,Attorney Gen.,Sean FRASER,5/14/2025
Canada,Min. of Agriculture & Agri-Food,Heath MACDONALD,5/14/2025
Canada,Min. of AI & Digital Innovation,Evan SOLOMON,5/14/2025
Canada,Min. for the Atlantic Canada Opportunities Agency,Sean FRASER,5/14/2025
Canada,Min. for Canada Economic Development for Quebec Regions,Mélanie JOLY,5/14/2025
Canada,Min. of Canadian Identity & Culture,Steven GUILBEAULT,5/14/2025
Canada,Min. for the Canadian Northern Economic Development Agency,Rebecca CHARTRAND,5/14/2025
Canada,Min. for Canada-US Trade,Dominic LEBLANC,5/14/2025
Canada,Min. of Crown-Indigenous Relations,Rebecca ALTY,5/14/2025
Canada,Min. of Emergency Management & Community Resilience,Eleanor OLSZEWSKI,5/14/2025
Canada,Minister of Energy & Natural Resources,Tim HODGSON,5/14/2025
Canada,Min. of Environment & Climate Change,Julie DABRUSIN,5/14/2025
Canada,Min. for the Federal Economic Development Agency for Northern Ontario,Patty HAJDU,5/14/2025
Canada,Min. for the Federal Economic Development Agency for Southern Ontario,Evan SOLOMON,5/14/2025
Canada,Min. of Fisheries,Joanne THOMPSON,5/14/2025
Canada,Min. of Finance & National Revenue,François-Philippe CHAMPAGNE,5/14/2025
Canada,Min. of Foreign Affairs,Anita ANAND,5/14/2025
Canada,Min. of Government Transformation,Joël LIGHTBOUND,5/14/2025
Canada,Min. of Health,Marjorie MICHEL,5/14/2025
Canada,Min. of Housing & Infrastructure,Gregor ROBERTSON,5/14/2025
Canada,"Min. of Immigration, Refugees, & Citizenship",Lena Metlege DIAB,5/14/2025
Canada,Min. of Indigenous Services,Mandy GULL-MASTY,5/14/2025
Canada,Min. of Industry,Mélanie JOLY,5/14/2025
Canada,Min. of Intergovernmental Affairs,Dominic LEBLANC,5/14/2025
Canada,Min. of International Trade,Maninder SIDHU,5/14/2025
Canada,Min. of Jobs & Families,Patty HAJDU,5/14/2025
Canada,Min. of Justice,Sean FRASER,5/14/2025
Canada,Min. of National Defense,David J. MCGUINTY,5/14/2025
Canada,Associate Min. of National Defense,Jill MCKNIGHT,5/14/2025
Canada,Min. of Northern & Arctic Affairs,Rebecca CHARTRAND,5/14/2025
Canada,Min. for Official Languages,Steven GUILBEAULT,5/14/2025
Canada,Min. of One Canadian Economy,Dominic LEBLANC,5/14/2025
Canada,Min. for Pacific Economic Development Canada,Gregor ROBERTSON,5/14/2025
Canada,Min. for Prairies Economic Development Canada,Eleanor OLSZEWSKI,5/14/2025
Canada,Min. of Public Safety,Gary ANANDASANGAREE,5/14/2025
Canada,Min. of Public Works & Procurement,Joël LIGHTBOUND,5/14/2025
Canada,Min. of Transport & Internal Trade,Chrystia FREELAND,5/14/2025
Canada,Min. of Veterans Affairs,Jill MCKNIGHT,5/14/2025
Canada,Min. of Women & Gender Equality,Rechie VALDEZ,5/14/2025
Canada,"Governor, Bank of Canada",Tiff MACKLEM,5/14/2025
Canada,"Pres., King's Privy Council for Canada",Dominic LEBLANC,5/14/2025
Canada,"Pres., Treasury Board",Shafqat ALI,5/14/2025
Canada,"Leader of the Govt., House of Commons",Steven MACKINNON,5/14/2025
Canada,Ambassador to the US,Kirsten HILLMAN,5/14/2025
Canada,"Permanent Representative to the UN, New York",Robert RAE,5/14/2025
Central African Republic,Pres.,Faustin-Archange TOUADERA,8/29/2025
Central African Republic,Prime Min.,Felix MOLOUA,8/29/2025
Central African Republic,"Min. of State for the Disarmament, Demobilization, Reintegration, Repatriation (DDRR) Process and the Implementation of the Political Agreement for Peace and Reconciliation (APPR)",Jean WILLYBIRO-SAKO,8/29/2025
Central African Republic,"Min. of State for Justice, Human Rights Promotion, & Good Governance",Arnaud DJOUBAYE-ABAZENE,8/29/2025
Central African Republic,Min. of Agriculture & Rural Development,Guismala HAMZA,8/29/2025
Central African Republic,"Min. of Arts, Tourism, & Culture",Ngola Frangeise Ramadan MAHATA,8/29/2025
Central African Republic,Min. of Commerce and Industry,Lea Mboua KOYASOUM-DOUMTA,8/29/2025
Central African Republic,Min. of Communication & Media; Spokesperson of the Government,Maxime BALALOU,8/29/2025
Central African Republic,"Min. of Digital Economy, Post, & Telecommunication",Justin GOURNA-ZACKO,8/29/2025
Central African Republic,"Min. of Economy, Planning, and International Cooperation",Richard FILAKOTA,8/29/2025
Central African Republic,Min. of Energy Development & Hydraulic Resources,Arthur Bertrand PIRI,8/29/2025
Central African Republic,Min. of the Environment & Sustainable Development,Thierry KAMACH,8/29/2025
Central African Republic,Min. of Finance & Budget,Herve NDOBA,8/29/2025
Central African Republic,"Min. of Foreign Affairs, Francophonie & Central Africans Abroad",Sylvie BAIPO-TEMON,8/29/2025
Central African Republic,Min. of Health & Population,"Pierre SOMSE, Dr.",8/29/2025
Central African Republic,"Min. of Higher Education, Scientific Research, and Technical Innovation",Jean Laurent SYSSA-MAGALE,8/29/2025
Central African Republic,"Min. of Humanitarian Affairs, Solidarity, & National Reconciliation",Josiane Lima BEMAKA-SOUI,8/29/2025
Central African Republic,Min. of Infrastructure and Public Works,Erie REKOSSE-KAMOT,8/29/2025
Central African Republic,Min. of the Interior & Public Security,Michel Nicaise NASSIN,8/29/2025
Central African Republic,"Min. of Labor, Employment, Social Protection, & Professional Training",Michelle MOUANGA,8/29/2025
Central African Republic,Min. of Livestock & Animal Health,Hassan BOUBA,8/29/2025
Central African Republic,Min. of Mines & Geology,Rufin BENAM-BELTOUNGOU,8/29/2025
Central African Republic,Min. of National Defense and Reconstruction of the Army,Rameaux Claude BIREAU,8/29/2025
Central African Republic,Min. of National Education,Aurelien-Simplice KONGBELET-ZINGAS,8/29/2025
Central African Republic,"Min. for the Promotion of Gender, Women's Protection, Family, & Children","Marthe KIRIMAT, Dr.",8/29/2025
Central African Republic,"Min. of Promotion of Youth, Sports, and Civic Education",Rodolphe Heritier Bonheur DONENG-WANZOUMON,8/29/2025
Central African Republic,Min. of Public Function and Administrative Reform,Marcel DJIMASSE,8/29/2025
Central African Republic,Min. of Equipment and Public Works,Guismala-Amza,8/29/2025
Central African Republic,Min. of Small and Medium Enterprises & Promotion of the Private Sector,Hippolyte Robard NGATE,8/29/2025
Central African Republic,"Min. of Territorial Administration, Decentralization, & Local Development",Bruno YAPANDE,8/29/2025
Central African Republic,Min. of Trade & Industry,Thierry Patrick AKOLOZA,8/29/2025
Central African Republic,Min. of Transport and Civil Aviation,Gontran Ndjono-AHABA,8/29/2025
Central African Republic,"Min. of Urban Planning, Land, City, & Habitat Reform",Nicole NKOUE,8/29/2025
Central African Republic,"Min. of Water and Forests, Hunting, and Fisheries",Gervais MBATA,8/29/2025
Central African Republic,Govt. Sec. Gen. in Charge of Relations With the Institutions of the Republic,Ernest MADA,8/29/2025
Central African Republic,"Governor, Bank of Central African States",Yvon Sana BANGUI,8/29/2025
Central African Republic,Ambassador to the US,Martial NDOUBOU,8/29/2025
Central African Republic,"Permanent Representative to the UN, New York",Marius Aristide Hoja NZESSIOUE,8/29/2025
Chad,President,Mahamat Idriss DEBY Itno,2/12/2025
Chad,Prime Min.,Allamaye HALINA,2/12/2025
Chad,Min. of State,Tahir Hamid NGUILIN,2/12/2025
Chad,Min. of State,Tom ERDIMI,2/12/2025
Chad,Min. of State,Limane MAHAMAT,2/12/2025
Chad,Min. of State,Amina Priscille LONGOH,2/12/2025
Chad,Min. Spokesperson of the Government,Gassim CHERIF,2/12/2025
Chad,Min. of Agricultural Production & Industrialization,Kedha BALLA,2/12/2025
Chad,"Min. of the Armed Forces, Veterans & War Victims",Issakha Maloua DJAMOUS,2/12/2025
Chad,Min. of Commerce & Industry,Guibolo Fanga MATHIEU,2/12/2025
Chad,"Min. of Communication, Digital Economy, & Digitalization",Boukar MICHEL,2/12/2025
Chad,"Min. of Environment, Fisheries, & Sustainable Development",Hassan Bakhit DJAMOUS,2/12/2025
Chad,"Min. of Finance, Budget, Economy, Planning, & International Cooperation",Tahir Hamid NGUILIN,2/12/2025
Chad,"Min. of Foreign Affairs, African Integration, & Chadians Abroad",Abdoulaye Sabre FADOUL,2/12/2025
Chad,"Min. of Higher Education, Scientific Research, & Vocational Training",Tom ERDIMI,2/12/2025
Chad,Min. of Infrastructure & Road Maintenance,Amir Idriss KOURDA,2/12/2025
Chad,"Min. of Justice, Guardian of the Seals, in charge of Human Rights",Youssouf TOM,2/12/2025
Chad,Min. of Land Development & Urban Planning,Assileck Mahamat HALATA,2/12/2025
Chad,Min. of Livestock & Animal Production,Abderahim Awad ATTEIB,2/12/2025
Chad,"Min. of Mines, Petroleum, & Geology",Ndolenodji Alix NAIMBAI,2/12/2025
Chad,"Min. of National Education, Bilingualism, & Civic Promotion",Aboubakar Assidick CHOROMA,2/12/2025
Chad,Min. of Public Health & Prevention,Abdelmadjid Abderahim MAHAMAT,2/12/2025
Chad,Min. of Public Security & Immigration,Ali Ahmat AKHABACH,2/12/2025
Chad,Min. of Public Service & Social Dialogue,Abdoulaye Mbodou MBAMI,2/12/2025
Chad,"Min. of Social Action, Solidarity, & Humanitarian Affairs",Zara Mahamat ISSA,2/12/2025
Chad,Min. of Territorial Administration & Decentralization,Limane MAHAMAT,2/12/2025
Chad,"Min. of Tourism Development, Culture, & Handicrafts",Abakar Rozzi TEGUIL,2/12/2025
Chad,"Min. of Transport, Civil Aviation, & National Meteorology",Fatime Goukouni WEDDEYE,2/12/2025
Chad,Min. of Water & Energy,Patalet Kanabe MARCELIN,2/12/2025
Chad,Min. of Women & Childhood,Amina Prisiclle LONGOH,2/12/2025
Chad,Min. of Youth & Sports,Maide Hamid LONY,2/12/2025
Chad,"Min. Delegate to the Min. of Finance, Budget, Economy, Planning, & International Cooperation",Fatime Haram ACYL,2/12/2025
Chad,"Min. Delegate to the Min. of Foreign Affairs, African Integration, & Chadians Abroad",Fatime Aldjine GARFA,2/12/2025
Chad,Min. Delegate to the Min. of Territorial Administration & Decentralization,Ahmat OUMAR,2/12/2025
Chad,Sec. of State for Finance & Budget,Ali Djadda KAMPARD,2/12/2025
Chad,"Sec. of State for Higher Education, Scientific Research, & Vocational Training",Colette Gabere,2/12/2025
Chad,"Sec. of State for Infrastructure, In Charge of Road Maintenance",Haoua Abdelkarim AHMADAYE,2/12/2025
Chad,Sec. of State for Justice and Human Rights,Aminatou BELLO,2/12/2025
Chad,"Sec. of State for National Education, Bilingualism, & Civic Promotion",Ahmat Youssouf TAHIR,2/12/2025
Chad,"Sec. of State for Petroleum, In Charge of Mines & Geology",Khadidja Hassana ABDOULAYE,2/12/2025
Chad,Sec. of State for Public Health & Prevention,Mbaidedji Dekandji FRANCINE,2/12/2025
Chad,Deputy Sec. Gen. of the Government,Saleh BOURMA,2/12/2025
Chad,Ambassador to the U.S.,Kitoko Gata NGOULOU,2/12/2025
Chad,"Permanent Representative to the UN, New York",Mouctar ABAKAR,2/12/2025
Chile,Pres.,Gabriel BORIC Font,12/23/2025
Chile,Min. Gen. Secretariat of the Presidency,Macarena LOBOS,12/23/2025
Chile,Min. Gen. Secretariat of Govt. (Spokesperson),Camila VALLEJO,12/23/2025
Chile,Min. of Agriculture,Ignacia FERNANDEZ,12/23/2025
Chile,"Min. of Economy, Development, & Tourism",Alvaro GARCIA,12/23/2025
Chile,Min. of Education,Nicolas CATALDO,12/23/2025
Chile,Min. of Energy,Alvaro GARCIA,12/23/2025
Chile,Min. of the Environment,Maisa ROJAS,12/23/2025
Chile,Min. of Finance,Nicolas GRAU,12/23/2025
Chile,Min. of Foreign Affairs,Alberto VAN KLAVEREN,12/23/2025
Chile,Min. of Health,Ximena AGUILERA,12/23/2025
Chile,Min. of Housing & Urban Development,Carlos MONTES,12/23/2025
Chile,Min. of Interior,Alvaro ELIZALDE,12/23/2025
Chile,Min. of Justice & Human Rights,Jaime GAJARDO,12/23/2025
Chile,Min. of Labor & Social Security,Giorgio BOCCARDO Bosoni,12/23/2025
Chile,Min. of Mining,Aurora WILLIAMS,12/23/2025
Chile,Min. of National Assets,Francisco FIGUEROA Cerda,12/23/2025
Chile,"Min. of Culture, Arts, and Heritage",Carolina ARREDONDO,12/23/2025
Chile,Min. of National Defense,Adriana DELPIANO,12/23/2025
Chile,Min. of Public Works,Jessica LOPEZ,12/23/2025
Chile,Min. of Public Security,Luis CORDERO,12/23/2025
Chile,"Min. of Science, Technology, Knowledge, & Innovation",Aldo VALLE,12/23/2025
Chile,Min. of Social Development & Family,Javiera TORO,12/23/2025
Chile,Min. of Sports,Jaime PIZARRO,12/23/2025
Chile,Min. of Transport & Telecommunications,Juan Carlos MUNOZ,12/23/2025
Chile,Min. of Women & Gender Equality,Antonia ORELLANA,12/23/2025
Chile,"Pres., Central Bank",Rosanna COSTA,12/23/2025
Chile,Ambassador to the US,Juan Gabriel VALDES,12/23/2025
Chile,"Permanent Representative to the UN, New York",Paula NARVAEZ Ojeda,12/23/2025
China,Pres.,XI Jinping,8/7/2025
China,Vice Pres.,HAN Zheng,8/7/2025
China,"Premier, State Council",LI Qiang,8/7/2025
China,"Executive Vice Premier, State Council",DING Xuexiang,8/7/2025
China,"Vice Premier, State Council",HE Lifeng,8/7/2025
China,"Vice Premier, State Council",ZHANG Guoqing,8/7/2025
China,"Vice Premier, State Council",LIU Guozhong,8/7/2025
China,"State Councilor, State Council",SHEN Yiqin,8/7/2025
China,"State Councilor, State Council",WANG Xiaohong,8/7/2025
China,"State Councilor, State Council",WU Zhenglong,8/7/2025
China,"Sec. Gen., State Council",WU Zhenglong,8/7/2025
China,"Chmn., Central Military Commission",XI Jinping,8/7/2025
China,"Chmn., National Development & Reform Commission",ZHENG Shanjie,8/7/2025
China,Min. in Charge of the National Health Commission,LEI Haichao,8/7/2025
China,Min. in Charge of the State Ethnic Affairs Commission,PAN Yue,8/7/2025
China,Min. of Agriculture,HAN Jun,8/7/2025
China,Min. of Civil Affairs,LU Zhiyuan,8/7/2025
China,Min. of Commerce,WANG Wentao,8/7/2025
China,Min. of Culture and Tourism,SUN Yeli,8/7/2025
China,Min. of Education,HUAI Jinpeng,8/7/2025
China,Min. of Ecology and Environment,HUANG Runqiu,8/7/2025
China,Min. of Finance,LAN Fo'an,8/7/2025
China,Min. of Foreign Affairs,WANG Yi,8/7/2025
China,Min. of Housing & Urban-Rural Development,NI Hong,8/7/2025
China,Min. of Human Resources & Social Security,WANG Xiaoping,8/7/2025
China,Min. of Industry & Information Technology,LI Lecheng,8/7/2025
China,Min. of Justice,HE Rong,8/7/2025
China,Min. of Natural Resources,WANG Guangha,8/7/2025
China,Min. of National Defense,DONG Jun,8/7/2025
China,Min. of Public Security,WANG Xiaohong,8/7/2025
China,Min. of Science & Technology,YIN Hejun,8/7/2025
China,Min. of State Security,CHEN Yixin,8/7/2025
China,Min. of Supervision,YANG Xiaodu,8/7/2025
China,Min. of Transportation,LIU Wei,8/7/2025
China,Min. of Water Resources,LI Guoying,8/7/2025
China,"Auditor Gen., National Audit Office",HOU Kai,8/7/2025
China,"Governor, People's Bank of China",PAN Gongsheng,8/7/2025
China,Ambassador to the US,XIE Feng,8/7/2025
China,"Permanent Representative to the UN, New York",ZHANG Jun,8/7/2025
China,Chief Executive,John LEE Ka-chieu,8/7/2025
China,Chief Sec. for Admin.,CHAN Kwok-ki,8/7/2025
China,Sec. for Civil Service,Ingrid YEUNG,8/7/2025
China,Sec. for Commerce & Economic Development,Algernon YAU,8/7/2025
China,Sec. for Constitutional & Mainland Affairs,Erick TSANG Kwok-wai,8/7/2025
China,Sec. for Development,Bernadette LINN,8/7/2025
China,Sec. for Education,"Christine CHOI Yuk-lin, Dr.",8/7/2025
China,Sec. for the Environment & Ecology,TSE Chin-wan,8/7/2025
China,Sec. for Finance,Paul CHAN Mo-po,8/7/2025
China,Sec. for Financial Services & the Treasury,Christopher HUI Ching-yu,8/7/2025
China,Sec. for Food & Health,Lo Chung-mau,8/7/2025
China,Sec. for Home Affairs,Alice CHEUNG,8/7/2025
China,Sec. for Innovation & Technology,SUN Dong,8/7/2025
China,Sec. for Justice,Paul LAM Ting-kwok,8/7/2025
China,Sec. for Labor & Welfare,Chris SUN,8/7/2025
China,Sec. for Security,Chris TANG Ping-keung,8/7/2025
China,Sec. for Transport & Logistics,LAM Sai-hung,8/7/2025
China,"Chief Executive, Hong Kong Monetary Authority",Eddie YUE,8/7/2025
China,Chief Justice,Andrew CHEUNG Kui-neng,8/7/2025
China,"Pres., Legislative Council",Andrew LEUNG Kwan-yuen,8/7/2025
China,Commissioner of Police,Raymond SIU Chak-yee,8/7/2025
China,"Commissioner, Independent Commission Against Corruption",Danny WOO Ying-ming,8/7/2025
China,Dir. of Audit,John CHU Nai-cheung,8/7/2025
China,Chief Executive,HO Iat Seng,8/7/2025
China,Sec. for Admin. & Justice,CHEONG Weng Chon,8/7/2025
China,Sec. for Economics & Finance,LEI Wai Nong,8/7/2025
China,Sec. for Security,WONG Sio Chak,8/7/2025
China,Sec. for Social Affairs & Culture,AO Ieong U,8/7/2025
China,Sec. for Transport & Public Works,RAIMUNDO Arrais do Rosrio,8/7/2025
China,Prosecutor Gen.,IP Son Sang,8/7/2025
China,"Pres., Court of Final Appeal",SAM Hou Fai,8/7/2025
China,"Pres., Legislative Assembly",VONG Man Chong,8/7/2025
China,"Commissioner, Audit",HO Veng On,8/7/2025
China,"Commissioner, Independent Commission Against Corruption",CHAN Tsz King,8/7/2025
Colombia,Pres.,Gustavo PETRO Urrego,9/11/2025
Colombia,Vice Pres.,Francia Elena MARQUEZ Mina,9/11/2025
Colombia,Min. of Agriculture & Rural Development,Martha CARVAJALINO,9/11/2025
Colombia,"Min. of Commerce, Industry, & Tourism",Diana MORALES,9/11/2025
Colombia,Min. of Culture,Yannai KADAMANI,9/11/2025
Colombia,Min. of Defense,Pedro Arnulfo SANCHEZ Suarez,9/11/2025
Colombia,Min. of Education,Daniel ROJAS,9/11/2025
Colombia,Min. of the Environment & Sustainable Development,VACANT,9/11/2025
Colombia,Min. of Finance & Public Credit,German AVILA Plazas,9/11/2025
Colombia,Min. of Foreign Relations,Rosa Yolanda VILLAVICENCIO,9/11/2025
Colombia,Min. of Health & Social Protection,Guillermo Alfonso JARAMILLO,9/11/2025
Colombia,"Min. of Housing, City, & Territory",Helga RIVAS Ardila,9/11/2025
Colombia,Min. of Information Technology & Communication,Julian MOLINA,9/11/2025
Colombia,Min. of Interior,Armando BENEDETTI,9/11/2025
Colombia,Min. of Justice & Law,Luis Eduardo MONTEALEGRE,9/11/2025
Colombia,Min. of Labor,Antonio SANGUINO,9/11/2025
Colombia,Min. of Mines & Energy,Edwin PALMA Egea,9/11/2025
Colombia,"Min. of Science, Technology, & Innovation",Yesenia OLAYA Requene,9/11/2025
Colombia,Min. of Sports,Patricia DUQUE,9/11/2025
Colombia,Min. of Transportation,María Fernanda ROJAS Mantilla,9/11/2025
Colombia,Chief of Defense,Francisco Hernando CUBIDES Granados,9/11/2025
Colombia,Attorney Gen.,Luz Adriana CAMARGO Garzon,9/11/2025
Colombia,"Pres., Bank of the Republic",Leonardo VILLAR Gomez,9/11/2025
Colombia,Ambassador to the US,Daniel GARCIA PENA Jaramillo,9/11/2025
Colombia,"Permanent Representative to the UN, New York",Leonor ZALABATA Torres,9/11/2025
Comoros,President,AZALI Assoumani,9/12/2025
Comoros,Secretary General of the Government,Nour El Fath AZALI,9/12/2025
Comoros,Chief of Staff for Defense,Youssoufa Mohamed ALI,9/12/2025
Comoros,"Min. of Agriculture, Fisheries, & Handicrafts","Daniel Ali BANDAR, Dr.",9/12/2025
Comoros,"Min. of Economy, Industry, Investments, Head of Economic Integration",Moustoifa Hassane MOHAMED,9/12/2025
Comoros,"Min of Energy, Water, & Hydrocarbons","Aboubacar Said ANLI, Dr.",9/12/2025
Comoros,Min. of Environment in Charge of Tourism,Abubacar BEN MAHMOUD,9/12/2025
Comoros,"Min. of Finance, Budget, & Banking Sector",Ibrahim Mohamed ABDOURAZAK,9/12/2025
Comoros,Min. of Foreign Affairs & Intl. Cooperation,Mbae MOHAMED,9/12/2025
Comoros,"Min. of Gender Promotion, Solidarity, Information, & Spokesperson of the Government",Fatima AHAMADA,9/12/2025
Comoros,Min. of Health and Social Protection,Ahamadi Sidi NAHOUDA,9/12/2025
Comoros,"Min. of the Interior, Decentralization, & Territorial Administration Responsible for Relations with Institutions",Mohamed Ahamada ASSOUMANI,9/12/2025
Comoros,"Min. of Justice, Islamic Affairs, and Civil Service, Responsible for Human Rights and Public Administrations",Anfani Hamada BACAR,9/12/2025
Comoros,Min. of Maritime & Air Transport,Hassane Alfeine YASMINE,9/12/2025
Comoros,"Min. of National Education, Teachings, Scientific Research, Training, & Occupational Integration",Bacar MVOULANA,9/12/2025
Comoros,"Min. of Posts, Telecommunications, Digital Economy, & Transparency",Oumouri M’madi HASSANE,9/12/2025
Comoros,"Min. of Regional and Town Planning, Responsible for Land Affairs and Land Transport",Chekidine Said MADI,9/12/2025
Comoros,"Min. of Youth, Employment, Labor, Sports, Arts, & Culture",Mohamed El-Had HOUMADI,9/12/2025
Comoros,"Governor, Central Bank",Younoussa IMANI,9/12/2025
Comoros,Ambassador to the US,Issimail CHANFI,9/12/2025
Comoros,"Permanent Representative to the UN, New York",Issimail CHANFI,9/12/2025
"Congo, Democratic Republic of the",Pres.,Felix-Antoine TSHISEKEDI Tshilombohe,8/15/2025
"Congo, Democratic Republic of the",Prime Min.,Judith SUMINWA Tuluka,8/15/2025
"Congo, Democratic Republic of the","Vice Prime Min., Min. of Budget",Adolphe MUZITO,8/15/2025
"Congo, Democratic Republic of the","Vice Prime Min., Min. of Public Service, Modernization of the Administration, & Innovation",Jean-Pierre LIHAU Ebua,8/15/2025
"Congo, Democratic Republic of the","Vice Prime Min., Min. of the Interior, Security, Decentralization, & Customs",Jacquemain SHABANI,8/15/2025
"Congo, Democratic Republic of the","Vice Prime Min., Min. of National Defense & Veterans Affairs",Guy Kabombo MUADIAMVITA,8/15/2025
"Congo, Democratic Republic of the","Vice Prime Min., Min. of the National Economy",Daniel MOKOKO SAMBA,8/15/2025
"Congo, Democratic Republic of the","Vice Prime Min., Min. of Transport, Communication, & Access",Jean-Pierre BEMBA Gombo,8/15/2025
"Congo, Democratic Republic of the",Min. of State of Agriculture & Food Security,Muhindo NZANGI,8/15/2025
"Congo, Democratic Republic of the","Min. of State of Development Assistance, Planning, & Coordination",Guylain NYEMBO,8/15/2025
"Congo, Democratic Republic of the","Min. of State of Foreign Affairs, International Cooperation, & Francophonie",Therese KAYIKWAMBA Wagner,8/15/2025
"Congo, Democratic Republic of the",Min. of State of Hydrocarbons,Acacia BANDUBOLA,8/15/2025
"Congo, Democratic Republic of the",Min. of State of Industry,Aime Boji SANGARA,8/15/2025
"Congo, Democratic Republic of the",Min. of State of Justice & Keeper of the Seals,Guillaume Ngefa ATONGOKO,8/15/2025
"Congo, Democratic Republic of the",Min. of State of National Education & New Citizenship,Raissa MALU DINANGA,8/15/2025
"Congo, Democratic Republic of the",Min. of State of Property Affairs,Acacia BANDUBOLA,8/15/2025
"Congo, Democratic Republic of the",Min. of State for Relations With Parliament,Guy LOANDO,8/15/2025
"Congo, Democratic Republic of the",Min. of State for Rural Development,Gregoire MUTSAIL,8/15/2025
"Congo, Democratic Republic of the","Min. of State of Social Affairs, Humanitarian Actions, & National Solidarity",Eve BAZAIBA,8/15/2025
"Congo, Democratic Republic of the",Min. of State of Urbanism & Housing,Alexis GISARO,8/15/2025
"Congo, Democratic Republic of the",Min. of State of Vocational Training,Marc EKILA,8/15/2025
"Congo, Democratic Republic of the",Min. of Communication & Media,Patrick MUYAYA Katembwe,8/15/2025
"Congo, Democratic Republic of the","Min. of Culture, Arts, & Heritage",Yolande ELEBE Mandembo,8/15/2025
"Congo, Democratic Republic of the",Min. of Digital Economy,Augustin KIBASSA,8/15/2025
"Congo, Democratic Republic of the",Min. of Employment & Work,Ferdinand MASSAMBA,8/15/2025
"Congo, Democratic Republic of the",Min. of Entrepreneurship & Small and Medium Sized Enterprises,Justin KALUMBA,8/15/2025
"Congo, Democratic Republic of the","Min. of Environment, Sustainable Development, & New Climate Economy",Marie NYANGE Ngambo,8/15/2025
"Congo, Democratic Republic of the",Min. of External Trade,Julien PALUKU Kahongya,8/15/2025
"Congo, Democratic Republic of the",Min. of Finance,Doudou FWAMBA LIKUNDE,8/15/2025
"Congo, Democratic Republic of the",Min. of Fishing & Livestock,Jean-Pierre TSHIMANGA Buana,8/15/2025
"Congo, Democratic Republic of the","Min. of Gender, Family, & Children",Micheline OMBAYE,8/15/2025
"Congo, Democratic Republic of the","Min. of Higher Education, Research, & Innovation",Marie-Therese SOMBO,8/15/2025
"Congo, Democratic Republic of the",Min. of Human Rights,Samuel MBEMBA,8/15/2025
"Congo, Democratic Republic of the",Min. of Hydraulic Resources & Electricity,Molendo SAKOMBI,8/15/2025
"Congo, Democratic Republic of the",Min. of Infrastructure & Public Works,John BANZA Lunda,8/15/2025
"Congo, Democratic Republic of the",Min. of Land Affairs,Oneige NSELE,8/15/2025
"Congo, Democratic Republic of the",Min. of Land Use Planning,Jean-Lucien BUSSA,8/15/2025
"Congo, Democratic Republic of the",Min. of Mines,Louis KABAMBA Watum,8/15/2025
"Congo, Democratic Republic of the","Min. of Posts, Telecommunications, & New Technologies",Jose PANDA,8/15/2025
"Congo, Democratic Republic of the","Min. of Public Health, Hygiene, & Social Security","Samuel-Roger KAMBA MULANDA, Dr.",8/15/2025
"Congo, Democratic Republic of the",Min. of Regional Integration,Floribert AZULUNI,8/15/2025
"Congo, Democratic Republic of the",Min. of Sports & Recreation,Didier BUDIMBU Ntubuanga,8/15/2025
"Congo, Democratic Republic of the",Min. of Tourism,Didier MAZENGA,8/15/2025
"Congo, Democratic Republic of the",Min. of Wallet,Julie MBUYI Shiku,8/15/2025
"Congo, Democratic Republic of the",Min. of Youth,Grace KUTINO,8/15/2025
"Congo, Democratic Republic of the","Governor, Central Bank of Congo",Marie-France Malangu KABEDI-MBUYI,8/15/2025
"Congo, Democratic Republic of the",Ambassador to the US,VACANT,8/15/2025
"Congo, Democratic Republic of the","Permanent Representative to the UN, New York",Zenon MUKONGO Ngay,8/15/2025
"Congo, Republic of the",Pres.,Denis SASSOU-Nguesso,12/1/2025
"Congo, Republic of the",Prime Min.,Anatole Collinet MAKOSSO,12/1/2025
"Congo, Republic of the","Min. Attached to the Prime Min., in Charge of State Reform",Joseph Luc OKIO,12/1/2025
"Congo, Republic of the","Min. for the Advancement of Women, the Integration of Women in Development, & the Informal Economy",Ines Nefer Bertille INGANI,12/1/2025
"Congo, Republic of the","Minister of Agriculture, Livestock, & Fisheries",Paul Valentin NGOBO,12/1/2025
"Congo, Republic of the",Min. of Communication & Media and Govt. Spokesperson,Thierry Lezin MOUNGALLA,12/1/2025
"Congo, Republic of the","Min. of Construction, Urbanism, & Housing",Rodrigue Josue NGOUONIMBA,12/1/2025
"Congo, Republic of the","Min. of Cultural, Tourism, Artistic, & Leisure Industry",Lydie PONGAULT,12/1/2025
"Congo, Republic of the","Min. of Economy, Planning, & Regional Integration",Ludovic NGATSE,12/1/2025
"Congo, Republic of the",Min. of Energy & Hydraulics,Emile OUOSSO,12/1/2025
"Congo, Republic of the","Min. of Environment, Sustainable Development, & the Congo Basin",Arlette Soudan NONAULT,12/1/2025
"Congo, Republic of the","Min. of Finance, Budget, & Public Portfolio",Christian YOKA,12/1/2025
"Congo, Republic of the","Min. of Foreign Affairs, of La Francophonie, & Congolese Living Abroad",Jean Claude GAKOSSO,12/1/2025
"Congo, Republic of the",Min. of Forest Economy,Rosalie Matondo,12/1/2025
"Congo, Republic of the",Min. of Health & Population,Jean Rosaire IBARA,12/1/2025
"Congo, Republic of the",Min. of Higher Education,Emmanuelle nee Delphine Edith ADOUKI,12/1/2025
"Congo, Republic of the",Min. of Hydrocarbons,Bruno Jean Richard ITOUA,12/1/2025
"Congo, Republic of the",Min. of Industrial Development & the Promotion of the Private Sector,Antoine Thomas NicFylla SAINT-EUDES,12/1/2025
"Congo, Republic of the","Min. of the Interior, Decentralization, & Local Development",Raymond Zephirin MBOULOU,12/1/2025
"Congo, Republic of the","Min. Attached to the Min. of the Interior, Decentralization, & Local Development",Juste Desir MONDELE,12/1/2025
"Congo, Republic of the",Min. for International Cooperation & the Promotion of Public-Private Partnership,Denis Christel Sassou NGUESSO,12/1/2025
"Congo, Republic of the","Minister of Justice, Human Rights, & the Promotion of Indigenous Peoples and Keeper of the Seals",Ange Aime Wilfrid BININGA,12/1/2025
"Congo, Republic of the",Min. of National Defense,Charles Richard MONDJO,12/1/2025
"Congo, Republic of the","Min. of Posts, Telecommunications, & the Digital Economy",Leon Juste IBOMBO,12/1/2025
"Congo, Republic of the","Min. of Preschool, Elementary, & Secondary Education & Literacy",Jean Luc MOUTOU,12/1/2025
"Congo, Republic of the",Min. of River Economy & Navigable Routes,Honore NSAYI,12/1/2025
"Congo, Republic of the",Min. of Scientific Research & Technological Innovation,Rigobert MABOUNDOU,12/1/2025
"Congo, Republic of the",Min. of Small & Medium-Sized Enterprises & Crafts,Jacqueline Lydia MIKOLO,12/1/2025
"Congo, Republic of the","Min. of Social Affairs, Solidarity, & Humanitarian Action",Irene Marie Cecile Mboukou KIMBATSA nee Goma,12/1/2025
"Congo, Republic of the",Min. of Special Economic Zones & Economic Diversification,Jean Marc Thystere TCHICAYA,12/1/2025
"Congo, Republic of the","Min. of State, Min. for the Civil Service, Labor, & Social Security",Firmin AYESSA,12/1/2025
"Congo, Republic of the","Min. of State, Min. of Commerce, Supply, & Consumption",Claude Alphonse N'SILOU,12/1/2025
"Congo, Republic of the","Min. of State, Min. of Land Affairs & Public Domain, in Charge of Relations with Parliament",Pierre MABIALA,12/1/2025
"Congo, Republic of the","Min. of State, Min. of Mining Industries & Geology",Pierre OBA,12/1/2025
"Congo, Republic of the","Min. of State, Min. of Spatial Planning, Infrastructure, & Road Maintenance",Jean Jacques BOUYA,12/1/2025
"Congo, Republic of the","Min. of State Control, Public Service Quality, & the Fight Against Antivalues",Gilbert MOKOKI,12/1/2025
"Congo, Republic of the",Min. of Technical & Vocational Education,Ghislain Thierry Manguessa EBOME,12/1/2025
"Congo, Republic of the","Min. of Transport, Civil Aviation, & Merchant Marine",Ingrid Olga Ghislaine Ebouka BABACKAS,12/1/2025
"Congo, Republic of the","Min. of Youth & Sports, Civic Education, Qualifying Training, & Employment",Hugues NGOUELONDELE,12/1/2025
"Congo, Republic of the",Ambassador to the US,,12/1/2025
"Congo, Republic of the","Permanent Representative to the UN, New York",Lazare Makayat SAFOUESSE,12/1/2025
Cook Islands,Prime Min.,Mark BROWN,2/22/2024
Cook Islands,Dep. Prime Min.,Albert NICHOLAS,2/22/2024
Cook Islands,Min. of Agriculture,Rose TOKI-BROWN,2/22/2024
Cook Islands,Min. of Audit & Public Expenditure Review Committee,Vaine Makiroa MOKOROA,2/22/2024
Cook Islands,"Min. of Business, Trade, & the Investment Board",Albert NICHOLAS,2/22/2024
Cook Islands,Min. of Cook Islands Investment Corporation,Albert NICHOLAS,2/22/2024
Cook Islands,Min. of Cook Islands National Superannuation,Rose TOKI-BROWN,2/22/2024
Cook Islands,Min. of Cook Islands Pearl Authority,Mark BROWN,2/22/2024
Cook Islands,Min. of Correctional Services,George Maggie ANGENE,2/22/2024
Cook Islands,Min. of Cultural Development,George Maggie ANGENE,2/22/2024
Cook Islands,Min. of Education,Vaine Makiroa MOKOROA,2/22/2024
Cook Islands,Min. of Energy & Renewable Energy,Vacant,2/22/2024
Cook Islands,Min. of Environment Services,Albert NICHOLAS,2/22/2024
Cook Islands,Min. of Finance & Economic Management,Mark BROWN,2/22/2024
Cook Islands,Min. of Financial Intelligence & Supervisory Unit,Vaine Makiroa MOKOROA,2/22/2024
Cook Islands,Min. of Financial Services Development Authority,Vaine Makiroa MOKOROA,2/22/2024
Cook Islands,Min. of Foreign Affairs & Immigration,Tingika ELIKANA,2/22/2024
Cook Islands,Min. of Health,Rose TOKI-BROWN,2/22/2024
Cook Islands,Min. of House of Ariki,George Maggie ANGENE,2/22/2024
Cook Islands,Min. of Infrastructure & Planning,Albert NICHOLAS,2/22/2024
Cook Islands,Min. of Internal Affairs,Rose TOKI-BROWN,2/22/2024
Cook Islands,Min. of Justice,Vaine Makiroa MOKOROA,2/22/2024
Cook Islands,Min. of Marine Resources,Tingika ELIKANA,2/22/2024
Cook Islands,Min. of Outer Islands,Mark BROWN,2/22/2024
Cook Islands,Min. of Outer Islands Special Projects,Vacant,2/22/2024
Cook Islands,Min. of Police,Mark BROWN,2/22/2024
Cook Islands,Min. of Parliamentary Services,Tingika ELIKANA,2/22/2024
Cook Islands,Min. of Public Service Commission,Mark BROWN,2/22/2024
Cook Islands,Min. of Punanga Nui Market,George Maggie ANGENE,2/22/2024
Cook Islands,Min. Responsible for the Head of State,George Maggie ANGENE,2/22/2024
Cook Islands,Min. of Seabed Minerals and Natural Resources,Mark BROWN,2/22/2024
Cook Islands,Min. of Telecommunications,Patrick ARIOKA,2/22/2024
Cook Islands,Min. of Tourism,Patrick ARIOKA,2/22/2024
Cook Islands,Min. of Transport,Albert NICHOLAS,2/22/2024
Cook Islands,Min. of Youth & Sports,Vaine Makiroa MOKOROA,2/22/2024
Cook Islands,Attorney Gen.,Mark BROWN,2/22/2024
Costa Rica,Pres.,Rodrigo Alberto de Jesus CHAVES Robles,4/21/2025
Costa Rica,First Vice Pres.,Stephan BRUNNER,4/21/2025
Costa Rica,Second Vice Pres.,"Mary MUNIVE Angermuller, Dr.",4/21/2025
Costa Rica,Min. of Agriculture & Livestock,Victor CARVAJAL Porras,4/21/2025
Costa Rica,Min. of Communication,Arnold ZAMORA Miranda,4/21/2025
Costa Rica,"Min., Costa Rican Institute of Tourism",William RODRIGUEZ Lopez,4/21/2025
Costa Rica,Min. of Culture & Youth,Jorge RODRIGUEZ Vives,4/21/2025
Costa Rica,"Min. of Economy, Industry, & Trade",Patricia ROJAS Morales,4/21/2025
Costa Rica,Min. of Public Education,Leonardo SANCHEZ Hernandez,4/21/2025
Costa Rica,Min. of Environment & Energy,Franz TATTENBACH Capra,4/21/2025
Costa Rica,Min. of Finance,Nogui ACOSTA Jaen,4/21/2025
Costa Rica,Min. of Foreign Relations & Worship,Arnoldo ANDRE Tinoco,4/21/2025
Costa Rica,Min. of Foreign Trade,Manuel TOVAR Rivera,4/21/2025
Costa Rica,"Min. of Governance, Police, & Public Security",Mario ZAMORA Cordero,4/21/2025
Costa Rica,Min. of Health,"Mary MUNIVE Angermuller, Dr.",4/21/2025
Costa Rica,Min. of Housing & Human Settlements,Angela MATA Montero,4/21/2025
Costa Rica,Min. of Human Development & Social Inclusion,Yorleni LEON Marchena,4/21/2025
Costa Rica,Min. of Justice and Peace,Gerald CAMPOS Valverde,4/21/2025
Costa Rica,Min. of Labor & Social Security,Andres ROMERO Rodriguez,4/21/2025
Costa Rica,Min. of Planning & Economic Policy,Marta Eugenia ESQUIVEL,4/21/2025
Costa Rica,Min. of the Presidency,,4/21/2025
Costa Rica,Min. of Public Works & Transportation,Efraím ZELEDON Leiva,4/21/2025
Costa Rica,"Min. of Science, Innovation, Technology, and Telecommunications (MICITT)",Paula BOGANTES Zamora,4/21/2025
Costa Rica,Min. of Sports,,4/21/2025
Costa Rica,Min. of the Status of Women,Cindy Tatiana QUESADA Hernandez,4/21/2025
Costa Rica,Attorney Gen.,Carlo DIAZ SANCHEZ,4/21/2025
Costa Rica,"Pres., Central Bank",Roger MADRIGAL Lopez,4/21/2025
Costa Rica,Ambassador to the US,Melinda HILDEBRAND,4/21/2025
Costa Rica,"Permanent Representative to the UN, New York",Maritza CHAN Valverde,4/21/2025
Cote d'Ivoire,Pres.,Alassane Dramane OUATTARA,6/5/2024
Cote d'Ivoire,Vice Pres.,Tiemoko Meyliet KONE,6/5/2024
Cote d'Ivoire,Min. to the Pres. of the Republic & Chief of Staff of the Presidency,Fidele SARASSORO,6/5/2024
Cote d'Ivoire,Sec. Gen. of the Presidency of the Republic,Massere TOURE,6/5/2024
Cote d'Ivoire,Prime Min.,Robert BEUGRE MAMBE,6/5/2024
Cote d'Ivoire,Min. of State,Kobenon Kouassi ADJOUMANI,6/5/2024
Cote d'Ivoire,Min. of State,Anne Desiree OULOTO,6/5/2024
Cote d'Ivoire,Min. of State,Tene Birahima OUATTARA,6/5/2024
Cote d'Ivoire,"Min. of Agriculture, Rural Development, & Food Production",Kobenon Kouassi ADJOUMANI,6/5/2024
Cote d'Ivoire,Min. of Animal Resources & Fisheries,Sidi Tiemoko TOURE,6/5/2024
Cote d'Ivoire,Min. of the Civil Service & the Modernization of the Administration,Anne Desiree OULOTO,6/5/2024
Cote d'Ivoire,Min. of Commerce & Industry,Souleymane DIARRASSOUBA,6/5/2024
Cote d'Ivoire,Min. of Communication and Govt. Spokesperson,Amadou COULIBALY,6/5/2024
Cote d'Ivoire,"Min. of Construction, Housing, & Urban Development",Bruno Nabagne KONE,6/5/2024
Cote d'Ivoire,Min. of Culture & Francophone Affairs,Francoise REMARCK,6/5/2024
Cote d'Ivoire,Min. of Defense,Tene Birahima OUATTARA,6/5/2024
Cote d'Ivoire,Min. for Digital Transition & Digitalization,Ibrahim Kalil KONATE,6/5/2024
Cote d'Ivoire,"Min. of Economy, Planning, & Development",Naile KABA,6/5/2024
Cote d'Ivoire,Min. for Employment & Social Protection,Adama KAMARA,6/5/2024
Cote d'Ivoire,"Min. of Environment, Sustainable Development, & Ecological Transition",Jacque Assahore KONAN,6/5/2024
Cote d'Ivoire,Min. of Finance & Budget,Adama COULIBALY,6/5/2024
Cote d'Ivoire,"Min. of Foreign Affairs, African Integration, & Ivoirians Abroad",Kacou Leon ADOM,6/5/2024
Cote d'Ivoire,"Min. of Health, Public Hygiene, & Universal Health Coverage",Pierre DIMBA,6/5/2024
Cote d'Ivoire,"Min. of Heritage, State Portfolio, & Public Enterprises",Moussa SANOGO,6/5/2024
Cote d'Ivoire,Min. of Higher Education & Scientific Research,Adama DIAWARA,6/5/2024
Cote d'Ivoire,"Min. of Hydraulics, Sanitation, & Health",Bouake FOFANA,6/5/2024
Cote d'Ivoire,Min. of Interior & Security,Vagondo DIOMANDE,6/5/2024
Cote d'Ivoire,Min. of Justice & Human Rights and Keeper of the Seals,Sansan KAMBILE,6/5/2024
Cote d'Ivoire,"Min. of Mines, Petroleum, & Energy",Mamadou Sangafowa COULIBALY,6/5/2024
Cote d'Ivoire,"Min. of National Cohesion, Solidarity, & the Fight Against Poverty",Logboh Myss Belmode DOGO,6/5/2024
Cote d'Ivoire,Min. of National Education & Literacy,Mariatou KONE,6/5/2024
Cote d'Ivoire,Min. of Road Equipment & Maintenance,Amede Koffi KOUAKOU,6/5/2024
Cote d'Ivoire,Min. of Sports & Leisure,Robert BEUGRE MAMBE,6/5/2024
Cote d'Ivoire,"Min. of Technical Education, Skills Training, & Apprenticeship",Koffi N’GUESSAN,6/5/2024
Cote d'Ivoire,Min. of Tourism & Leisure,Siandou FOFANA,6/5/2024
Cote d'Ivoire,Min. of Transport,Amadou KONE,6/5/2024
Cote d'Ivoire,Min. of Water & Forests,Laurent TCHAGBA,6/5/2024
Cote d'Ivoire,"Min. for Women, Family, & Children",Nasseneba TOURE,6/5/2024
Cote d'Ivoire,"Min. for the Promotion of Youth, Professional Integration, and Civic Service",Mamadou TOURE,6/5/2024
Cote d'Ivoire,Ambassador to the US,Ibrahima TOURE,6/5/2024
Cote d'Ivoire,"Permanent Representative to the UN, New York",Tiemoko MORIKO,6/5/2024
Croatia,Pres.,Zoran MILANOVIC,7/31/2025
Croatia,Prime Min.,Andrej PLENKOVIC,7/31/2025
Croatia,Deputy Prime Minister and Minister of Croatian Veterans,Tomo MEDVED,7/31/2025
Croatia,Deputy Prime Minister and Minister of Internal Affairs,Davor BOZINOVIC,7/31/2025
Croatia,"Deputy Prime Minister and Minister of the Sea, Transport, and Infrastructure",Oleg BUTKOVIC,7/31/2025
Croatia,Deputy Prime Minister and Minister of Defense,Ivan ANUSIC,7/31/2025
Croatia,"Deputy Prime Minister and Minister of Physical Planning, Construction, and State Assets",Branko BACIC,7/31/2025
Croatia,"Deputy Prime Minister and Minister of Agriculture, Forestry, and Fisheries",David VLAJCIC,7/31/2025
Croatia,Deputy Prime Minister and Minister of Finance,Marko PRIMORAC,7/31/2025
Croatia,Min. of Foreign & European Affairs,Gordan GRLIC-RADMAN,7/31/2025
Croatia,Min. of the Economy,Ante SUSNJAR,7/31/2025
Croatia,Min. of Environmental Protection & Green Transition,Marija VUCKOVIC,7/31/2025
Croatia,"Min. of Justice, Public Administration, & Digital Transformation",Damir HABIJAN,7/31/2025
Croatia,"Min. of Science, Education, & Youth",Radovan FUCHS,7/31/2025
Croatia,Min. of Demography & Immigration,Ivan SIPIC,7/31/2025
Croatia,Min. of Culture & Media,Nina OBULJEN KORZINEK,7/31/2025
Croatia,Min. of Tourism & Sports,Tonci GLAVINA,7/31/2025
Croatia,Min. of Regional Development and European Union Funds,Natasa MIKUS ZIGMAN,7/31/2025
Croatia,"Min. of Labor, the Pension System, Family & Social Policy",Marin PILETIC,7/31/2025
Croatia,Min. of Health,Irena HRSTIC,7/31/2025
Croatia,"Governor, Croatian National Bank",Boris VUJCIC,7/31/2025
Croatia,Ambassador to the US,Pjer SIMUNOVIC,7/31/2025
Croatia,"Permanent Representative to the UN, New York",Vacant,7/31/2025
Cuba,Pres. of the Republic,Miguel DIAZ-CANEL Bermudez,11/7/2024
Cuba,Vice Pres. of the Republic,Salvador Antonio VALDES Mesa,11/7/2024
Cuba,Prime Min.,Manuel MARRERO Cruz,11/7/2024
Cuba,Dep. Prime Min.,Ricardo CABRISAS Ruiz,11/7/2024
Cuba,Dep. Prime Min.,Ines Maria CHAPMAN Waugh,11/7/2024
Cuba,Dep. Prime Min.,Eduardo MARTINEZ Diaz,11/7/2024
Cuba,Dep. Prime Min.,Jorge Luis TAPIA Fonseca,11/7/2024
Cuba,Dep. Prime Min.,Ramiro VALDES Menendez,11/7/2024
Cuba,Secretary of the Council of Ministers,Jose Amado RICARDO Guerra,11/7/2024
Cuba,Min. of Agriculture,Ydael PEREZ Brito,11/7/2024
Cuba,Min. of Communication,Mayra AREVICH Marin,11/7/2024
Cuba,Min. of Construction,Rene MESA Villafana,11/7/2024
Cuba,Min. of Culture,Alpidio ALONSO Grau,11/7/2024
Cuba,Min. of Domestic Trade,Betsy DIAZ Velazquez,11/7/2024
Cuba,Min. of Economy & Planning,Joaquin ALONSO Vazquez,11/7/2024
Cuba,Min. of Education,Naima TRUJILLO Barreta,11/7/2024
Cuba,Min. of Energy & Mines,Vicente de la O LEVY,11/7/2024
Cuba,Min. of Finance & Prices,Vladimir REGUEIRO Ale,11/7/2024
Cuba,Min. of the Food Industry,Alberto LOPEZ Diaz,11/7/2024
Cuba,Min. of Foreign Relations,Bruno RODRIGUEZ Parrilla,11/7/2024
Cuba,Min. of Foreign Trade & Foreign Investment,Oscar PEREZ-OLIVA Fraga,11/7/2024
Cuba,Min. of Higher Education,Walter BALUJA García,11/7/2024
Cuba,Min. of Industries,Eloy ALVAREZ Martinez,11/7/2024
Cuba,Min. of Interior,"Lazaro Alberto ALVAREZ Casas, Div. Gen.",11/7/2024
Cuba,Min. of Justice,Oscar Manuel SILVERA Martinez,11/7/2024
Cuba,Min. of Labor & Social Security,Marta Elena FEITO Cabrera,11/7/2024
Cuba,Min. of Public Health,Jose Angel PORTAL Miranda,11/7/2024
Cuba,Min. of the Revolutionary Armed Forces,"Alvaro LOPEZ Miera, Corps Gen.",11/7/2024
Cuba,"Min. of Science, Technology, & Environment",Armando RODRIGUEZ Batista,11/7/2024
Cuba,Min. of Tourism,Juan Carlos GARCIA Granda,11/7/2024
Cuba,Min. of Transportation,Eduardo RODRIGUEZ Davila,11/7/2024
Cuba,"President, Institute of Information and Social Communication",Alfonso NOYA Martinez,11/7/2024
Cuba,"President, Institute of Territorial Planning","Raúl Omar ACOSTA Gregorich, Div. Gen.",11/7/2024
Cuba,"President, National Sports, Physical Education, and Recreation Institute",Osvaldo Caridad VENTO Montiller,11/7/2024
Cuba,"President, National Hydraulic Resources Institute",Antonio RODRIGUEZ Rodriguez,11/7/2024
Cuba,Attorney Gen.,Yamila PENA Ojeda,11/7/2024
Cuba,Comptroller Gen.,Marian BARBAN Gomez,11/7/2024
Cuba,"Pres., Central Bank of Cuba",Juana Lilia DELGADO Portal,11/7/2024
Cuba,"Permanent Representative to the UN, New York",Ernesto SOBERON Guzman,11/7/2024
Cyprus,Pres.,Nikos CHRISTODOULIDIS,12/15/2025
Cyprus,"Min. of Agriculture, Rural Development, & Environment",Maria PANAGIOTOU,12/15/2025
Cyprus,Min. of Defense,Vasilis PALMAS,12/15/2025
Cyprus,"Min. of Education, Sport & Youth",Athina MICHAILIDOU,12/15/2025
Cyprus,"Min. of Energy, Commerce, & Industry",Michalis DAMIANOS,12/15/2025
Cyprus,Min. of Finance,Makis KERAVNOS,12/15/2025
Cyprus,Min. of Foreign Affairs,Konstantinos KOMBOS,12/15/2025
Cyprus,Min. of Health,Neophytos CHARALAMBIDES,12/15/2025
Cyprus,Min. of Interior,Konstantinos IOANNOU,12/15/2025
Cyprus,Min. of Justice & Public Order,Konstantinos FYTIRIS,12/15/2025
Cyprus,Min. of Labor & Social Insurance,Marinos MOUSIOUTTAS,12/15/2025
Cyprus,"Min. of Transport, Communications, & Works",Alexis VAFEIADIS,12/15/2025
Cyprus,Dep. Min. to the President*,Eirini PIKI,12/15/2025
Cyprus,Dep. Min. of Culture*,Michalis CHATZIGIANNIS,12/15/2025
Cyprus,Dep. Min. of European Affairs*,Marilena RAOUNA,12/15/2025
Cyprus,Dep. Min. of Migration and International Protection*,Nikolas IOANNIDIS,12/15/2025
Cyprus,"Dep. Min. of Research, Innovation, & Digital Policy*",Nikodimos DAMIANOU,12/15/2025
Cyprus,Dep. Min. of Shipping*,Marina CHATZIMANOLI,12/15/2025
Cyprus,Dep. Min. of Social Welfare*,Klea CHATZISTEFANOU PAPAELLINA,12/15/2025
Cyprus,Dep. Min. of Tourism*,Kostas KOUMIS,12/15/2025
Cyprus,Government Spokesman,Konstantinos LETYMBIOTIS,12/15/2025
Cyprus,"Governor, Central Bank of Cyprus",Christodoulos PATSALIDIS,12/15/2025
Cyprus,Ambassador to the US,Evangelos SAVVA,12/15/2025
Cyprus,"Permanent Representative to the UN, New York",Maria MICHAIL,12/15/2025
Czechia,Pres.,Petr PAVEL,10/9/2024
Czechia,Prime Min.,Petr FIALA,10/9/2024
Czechia,First Dep. Prime Min. & Min. of Interior,Vit RAKUSAN,10/9/2024
Czechia,Deputy Prime Min. & Min. of Labor & Social Affairs,Marian JURECKA,10/9/2024
Czechia,Deputy Prime Min. & Min. of Health,Vlastimil VALEK,10/9/2024
Czechia,Min. of Agriculture,Marek VYBORNY,10/9/2024
Czechia,Min. of Culture,Martin BAXA,10/9/2024
Czechia,Min. of Defense,Jana CERNOCHOVA,10/9/2024
Czechia,"Min. of Education, Youth, & Sports",Mikulas BEK,10/9/2024
Czechia,Min. of the Environment,Petr HLADIK,10/9/2024
Czechia,Min. of Finance,Zbynek STANJURA,10/9/2024
Czechia,Min. of Foreign Affairs,Jan LIPAVSKY,10/9/2024
Czechia,Min. of Industry & Trade,Lukas VLCEK,10/9/2024
Czechia,Min. of Justice,Pavel BLAZEK,10/9/2024
Czechia,Min. for Regional Development,Petr KULHANEK,10/9/2024
Czechia,"Min. of Science, Research, & Development",Marek ZENISEK,10/9/2024
Czechia,Min. of Transport,Martin KUPKA,10/9/2024
Czechia,Min. Without Portfolio for European Affairs,Martin DVORAK,10/9/2024
Czechia,"Governor, Czech National Bank",Ales MICHL,10/9/2024
Czechia,Ambassador to the US,Miloslav STASEK,10/9/2024
Czechia,"Permanent Representative to the UN, New York",Jakub KULHANEK,10/9/2024
Denmark,King,FREDERIK X,9/23/2025
Denmark,Prime Min.,Mette FREDERIKSEN,9/23/2025
Denmark,Deputy Prime Minister,Troels LUND POULSEN,9/23/2025
Denmark,Min. for Children & Education,Mattias TESFAYE,9/23/2025
Denmark,"Min. for Urban & Rural Districts, Ecclesiastical Affairs, & Nordic Cooperation",Morten DAHLIN,9/23/2025
Denmark,"Min. for Climate, Energy, & Utilities",Lars AAGAARD,9/23/2025
Denmark,Min. for Culture,Jakob ENGEL-SCHMIDT,9/23/2025
Denmark,Min. of Defense,Troels Lund POULSEN,9/23/2025
Denmark,Min. for Digital Affairs,Caroline STAGE OLSEN,9/23/2025
Denmark,Min. for Economic Affairs,Stephanie LOSE,9/23/2025
Denmark,Min. for Employment,Kaare DYBVAD BEK,9/23/2025
Denmark,Min. for the Environment & Gender Equality,Magnus HEUNICKE,9/23/2025
Denmark,Min. for European Affairs,Marie BJERRE,9/23/2025
Denmark,Min. for Finance,Nicolai WAMMEN,9/23/2025
Denmark,"Min. for Food, Agriculture, & Fisheries",Jacob JENSEN,9/23/2025
Denmark,Min. for Foreign Affairs,Lars Lokke RASMUSSEN,9/23/2025
Denmark,Min. for Green Transition,Jeppe BRUUS Christensen,9/23/2025
Denmark,Min. for Higher Education & Science,Christina EGELUND,9/23/2025
Denmark,Min. for Immigration & Integration,Rasmus STOKLUND,9/23/2025
Denmark,"Min. for Industry, Business, & Financial Affairs",Morten BODSKOV,9/23/2025
Denmark,Min. for the Interior & Health,Sophie LOHDE,9/23/2025
Denmark,Min. for Justice,Peter HUMMELGAARD Thomsen,9/23/2025
Denmark,Min. for Resilience & Preparedness,Torsten SCHACK PEDERSEN,9/23/2025
Denmark,Min. for Senior Citizens,Mette KIERKGAARD,9/23/2025
Denmark,Min. for Social Affairs & Housing,Sophie HAESTORP ANDERSEN,9/23/2025
Denmark,Min. for Taxation,Ane HALSBROE JORGENSEN,9/23/2025
Denmark,Min. for Transport,Thomas DANIELSEN,9/23/2025
Denmark,"Chmn., Board of Governors, Danish National Bank",Christian Kettel THOMSEN,9/23/2025
Denmark,Ambassador to the US,Jesper MOLLER SORENSEN,9/23/2025
Denmark,"Permanent Representative to the UN, New York",Christina Markus LASSEN,9/23/2025
Djibouti,Pres.,Ismail Omar GUELLEH,8/8/2025
Djibouti,Prime Min.,Abdoulkader Kamil MOHAMED,8/8/2025
Djibouti,"Min. of Agriculture, Water, Livestock, & Fisheries",Mohamed Ahmed AWALEH,8/8/2025
Djibouti,Min. of Budget,Isman Ibrahim ROBLEH,8/8/2025
Djibouti,"Min. of the City, Urban Planning, & Housing",Amina Abdi ADEN,8/8/2025
Djibouti,Min. of Commerce & Tourism,Mohamed Warsama DIRIEH,8/8/2025
Djibouti,"Min. of Communication, in Charge of Posts & Telecommunications",Radwan Abdillahi BAHDON,8/8/2025
Djibouti,"Min. of Defense, in Charge of Parliamentary Relations",Hassan Omar Mohamed BOURHAN,8/8/2025
Djibouti,Min. of Economy & Finance in Charge of Industry,Ilyas Moussa DAWALEH,8/8/2025
Djibouti,"Min. of Energy, in Charge of Natural Resources",Yonis Ali GUEDI,8/8/2025
Djibouti,Min. of Environment & Sustainable Development,Mohamed Abdoulkader Moussa HELEM,8/8/2025
Djibouti,"Min. of Foreign Affairs & Intl. Cooperation, Government Spokesperson",Abdoulkader Houssein OMAR,8/8/2025
Djibouti,Min. of Health,"Ahmed Robleh ABDILLEH, Dr.",8/8/2025
Djibouti,Min. of Higher Education & Research,"Nabil Mohamed AHMED, Dr.",8/8/2025
Djibouti,Min. of Infrastructure & Equipment,Hassan Houmed IBRAHIM,8/8/2025
Djibouti,Min. of Interior,"Said Nouh HASSAN, Mr.",8/8/2025
Djibouti,Min. of Islamic Affairs & Charitable Assets,Moumin Hassan BARREH,8/8/2025
Djibouti,"Min. of Justice & Penal Affairs, in Charge of Human Rights",Ali Hassan BAHDON,8/8/2025
Djibouti,Min. of Labor in Charge of Formalization & Social Protection,Omar Abdi SAID,8/8/2025
Djibouti,Min. of National Education & Professional Training,Moustapha Mohamed MAHAMOUD,8/8/2025
Djibouti,Min. Social Affairs & Solidarity,Oulouf Ismail ABDOU,8/8/2025
Djibouti,Min. of Women & the Family,Mouna Osman ADEN,8/8/2025
Djibouti,Min. of Youth & Culture,Hibo Moumin ASSOWEH,8/8/2025
Djibouti,Min. Delegate for Decentralization,Kassim Haroun ALI,8/8/2025
Djibouti,Min. Delegate for Digital Economy & Innovation,Mariam Hamadou ALI,8/8/2025
Djibouti,Secretary of State for Investment & Private Sector Development,Safia Mohamed Ali GADILEH,8/8/2025
Djibouti,Secretary of State in Charge of Sports,Hassan Mohamed KAMIL,8/8/2025
Djibouti,"Governor, Central Bank",Ahmed OSMAN Ali,8/8/2025
Djibouti,Ambassador to the US,Mohamed Siad DOUALEH,8/8/2025
Djibouti,"Permanent Representative to the UN, New York",Mohamed Siad DOUALEH,8/8/2025
Dominica,Pres.,Sylvanie BURTON,9/25/2024
Dominica,Prime Min. and Min. for Investment & Governance,Roosevelt SKERRIT,9/25/2024
Dominica,Dep. Prime Min.,"Irving MCINTYRE, Dr.",9/25/2024
Dominica,"Min. of Agriculture, Fisheries, & the Blue and Green Economy",Roland ROYER,9/25/2024
Dominica,"Min. of Culture, Youth, Sports, & Community Development",Gretta ROBERTS,9/25/2024
Dominica,"Min. of Education, Human Resource Planning, Vocational Training, & National Excellence",Octavia ALFRED,9/25/2024
Dominica,"Min. of the Environment, Rural Modernization, Kalinago Upliftment, and Constituency Empowerment",Cozier FREDERICK,9/25/2024
Dominica,"Min. of Finance, Economic Development, Climate Resilience, & Social Security","Irving MCINTYRE, Dr.",9/25/2024
Dominica,"Min. of Foreign Affairs, International Business, Trade, & Energy","Vince HENDERSON, Dr.",9/25/2024
Dominica,"Min. of Governance, Public Service Reform, Citizen Empowerment, Social Justice, & Ecclesiastical Affairs",Greta ROBERTS,9/25/2024
Dominica,"Min. of Health, Wellness, & Social Services",Cassanni LAVILLE,9/25/2024
Dominica,Min. of Housing & Urban Development,Melissa POPONNE-SKERRIT,9/25/2024
Dominica,"Min. of Labor, Public Service Reform, Social Partnership, Entrepreneurship, & Small Business Development",Miriam BLANCHARD,9/25/2024
Dominica,Min. of National Security & Legal Affairs,Rayburn BLACKMOORE,9/25/2024
Dominica,"Min. of Public Works, Public Utilities, & the Digital Economy",Fidel GRANT,9/25/2024
Dominica,Min. of Tourism,Denise CHARLES,9/25/2024
Dominica,Ambassador to the US,Vince HENDERSON,9/25/2024
Dominica,Attorney Gen.,Levi PETER,9/25/2024
Dominica,"Permanent Representative to the UN, New York","Philbert AARON, Dr.",9/25/2024
Dominican Republic,Pres.,Luis Rodolfo ABINADER Corona,7/11/2025
Dominican Republic,Vice Pres.,Raquel PENA Rodriguez,7/11/2025
Dominican Republic,Min. of Agriculture,Limber CRUZ,7/11/2025
Dominican Republic,Min. of Culture,Roberto Angel SALCEDO Sanz,7/11/2025
Dominican Republic,Min. of Defense,"Carlos Antonio Fernandez ONOFRE, Maj. Gen.",7/11/2025
Dominican Republic,"Min. of Economy, Planning, & Development",Miguel CEARA Hatton,7/11/2025
Dominican Republic,Min. of Education,Roberto FULCAR,7/11/2025
Dominican Republic,Min. of Energy & Mines,Joel SANTOS Echavarria,7/11/2025
Dominican Republic,Min. of the Environment & Natural Resources,Armando Paino HENRIQUEZ,7/11/2025
Dominican Republic,Min. of Finance,Jochy VICENTE,7/11/2025
Dominican Republic,Min. of Foreign Affairs,Roberto ALVAREZ Gil,7/11/2025
Dominican Republic,"Min. of Higher Education, Science, & Technology",Franklin GARCIA Fermin,7/11/2025
Dominican Republic,Min. of Industry & Commerce,Victor “Ito” Orlando BISONO Haza,7/11/2025
Dominican Republic,Min. of Interior & Police,Faride RAFUL,7/11/2025
Dominican Republic,Min. of Labor,Luis Miguel DE CAMPS,7/11/2025
Dominican Republic,Min. of the Presidency,Jose Ignacio Ramon PALIZA Nouel,7/11/2025
Dominican Republic,Min. of Public Admin.,Sigmund FREUND Mena,7/11/2025
Dominican Republic,Min. of Public Health & Social Welfare,"Victor Elias ATALLAH Lajam, Dr.",7/11/2025
Dominican Republic,Min. of Public Works & Communications,Deligne ASCENSION Burgos,7/11/2025
Dominican Republic,Min. of Sports and Recreation,Kelvin CRUZ,7/11/2025
Dominican Republic,Min. of Tourism,Miguel David COLLADO Morales,7/11/2025
Dominican Republic,Min. of Women,Mayra JIMENEZ,7/11/2025
Dominican Republic,Min. of Youth,Carlos José VALDEZ Matos,7/11/2025
Dominican Republic,Admin. Min. of Presidency,Porfirio Andrés BAUTISTA García,7/11/2025
Dominican Republic,Attorney Gen.,Yeni BERENICE Reynoso,7/11/2025
Dominican Republic,"Governor, Central Bank",Hector VALDEZ Albizu,7/11/2025
Dominican Republic,Ambassador to the US,Maria Isabel CASTILLO Baez,7/11/2025
Dominican Republic,"Permanent Representative to the UN, New York",Wellington Dario BENCOSME Castanos,7/11/2025
Ecuador,Pres.,Daniel NOBOA Azin,11/24/2025
Ecuador,Vice Pres.,Maria Jose PINTO Gonzalez,11/24/2025
Ecuador,"Min. of Agriculture, Livestock &Fisheries",Juan Carlos VEGA Malo,11/24/2025
Ecuador,Min. of Economy & Finance,Sariha MOYA Angulo,11/24/2025
Ecuador,"Min. of Education, Sports, & Culture",Gilda ALCIVAR,11/24/2025
Ecuador,Min. of Environment & Energy,Ines MANZANO Diaz,11/24/2025
Ecuador,Min. of Foreign Relations & Integration,Gabriela SOMMERFELD Rosero,11/24/2025
Ecuador,"Min. of Foreign Trade, Investment, & Fisheries",Luis JARAMILLO Granja,11/24/2025
Ecuador,Min. of Government,Nataly MORILLO,11/24/2025
Ecuador,Min. of Human Development,Zaida ROVIRA,11/24/2025
Ecuador,Min. of Infrastructure & Transportation,Roberto LUQUE Nuques,11/24/2025
Ecuador,Min. of Interior,John REIMBERG Oviedo,11/24/2025
Ecuador,Min. of Labor,Harold BURBANO,11/24/2025
Ecuador,Min. of National Defense,Gian Carlo LOFFREDO Rendon,11/24/2025
Ecuador,"Min. of Production, Foreign Trade, & Investment",Luis JARAMILLO Granja,11/24/2025
Ecuador,Min. of Public Health,Maria Jose PINTO Gonzalez,11/24/2025
Ecuador,Min. of Telecommunication & Information,Roberto KURY Pesantes,11/24/2025
Ecuador,Ambassador to the US,Pablo ZAMBRANO Albuja,11/24/2025
Ecuador,"Permanent Representative to the UN, New York",Andres MONTALVO SOSA,11/24/2025
Egypt,Pres.,Abdelfattah ELSISI,9/10/2024
Egypt,Prime Min. and Min. of Administrative Reform and Investment,Mostafa MADBOULY,9/10/2024
Egypt,Min. of Agriculture & Land Reclamation,El Sayed EL KOSAYER,9/10/2024
Egypt,Min. of Antiquities & Tourism,Ahmed ISSA,9/10/2024
Egypt,Min. of Civil Aviation,"Mohamed Abbas HELMY, Gen.",9/10/2024
Egypt,Min. of Communications & Information Technology,Amr Ahmed TALAAT,9/10/2024
Egypt,Min. of Culture,Nevine AL-KILANI,9/10/2024
Egypt,Min. of Defense,"Muhammad ZAKI, Gen.",9/10/2024
Egypt,Min. of Education & Technical Education,"Reda HEGAZY, Dr.",9/10/2024
Egypt,Min. of Electricity & Renewable Energy,Mohamed SHAKER,9/10/2024
Egypt,Min. of Environment,Yasmine Abdel Aziz FUAD,9/10/2024
Egypt,Min. of Finance,Mohamed MAAIT,9/10/2024
Egypt,"Min. of Foreign, Migration, & Expatriate Affairs",Badr ABDEL-ATY,9/10/2024
Egypt,Min. of Health & Population,"Khaled ABDEL GHAFFAR, Dr.",9/10/2024
Egypt,Min. of Higher Education & Scientific Research,"Mohamed Ayman ASHOUR, Dr.",9/10/2024
Egypt,"Min. of Housing, Utilities, & Urban Development",Assam EL-GAZZAR,9/10/2024
Egypt,Min. of Industry & Trade,Ahmed SAMIR,9/10/2024
Egypt,Min. of Information,Osama HEIKEL,9/10/2024
Egypt,Min. of Interior,Mahmoud TAWFIK,9/10/2024
Egypt,Min. of International Cooperation,Rania AL-MASHAT,9/10/2024
Egypt,Min. of Irrigation & Water Resources,"Hani SWAILEM, Dr.",9/10/2024
Egypt,Min. of Justice,Omar MARAWAN,9/10/2024
Egypt,Min. of Legal & Legislative Affairs,Alaa El-Din FOUAD Abul Hassan,9/10/2024
Egypt,Min. of Local Development,"Hisham AMNA, Gen.",9/10/2024
Egypt,Min. of Manpower,"Hassan SHEHATA, Gen.",9/10/2024
Egypt,Min. of Military Production,"Mohamed SALAH EL-DIN, Gen.",9/10/2024
Egypt,Min. of Petroleum,Tarek EL-MULLAH,9/10/2024
Egypt,"Min. of Planning, Economic Development, & International Cooperation",Rania AL-MASHAT,9/10/2024
Egypt,Min. of Public Enterprise Sector,Mahmoud ESMAT,9/10/2024
Egypt,Min. of Religious Endowments,Mukhtar GOMAA,9/10/2024
Egypt,Min. of Social Solidarity,Nevine KABBAJ,9/10/2024
Egypt,Min. of State for Immigration & Egyptian Expatriate Affairs,Soha GENDY,9/10/2024
Egypt,Min. of Supply & Internal Trade,Ali MOSELHY,9/10/2024
Egypt,Min. of Transportation,Kamil AL-WAZIR,9/10/2024
Egypt,Min. of Youth & Sports,Ashraf SOBHY,9/10/2024
Egypt,"Governor, Central Bank of Egypt",Hassan ABDULLAH (Acting),9/10/2024
Egypt,Ambassador to the US,Motaz Mounir ZAHRAN,9/10/2024
Egypt,"Permanent Representative to the UN, New York",Osama ABDELKHALEK,9/10/2024
El Salvador,Pres.,Nayib Armando BUKELE Ortez,6/6/2025
El Salvador,Vice Pres.,Felix ULLOA,6/6/2025
El Salvador,Min. of Agriculture & Livestock,Oscar ROLANDO Castro,6/6/2025
El Salvador,Min. of Economy,Maria Luisa HAYEM BREVE,6/6/2025
El Salvador,Min. of Education,Jose Mauricio PINEDA Rodriguez,6/6/2025
El Salvador,Min. of Environment & Natural Resources,Fernando LOPEZ,6/6/2025
El Salvador,Min. of Finance,Jerson POSADA,6/6/2025
El Salvador,Min. of Foreign Relations,Alexandra HILL,6/6/2025
El Salvador,Min. of Govt.,Juan Carlos BIDEGAIN,6/6/2025
El Salvador,Min. of Health,Francisco Jose ALABI Montoya,6/6/2025
El Salvador,Min. of Justice & Public Security,Hector Gustavo VILLATORO,6/6/2025
El Salvador,Min. of Labor & Social Welfare,Oscar Rolando CASTRO,6/6/2025
El Salvador,Min. of National Defense,"Rene Francis MERINO Monroy, Vice Adm.",6/6/2025
El Salvador,Min. of Public Works,Edgar RODRIGUEZ,6/6/2025
El Salvador,Min. of Tourism,Morena VALDEZ,6/6/2025
El Salvador,Attorney Gen.,Rodolfo Antonio DELGADO Montes,6/6/2025
El Salvador,"Pres., Central Reserve Bank",Douglas Pablo RODRIGUEZ Fuentes,6/6/2025
El Salvador,Ambassador to the US,Carmen Milena MAYORGA de Monterrosa,6/6/2025
El Salvador,"Permanent Representative to the UN, New York",Egriselda LOPEZ,6/6/2025
Equatorial Guinea,Pres.,"Teodoro OBIANG Nguema Mbasogo, Brig. Gen. (Ret.)",7/7/2025
Equatorial Guinea,Vice Pres.,"Teodoro ""Teodorin"" Nguema OBIANG Mangue",7/7/2025
Equatorial Guinea,Prime Min.,Manuel Osa NSUE NSUA,7/7/2025
Equatorial Guinea,First Vice Prime Min.,Clemente Engonga Nguema ONGUENE,7/7/2025
Equatorial Guinea,Second Vice Prime Min. in Charge of Parliamentary Relations & Judicial Affairs,Angel MIBUY,7/7/2025
Equatorial Guinea,Third Vice Prime Min. in Charge of Human Rights,Alfonso Nsue MOKUY,7/7/2025
Equatorial Guinea,"Min. of Agriculture, Livestock, & Rural Development",Juan Jose Ndong TOMO,7/7/2025
Equatorial Guinea,Min. of Civil Aviation,Norborto-Bartolome Ndong ESONO,7/7/2025
Equatorial Guinea,"Min. of Commerce, Industry, & Business Promotion",Benjamin Bakale NKARA,7/7/2025
Equatorial Guinea,"Min. of Culture, Tourism, & Craft Promotion",Prudencio Botey SOBOLE,7/7/2025
Equatorial Guinea,Min. of Economy,Eucario Bakale ANGUE,7/7/2025
Equatorial Guinea,"Min. of Education, University Studies, & Sports",Clemente Engonga Nguema ONGUENE,7/7/2025
Equatorial Guinea,Min. of Electricity & Renewable Energy,Gervasio Engonga NVE,7/7/2025
Equatorial Guinea,Min. of Finance & Budgets,Fortunato Ofa Mbo NCHAMA,7/7/2025
Equatorial Guinea,Min. of Fisheries & Water Resources,Francisco Medina CATALAN,7/7/2025
Equatorial Guinea,"Min. of Foreign Affairs, International Cooperation, & Diaspora",Simeon Oyono ESONO Angue,7/7/2025
Equatorial Guinea,Min. of Forests & the Environment,Diosdado Obiang Mbomio NFONO,7/7/2025
Equatorial Guinea,Min. of Health & Social Welfare,Domaso Mitoha Ondo'o AYECABA,7/7/2025
Equatorial Guinea,"Min. of Information, Press, & Radio",Pamela Nze EWORO,7/7/2025
Equatorial Guinea,"Min. of Justice, Worship, & Penitentiary Institutions",Sergio Esono Abeso TOMO,7/7/2025
Equatorial Guinea,"Min. of Labor, Work Foment, & Social Security",Alfredo Mitogo Mitogo ADA,7/7/2025
Equatorial Guinea,Min. of Mines & Hydrocarbons,Antonio Oburo ONDO,7/7/2025
Equatorial Guinea,Min. of National Defense,Candido Bibang Nsue OKOMO,7/7/2025
Equatorial Guinea,Min. of Public Service & Administrative Reform,Eucario Bacale ANGUE,7/7/2025
Equatorial Guinea,"Min. of Public Works, Housing, & Urban Planning",Clemente Ferreiro VILLARINO,7/7/2025
Equatorial Guinea,Min. of Social Affairs & Gender Equality,Maria Consuelo Nguema OYANA,7/7/2025
Equatorial Guinea,"Min. of Transports, Post, New Information & Communication Technologies",Honorato Evita OMAN,7/7/2025
Equatorial Guinea,Min. of Youth & Sports,Patricio Bakale MBA,7/7/2025
Equatorial Guinea,"Min. to the Presidency of the Republic, In Charge of Foreign Security",Juan-Antonio Bibang NCHUCHUMA,7/7/2025
Equatorial Guinea,Min. of State for the Interior & Local Corporations,Faustino Ndong Esono EYANG,7/7/2025
Equatorial Guinea,"Min. of State to the Presidency of the Republic, In Charge of Missions",Alejandro Evuna Owono ASANGONO,7/7/2025
Equatorial Guinea,"Director General, In Charge of Presidential Security",Isaac Nguema ONDO,7/7/2025
Equatorial Guinea,"Min. of State to the Presidency of the Government, In Charge of Regional Integration",Lucas Abaga NCHAMA,7/7/2025
Equatorial Guinea,Min. of State In Charge of National Security,Nicolas OBAMA Nchama,7/7/2025
Equatorial Guinea,Ambassador to the US,"Crisantos Obama ONDO, Dr.",7/7/2025
Equatorial Guinea,"Permanent Representative to the UN, New York",Anatolio NDONG MBA,7/7/2025
Eritrea,Pres.,ISAIAS Afworki,10/7/2024
Eritrea,Min. of Agriculture,AREFAINE Berhe,10/7/2024
Eritrea,Min. of Defense,,10/7/2024
Eritrea,Min. of Education,PETROS Hailemariam (Acting),10/7/2024
Eritrea,Min. of Energy & Mines,ALEM Kibreab,10/7/2024
Eritrea,Min. of Finance & National Development,GERGIS Teklemicael,10/7/2024
Eritrea,Min. of Fisheries & Marine Resources,TEWOLDE Kelati,10/7/2024
Eritrea,Min. of Foreign Affairs,OSMAN Saleh Mohammed,10/7/2024
Eritrea,Min. of Health,AMINA Nurhussein,10/7/2024
Eritrea,Min. of Information,YEMANE Gebremeskel,10/7/2024
Eritrea,Min. of Justice,Fawzia HASHIM,10/7/2024
Eritrea,Min. of Labor & Social Welfare,Luul GEBREAB,10/7/2024
Eritrea,"Min. of Land, Water, & Environment",TESFAI Ghebreselassie,10/7/2024
Eritrea,Min. of Local Government,WOLDEMICHAEL Abraha,10/7/2024
Eritrea,Min. of National Development,GIORGIS Teklemichael,10/7/2024
Eritrea,Min. of Public Works,ABRAHA Asfaha,10/7/2024
Eritrea,Min. of Tourism,Askalu MENKERIOS,10/7/2024
Eritrea,Min. of Trade & Industry,NESREDIN Mohammed-Saleh,10/7/2024
Eritrea,Min. of Transport & Communications,TESFASLASIE Berhane,10/7/2024
Eritrea,"Governor, Bank of Eritrea",KIBREAB Woldemariam,10/7/2024
Eritrea,"Charge d'Affaires, Embassy, Washington",BERHANE Gebrehiwet Solomon,10/7/2024
Eritrea,"Permanent Representative to the UN, New York",Sophia TESFAMARIAM Yohannes,10/7/2024
Estonia,Pres.,Alar KARIS,2/18/2025
Estonia,Prime Min.,Kristen MICHAL,2/18/2025
Estonia,Min. of Culture,Heidy PURGA,2/18/2025
Estonia,Min. of Defense,Hanno PEVKUR,2/18/2025
Estonia,Min. of Economy & Industry,Erkki KELDO,2/18/2025
Estonia,Min. of Education & Research,Kristina KALLAS,2/18/2025
Estonia,Min. of Climate,Yoko ALENDER,2/18/2025
Estonia,Min. of Finance,Jurgen LIGI,2/18/2025
Estonia,Min. of Foreign Affairs,Margus TSAHKNA,2/18/2025
Estonia,Min. of Health,Riina SIKKUT,2/18/2025
Estonia,Min. of Infrastructure,Vladimir SVET,2/18/2025
Estonia,Min. of the Interior,Lauri LAANEMETS,2/18/2025
Estonia,Min. of Justice and Digital Affairs,Lisa-Ly PAKOSTA,2/18/2025
Estonia,Min. of Regional Affairs and Agriculture,Piret HARTMAN,2/18/2025
Estonia,Min. of Social Protection,Signe RIISALO,2/18/2025
Estonia,"Governor, Bank of Estonia",Madis MULLER,2/18/2025
Estonia,Ambassador to the US,Kristjan PRIKK,2/18/2025
Estonia,"Permanent Representative to the UN, New York",Rein TAMMSAAR,2/18/2025
Eswatini,King,MSWATI III,6/24/2024
Eswatini,Prime Min.,Russell DLAMINI,6/24/2024
Eswatini,Dep. Prime Min.,Thulisile DLAMINI,6/24/2024
Eswatini,Min. of Agriculture,Mandla CHAUKE,6/24/2024
Eswatini,"Min. of Commerce, Industry, & Trade",Manqoba KHUMALO,6/24/2024
Eswatini,Min. of Economic Planning & Development,Tambo GINA,6/24/2024
Eswatini,Min. of Education & Training,Owen NXUMALO,6/24/2024
Eswatini,Min. of Finance,Neal RIJKENBERG,6/24/2024
Eswatini,Min. of Foreign Affairs & Intl. Cooperation,Pholile DLAMINI-SHAKANTU,6/24/2024
Eswatini,Min. of Health,Mduduzi MATSEBULA,6/24/2024
Eswatini,Min. of Home Affairs,"Lindiwe DLAMINI, Princess",6/24/2024
Eswatini,Min. of Housing & Urban Development,Apollo MAPHALALA,6/24/2024
Eswatini,"Min. of Information, Communication, & Technology",Savannah MAZIYA,6/24/2024
Eswatini,Min. of Justice & Constitutional Affairs,"SIMELANE, Maj. Gen. Prince",6/24/2024
Eswatini,Min. of Labor & Social Security,Phila BUTHELEZI,6/24/2024
Eswatini,Min. of Natural Resources & Energy,"LONKHOKHELA, Prince",6/24/2024
Eswatini,Min. of Public Service,Mabulala MASEKO,6/24/2024
Eswatini,Min. of Public Works & Transport,"NDLALUHLAZA, Chief",6/24/2024
Eswatini,"Min. of Sports, Culture, & Youth Affairs",Bongani NZIMA,6/24/2024
Eswatini,Min. of Tinkhundla,Sikhumbuzo DLAMINI,6/24/2024
Eswatini,Min. of Tourism & Environmental Affairs,Jane MKHONTA,6/24/2024
Eswatini,"Governor, Central Bank",Philemon MNISI,6/24/2024
Eswatini,Ambassador to the US,Kennedy Fitzgerald GROENING,6/24/2024
Eswatini,"Permanent Representative to the UN, New York",Thamie DLAMINI,6/24/2024
Ethiopia,Pres.,TAYE Atske Selassie,3/10/2025
Ethiopia,Prime Min.,ABIY Ahmed Ali,3/10/2025
Ethiopia,Dep. Prime Min.,TEMESGEN Tiruneh Dinku,3/10/2025
Ethiopia,Min. of Agriculture,GIRMA Amente,3/10/2025
Ethiopia,Head of the Office of the Prime Min. and Min. of Cabinet Affairs,ALEMTSEHAY Paulos,3/10/2025
Ethiopia,Min. of Culture & Sports,SHEWIT Shanka,3/10/2025
Ethiopia,Min. of Defense,Aisha MOHAMMED,3/10/2025
Ethiopia,Min. of Education,BIRHANU Nega,3/10/2025
Ethiopia,Min. of Finance & Economic Cooperation,Ahmed SHIDE,3/10/2025
Ethiopia,Min. of Foreign Affairs,GEDION Timothewos Hessebon,3/10/2025
Ethiopia,Min. of Health,MEKDES Daba Feyssa,3/10/2025
Ethiopia,Min. of Industry,MELAKU Alebel,3/10/2025
Ethiopia,Min. of Innovation & Technology,BELETE Molla Getahun,3/10/2025
Ethiopia,Min. of Irrigation & Lowland Development,ABRAHAM Belay Berhe,3/10/2025
Ethiopia,Min. of Justice,HANNA Araya Selassie,3/10/2025
Ethiopia,Min. of Labor & Skills,MUFERIAT Kamil,3/10/2025
Ethiopia,Min. of Mines & Petroleum,HABTAMU Tegegne,3/10/2025
Ethiopia,Min. of Peace,VACANT,3/10/2025
Ethiopia,Min. of Planning & Development,FITSUM Assefa,3/10/2025
Ethiopia,Min. of Revenue,AYNALEM Ngusaye,3/10/2025
Ethiopia,Min. of Trade & Regional Integration,GEBREMESKEL Chala,3/10/2025
Ethiopia,Min. of Transport & Logistics,ALEMU Simie,3/10/2025
Ethiopia,Min. of Tourism,SELAMAWIT Kassa Wodajeneh,3/10/2025
Ethiopia,Min. of Urban Development & Infrastructure,CHALTU Sani Ibrahim,3/10/2025
Ethiopia,Min. of Water & Energy,HABTAMU Itefa Geleta,3/10/2025
Ethiopia,Min. of Women & Social Affairs,ERGOGE Tesfaye,3/10/2025
Ethiopia,"Governor, National Bank of Ethiopia",MAMO Esmelealem Mihretu,3/10/2025
Ethiopia,Ambassador to the US,BINALF Andualem Ashenef,3/10/2025
Ethiopia,"Permanent Representative to the UN, New York",TESFAYE Yilma Sabo,3/10/2025
Fiji,Pres.,Ratu Naiqama LALABALAVU,11/5/2025
Fiji,Prime Min.,Sitiveni Ligamamada RABUKA,11/5/2025
Fiji,Dep. Prime Min.,Viliame Rogoibulu GAVOKA,11/5/2025
Fiji,Min. for Agriculture & Waterways,Vatimi Tidara Tuinasakea Kauinitawake RAYALU,11/5/2025
Fiji,Min. for the Civil Service,Sitiveni Ligamamada RABUKA,11/5/2025
Fiji,Min. for Climate Change & the Environment,Mosese BULITAVU,11/5/2025
Fiji,Min. for Commerce & Business Development,Esrom IMMANUEL,11/5/2025
Fiji,Min. for Defense & Veterans Affairs,Pio TIKODUADUA,11/5/2025
Fiji,Min. for Disaster Management,Sakiasi Raisevu DITOKA,11/5/2025
Fiji,Min. for Education,Aseri Masivou RADRODRO,11/5/2025
Fiji,"Min. for Employment, Productivity, & Industrial Relations",Agni Deo SINGH,11/5/2025
Fiji,Min. for Finance,Esrom IMMANUEL,11/5/2025
Fiji,Min. for Fisheries & Forests,Alitia BAINIVALU,11/5/2025
Fiji,Min. for Foreign Affairs,Sitiveni Ligamamada RABUKA,11/5/2025
Fiji,Min. for Health & Medical Services,"Ratu Atonio Rabici LALABALAVU, Dr.",11/5/2025
Fiji,Min. for Housing & Local Government,Maciu Katamotu NALUMISA,11/5/2025
Fiji,Min. for Immigration,Viliame NAUPOTO,11/5/2025
Fiji,Min. for Information,Lynda TABUYA,11/5/2025
Fiji,Min. for Justice,Siromi Dokonivalu TURAGA,11/5/2025
Fiji,Min. for Lands & Mineral Resources,Wainiqolo Rasokisoki VOSAROGO,11/5/2025
Fiji,Min. for Meteorological Services,Ro Filipe Qaraniqio TUISAWAU,11/5/2025
Fiji,Min. for Multiethnic Affairs,Charan Jeath SINGH,11/5/2025
Fiji,Min. for Policing & Communications,Ioane NAIVALURUA,11/5/2025
Fiji,Min. for Public Enterprises,Sitiveni Ligamamada RABUKA,11/5/2025
Fiji,Min. for Public Works,Ro Filipe Qaraniqio TUISAWAU,11/5/2025
Fiji,Min. for Rural & Maritime Development,Sakiasi Raisevu DITOKA,11/5/2025
Fiji,Min. for Sugar,Charan Jeath SINGH,11/5/2025
Fiji,"Min. for Taukei Affairs, Culture, Heritage, & Arts",Ifereimi VASU,11/5/2025
Fiji,Min. for Tourism & Civil Aviation,Viliame Rogoibulu GAVOKA,11/5/2025
Fiji,Min. for Transport,Ro Filipe Qaraniqio TUISAWAU,11/5/2025
Fiji,"Min. for Women, Children, & Poverty Alleviation",Sashi KIRAN,11/5/2025
Fiji,Min. for Youth & Sports,Jese SAUKURU,11/5/2025
Fiji,Attorney Gen.,Graham LEUNG,11/5/2025
Fiji,"Governor, Reserve Bank",Faizul Ariff ALI,11/5/2025
Fiji,Ambassador to the US,Ilisoni VUIDREKETI,11/5/2025
Fiji,"Permanent Representative to the UN, New York",Satyendra PRASAD,11/5/2025
Finland,Pres.,Alexander STUBB,9/12/2025
Finland,Prime Min.,Petteri ORPO,9/12/2025
Finland,Dep. Prime Min.,Riikka PURRA,9/12/2025
Finland,Min. of Agriculture & Forestry,Sari ESSAYAH,9/12/2025
Finland,Min. of Defense,Antti HAKKANEN,9/12/2025
Finland,Min. of Foreign Trade & Development,Ville TAVIO,9/12/2025
Finland,Min. of Economic Affairs,Wille RYDMAN,9/12/2025
Finland,Min. of Education,Anders ADLERCREUTZ,9/12/2025
Finland,Min. of Employment,Matias MARTTINEN,9/12/2025
Finland,Min. of Climate & the Environment,Sari MULTALA,9/12/2025
Finland,Min. for European Affairs & Ownership Steering,Joakim STRAND,9/12/2025
Finland,Min. of Finance,Riikka PURRA,9/12/2025
Finland,Min. for Foreign Affairs,Elina VALTONEN,9/12/2025
Finland,Min. of Interior,Mari RANTANEN,9/12/2025
Finland,Min. of Justice,Leena MERI,9/12/2025
Finland,Min. of Local & Regional Government,Anna-Kaisa IKONEN,9/12/2025
Finland,Min. of Science & Culture,Mari-Leena TALVITIE,9/12/2025
Finland,Min. of Social Affairs & Health,Kaisa JUUSO,9/12/2025
Finland,Min. of Social Security,Sanni GRAHN-LASSONEN,9/12/2025
Finland,Min. of Transport & Communications,Lulu RANNE,9/12/2025
Finland,"Min. of Youth, Sport, & Physical Activity",Mika POUTALA,9/12/2025
Finland,"Governor, Bank of Finland",Olli REHN,9/12/2025
Finland,Ambassador to the US,Leena-Kaisa MIKKOLA,9/12/2025
Finland,"Permanent Representative to the UN, New York",Elina KALKKU,9/12/2025
France,Pres.,Emmanuel MACRON,11/18/2025
France,Prime Min.,Sebastian LECORNU,11/18/2025
France,Min. of Administration & Public Accounts,Amelie de MONTCHALIN,11/18/2025
France,"Min. of Agriculture, Agri-Food, & Food Sovereignty",Annie GENEVARD,11/18/2025
France,Min. of the Armies & Veterans,Catherine VAUTRIN,11/18/2025
France,Min. of Cities and Housing,Vincent JEANBRUN,11/18/2025
France,Min. of Culture,Rachida DATI,11/18/2025
France,"Min. of the Ecological Transition, Biodiversity, & International Negotiations on Climate & Nature",Monique BARBUT,11/18/2025
France,"Min. of Economy, Finances, & Industrial, Energy, & Digital Sovereignty",Roland LESCURE,11/18/2025
France,Min. of Europe & Foreign Affairs,Jean-Noel BARROT,11/18/2025
France,"Min. of Health, Families, Autonomy, & People With Disabilities",Stephanie RIST,11/18/2025
France,"Min. of Higher Education, Research, & Space",Philippe BAPTISTE,11/18/2025
France,Min. of the Interior,Laurent NUNEZ,11/18/2025
France,Min. of Justice & Keeper of the Seals,Gerald DARMANIN,11/18/2025
France,Min. of Labor & Solidarity,Jean-Pierre FARANDOU,11/18/2025
France,Min. of National Education,Edouard GEFFRAY,11/18/2025
France,Min. of Overseas Territories,Naima MOUTCHOU,11/18/2025
France,"Min. of Small and Medium-Sized Businesses, Commerce, Crafts, Tourism, & Purchasing Power",Serge PAPIN,11/18/2025
France,"Min. of Sport, Youth, & Community Life",Marina FERRARI,11/18/2025
France,Min. of Territorial Development & Decentralization,Francoise GATEL,11/18/2025
France,Min. of Transportation,Philippe TABAROT,11/18/2025
France,"Governor, Bank of France",Francois VILLEROY de Galhau,11/18/2025
France,Ambassador to the US,Laurent BILI,11/18/2025
France,"Permanent Representative to the UN, New York",Jerome BONNAFONT,11/18/2025
Gabon,President,Brice Clotaire OLIGUI Nguema,5/14/2025
Gabon,Vice President of the Republic,Seraphin MOUNDOUNGA,5/14/2025
Gabon,Vice President of the Government,Alexandre BARRO CHAMBRIER,5/14/2025
Gabon,"Min. of State & Min. of Economy, Finance, Debt, and Participations, in Charge of the Fight Against the High Cost of Living",Henri-Claude OYIMA,5/14/2025
Gabon,"Min. of State, National Education, Civic Education, & Vocational Training",Camelia NTOUTOUME-LECLERCQ,5/14/2025
Gabon,"Min. of State, Transport, Merchant Marine, & Logistics",Ulrich MANFOUMBI MANFOUMBI,5/14/2025
Gabon,Min. of Access to Water & Energy,Phillipe NTONANGOYE,5/14/2025
Gabon,"Min. of Agriculture, Livestock, & Sustainable Development",Adette POLO,5/14/2025
Gabon,Min. of Communication & Media,Paul-Marie GONDJOUT,5/14/2025
Gabon,"Min. of the Digital Economy, Digitalization, & Innovation",Mark Alexandre DOUMBA,5/14/2025
Gabon,"Min. of Entrepreneurship, Commerce, & SMEs",Zeinaba GNINGA CHANING,5/14/2025
Gabon,"Min. of the Environment, Ecology, & Climate",Mays MOUISSI,5/14/2025
Gabon,"Min. of Foreign Affairs & Cooperation, in Charge of the Diaspora",Regis Onanga NDIAYE,5/14/2025
Gabon,Min. of Health,Adrien MOUGOUGOU,5/14/2025
Gabon,Min. of Higher Education & Scientific Research,Simplice Desire MAMBOULA,5/14/2025
Gabon,"Min. of Housing, Urban Planning, & Land Registry",Ludivic MEGNIE,5/14/2025
Gabon,Min. of Industry & Local Processing,Lubin NTOUTOUME,5/14/2025
Gabon,"Min. of the Interior, Security, & Decentralization",Hermann IMMONGAULT,5/14/2025
Gabon,"Min. of Justice, Keeper of the Seals, in Charge of Human Rights",Seraphin AKURE DAVAIN,5/14/2025
Gabon,"Min. of Labor, Full Employment, & Social Dialogue",Patrick Barbera ISAAC,5/14/2025
Gabon,Min. of Mines & Geological Resources,Giles NEMBET,5/14/2025
Gabon,Min. of National Defense,Brigitte ONKANOWA,5/14/2025
Gabon,Min. of Oil & Gas,Sosthene NGUEMA NGUEMA,5/14/2025
Gabon,Min. of Planning & Foresight,Louise OVONO,5/14/2025
Gabon,Min. of Public Service & Capacity Building,Marcelle IBOUNDA,5/14/2025
Gabon,Min. of Public Works & Construction,Edgard MOUKOUMBI,5/14/2025
Gabon,Min. of Reform & Relations With Institutions,Francois NDONG OBIANG,5/14/2025
Gabon,"Min. for the Sea, Fisheries, & Blue Economy & Government Spokesperson",Laurence NDONG,5/14/2025
Gabon,Min. of Social Affairs & Inclusion,Nadine AWANANG,5/14/2025
Gabon,Min. of Sustainable Tourism & Crafts,Pascal OGOWET SIPHON,5/14/2025
Gabon,Min. of Water & Forests in Charge of Human-Wildlife Conflict,Maurice NTOSSUI ALLOGHO,5/14/2025
Gabon,"Min. for Women, Family, & Child Protection",Elodie Diane FOUEFOUE,5/14/2025
Gabon,"Min. of Youth, Sports, Cultural Outreach, & Arts in Charge of Associative Life",Armande LOGO,5/14/2025
Gabon,Permanent Representative to the UN,Michel Xavier BIANG,5/14/2025
"Gambia, The",Pres.,Adama BARROW,4/5/2024
"Gambia, The",Vice Pres.,Mohammed JALLOW,4/5/2024
"Gambia, The",Min. of Agriculture,"Demba SABALLY, Dr.",4/5/2024
"Gambia, The",Min. of Basic & Secondary Education,Haddy Jatou SEY,4/5/2024
"Gambia, The",Min. of Communications & Digital Economy,Ousman BAH,4/5/2024
"Gambia, The",Min. of Defense,Serign Modou NJIE,4/5/2024
"Gambia, The","Min. of Environment, Climate Change, & Natural Resources",Rohey John MANJANG,4/5/2024
"Gambia, The",Min. of Finance & Economic Affairs,Seedy KEITA,4/5/2024
"Gambia, The","Min. of Fisheries, Water Resources, & National Assembly Matters",Musa S. DRAMMEH,4/5/2024
"Gambia, The","Min. of Foreign Affairs, Intl. Cooperation, & Gambians Abroad","Mamadou TANGARA, Dr.",4/5/2024
"Gambia, The",Min. of Health,Ahmadou Lamin SAMATEH,4/5/2024
"Gambia, The","Min. of Higher Education, Research, Science, & Technology",Pierre GOMEZ,4/5/2024
"Gambia, The",Min. of Information & Communication,"Ismaila CEESAY, Dr.",4/5/2024
"Gambia, The",Min. of the Interior,Abdoulie SANYANG,4/5/2024
"Gambia, The",Min. of Justice & Attorney Gen.,Dawda JALLOW,4/5/2024
"Gambia, The","Min. of Lands, Local Govt., & Regional Affairs",Hamat BAH,4/5/2024
"Gambia, The",Min. of Petroleum & Energy,Nani JUWARA,4/5/2024
"Gambia, The","Min. of Public Service, Administrative Reforms, Policy Coordination, & Delivery",Baboucarr BOUY,4/5/2024
"Gambia, The",Min. of Tourism & Culture,Abdou JOBE,4/5/2024
"Gambia, The","Min. of Trade, Industry, Regional Integration, & Employment",Baboucarr Ousmaila JOOF,4/5/2024
"Gambia, The","Min. of Transport, Works, & Infrastructure",Ebrima SILLAH,4/5/2024
"Gambia, The","Min. of Gender, Children, & Social Welfare",Fatou KINTEH,4/5/2024
"Gambia, The",Min. of Youth & Sports,Bakary BADGIE,4/5/2024
"Gambia, The",Ambassador to the US,Momodou Lamine BAH,4/5/2024
"Gambia, The","Permanent Representative to the UN, New York","Lamin B. DIBBA, Dr.",4/5/2024
Georgia,Pres.,Mikheil KAVELASHVILI,6/24/2025
Georgia,Speaker of Parliament,Shalva PAPUASHVILI,6/24/2025
Georgia,Prime Min.,Irakli KOBAKHIDZE,6/24/2025
Georgia,First Dep. Prime Min.,Levan DAVITASHVILI,6/24/2025
Georgia,Dep. Prime Min.,Irakli CHIKOVANI,6/24/2025
Georgia,Min. of Culture,Tinatin RUKHADZE,6/24/2025
Georgia,Min. of Defense,Irakli CHIKOVANI,6/24/2025
Georgia,Min. of Economy & Sustainable Development,Mariam KVRIVISHVILI,6/24/2025
Georgia,Min. of Education & Science,Aleksandre TSULADZE,6/24/2025
Georgia,Min. of Environment Protection & Agriculture,David SONGULASHVILI,6/24/2025
Georgia,Min. of Finance,Lasha KHUTSISHVILI,6/24/2025
Georgia,Min. of Foreign Affairs,Maka BOCHORISHVILI,6/24/2025
Georgia,Min. of Internal Affairs,Gela GELADZE,6/24/2025
Georgia,Min. of Justice & Corrections,Paata SALIA,6/24/2025
Georgia,Min. of Infrastructure,Revaz SOKHADZE,6/24/2025
Georgia,"Min. of Internally Displaced Persons From the Occupied Territories, Labor, Health, & Social Affairs",Mikheil SARJVELADZE,6/24/2025
Georgia,Min. of Regional Development,Kakhaber GULEDANI,6/24/2025
Georgia,Min. of Sports,Shalva GOGOLADZE,6/24/2025
Georgia,Dir. State Security Service,Anri OKHANASHVILI,6/24/2025
Georgia,State Min. for Reconciliation & Civic Equality,Tea AKHVLEDIANI,6/24/2025
Georgia,"Chair, National Bank",Natia TURNAVA,6/24/2025
Georgia,Ambassador to the US,Tamar TALIASHVILI,6/24/2025
Georgia,"Permanent Representative to the UN, New York",Davit BAKRADZE,6/24/2025
Germany,Fed. Pres.,Frank-Walter STEINMEIER,5/9/2025
Germany,Chancellor,Friedrich MERZ,5/9/2025
Germany,Vice Chancellor,Lars KLINGBEIL,5/9/2025
Germany,Min. of Defense,Boris PISTORIUS,5/9/2025
Germany,Min. for Digital & State Modernization,Karsten WILDEBERGER,5/9/2025
Germany,Min. of Economic Affairs & Energy,Katherina REICHE,5/9/2025
Germany,Min. for Economic Cooperation & Development,Reem ALABALI-RADOVAN,5/9/2025
Germany,"Min. for Education, Family Affairs, Senior Citizens, Women, & Youth",Karin PRIEN,5/9/2025
Germany,"Min. for the Environment, Nature Conservation, Climate Protection, & Nuclear Safety",Carsten SCHNEIDER,5/9/2025
Germany,Min. of Finance,Lars KLINGBEIL,5/9/2025
Germany,"Min. for Food, Agriculture, & Community",Alois RAINER,5/9/2025
Germany,Min. of Foreign Affairs,Johann WADEPHUL,5/9/2025
Germany,Min. of Health,Nina WARKEN,5/9/2025
Germany,"Min. for Housing, Urban Development, and Building",Verena HUBERTZ,5/9/2025
Germany,Min. of Interior,Alexander DOBRINDT,5/9/2025
Germany,Min. of Justice and Consumer Protection,Stefanie HUBIG,5/9/2025
Germany,Min. of Labor & Social Affairs,Baerbel BAS,5/9/2025
Germany,Head of the Fed. Chancellery & Min. for Special Affairs,Thorsten FREI,5/9/2025
Germany,"Min. for Research, Technology, & Space",Dorothee BAER,5/9/2025
Germany,Min. for Transportation,Patrick SCHNIEDER,5/9/2025
Germany,"Pres., Bundesbank",Joachim NAGEL,5/9/2025
Germany,Ambassador to the US,Andreas MICHAELIS,5/9/2025
Germany,"Permanent Representative to the UN, New York",Antje LEENDERTSE,5/9/2025
Ghana,Pres.,John MAHAMA,12/15/2025
Ghana,Vice Pres.,Naana Jane OPOKU-AGYEMANG,12/15/2025
Ghana,"Min. of Communications, Digital Technology, & Innovations",Samuel Nartey GEORGE,12/15/2025
Ghana,Acting Min. of Defense,Cassiel Ato Baah FORSON,12/15/2025
Ghana,Min. of Education,Haruna IDDRISU,12/15/2025
Ghana,Min. of Energy & Green Transition,John Abdulai JINAPOR,12/15/2025
Ghana,"Min. of Environment, Science, &Technology",Ibrahim Murtala MUHAMMED,12/15/2025
Ghana,Min. of Finance,Cassiel Ato Baah FORSON,12/15/2025
Ghana,Min. of Fisheries & Aquaculture Development,Emelia ARTHUR,12/15/2025
Ghana,Min. of Food & Agriculture,Eric OPOKU,12/15/2025
Ghana,Min. of Foreign Affairs,Samuel Okudzeto ABLAKWA,12/15/2025
Ghana,"Min. of Gender, Children, & Social Protection","Agnes Naa Momo LARTEY, Dr.",12/15/2025
Ghana,Min. of Health,Kwabena Minta AKANDOH,12/15/2025
Ghana,Min. of Interior,Alhaji Mohammed Mubarak MUNTAKA,12/15/2025
Ghana,Min. of Justice & Attorney General,"Dominic Akuritinga AYINE, Dr.",12/15/2025
Ghana,"Min. of Labor, Jobs, & Employment","Abdul-Rashid Hassan PELPUO, Dr.",12/15/2025
Ghana,Min. of Lands & Natural Resources,Emmanuel Armah-Kofi BUAH,12/15/2025
Ghana,"Min. of Local Govt., Chieftaincy, & Religious Affairs",Ahmed IBRAHIM,12/15/2025
Ghana,Acting Min. of National Security,Alhaji Mohammed Mubarak MUNTAKA,12/15/2025
Ghana,Min. of Roads & Highways,Governs Kwame AGBODZ,12/15/2025
Ghana,"Min. of Tourism, Culture, & Creative Arts",Abla Dzifa GOMASHIE,12/15/2025
Ghana,"Min. of Trade, Agribusiness, & Industry",Elizabeth Ofosu AGYARE,12/15/2025
Ghana,Min. of Transportation,Joseph Bukari NIKPE,12/15/2025
Ghana,"Min. of Works, Housing, & Water Resources",Kenneth Gilbert ADJEI,12/15/2025
Ghana,Min. of Youth Development & Empowerment,George Opare ADDO,12/15/2025
Ghana,"Governor, Bank of Ghana","Johnson ASIAMA, Dr.",12/15/2025
Ghana,Ambassador to the US,Victor Emmanuel SMITH,12/15/2025
Ghana,"Permanent Representative to the UN, New York",Harold Adlai AGYEMAN,12/15/2025
Greece,Pres.,Konstantinos TASOULAS,6/30/2025
Greece,Prime Min.,Kyriakos MITSOTAKIS,6/30/2025
Greece,Vice Pres. of the Government,Konstantinos CHATZIDAKIS,6/30/2025
Greece,Min. of Citizen Protection,Michail CHRYSOCHOIDIS,6/30/2025
Greece,Min. of Climate Crisis & Civil Protection,Ioannis KEFALOGIANNIS,6/30/2025
Greece,Min. of Culture,Styliani MENDONI,6/30/2025
Greece,Min. of Development,Panagiotis THEODORIKAKOS,6/30/2025
Greece,Min. of Digital Governance,Dimitrios PAPASTERGIOU,6/30/2025
Greece,"Min. of Education, Religious Affairs, & Sports",Sofia ZACHARAKI,6/30/2025
Greece,Min. of Environment & Energy,Stavros PAPASTAVROU,6/30/2025
Greece,Min. of Foreign Affairs,Georgios GERAPETRITIS,6/30/2025
Greece,Min. of Health,Spyridon-Adonis GEORGIADIS,6/30/2025
Greece,Min. of Infrastructure & Transport,Christos DIMAS,6/30/2025
Greece,Min. of Interior,Theodoros LIVANIOS,6/30/2025
Greece,Min. of Justice,Georgios FLORIDIS,6/30/2025
Greece,Min. of Labor & Social Security,Niki KERAMEOS,6/30/2025
Greece,Min. of Maritime Affairs & Insular Policy,Vasileios KIKILIAS,6/30/2025
Greece,Min. of Migration & Asylum,Athanasios PLEVRIS,6/30/2025
Greece,Min. of National Defense,Nikolaos-Georgios DENDIAS,6/30/2025
Greece,Min. of National Economy and Finance,Kyriakos PIERRAKAKIS,6/30/2025
Greece,Min. of Rural Development & Food,Konstantinos TSIARAS,6/30/2025
Greece,Min. of Social Cohesion & Family,Domna-Maria MICHAILIDOU,6/30/2025
Greece,Min. of State,Christos-Georgios SKERTSOS,6/30/2025
Greece,Min. of Tourism,Olga KEFALOGIANNI,6/30/2025
Greece,"Governor, Bank of Greece",Ioannis STOURNARAS,6/30/2025
Greece,Ambassador to the US,Aikaterini NASIKA,6/30/2025
Greece,"Permanent Representative to the UN, New York",Evangelos SEKERIS,6/30/2025
Grenada,"Prime Min.; Min. for Infrastructure and Physical Development, Public Utilities, Civil Aviation and Transportation; and Min. for National Security, Home Affairs, Public Administration, Information and Disaster Management",Dickon MITCHELL,11/4/2025
Grenada,Minister of the Blue Economy and Marine Affairs,Lennox ANDREWS,11/4/2025
Grenada,Min. for Carriacou and Petite Martinique Affairs and Local Government,Teven ANDREWS,11/4/2025
Grenada,"Min. for Climate Resilience, the Environment, and Renewable Energy",Kerryne Zennelle JAMES,11/4/2025
Grenada,"Min. for Economic Development, Planning, Agriculture and Lands, , Forestry, Marine Resources, and Cooperatives",Lennox John ANDREWS,11/4/2025
Grenada,Min. for Education and Youth and Sports Affairs,David Evlyn ANDREW,11/4/2025
Grenada,Min. for Foreign Affairs and Trade and Export Development,Joseph ANDALL,11/4/2025
Grenada,"Min. for Mental Health, Wellness, and Religious Affairs",Delma THOMAS,11/4/2025
Grenada,Min. for Finance,Dennis CORNWALL,11/4/2025
Grenada,"Min. for Mobilization, Implementation and Transformation",Andy WILLIAMS,11/4/2025
Grenada,Min. for Health,Phillip Alfred TELESFORD,11/4/2025
Grenada,"Min. for Tourism, the Creative Economy, and Culture",Adrian A. THOMAS,11/4/2025
Grenada,"Min. for Social and Community Development, Housing, and Gender Affairs",Gloria Ann THOMAS,11/4/2025
Grenada,"Min. of State with responsibility for Youth and Sports within the Ministry of Education, Youth and Sports",Ron Livingston REDHEAD,11/4/2025
Grenada,"Attorney General and Minister of Legal Affairs, Labor, and Consumer Affairs",Claudette JOSEPH,11/4/2025
Grenada,Ambassador to the United States,Tarlie FRANCIS,11/4/2025
Grenada,"Permanent Representative to the UN, New York",Ingrid JACKSON,11/4/2025
Guatemala,Pres.,Cesar Bernardo AREVALO de Leon,12/16/2025
Guatemala,Vice Pres.,Karin Larissa HERRERA Aguilar,12/16/2025
Guatemala,"Min. of Agriculture, Livestock, & Food",Maynor Estuardo ESTRADA Rosales,12/16/2025
Guatemala,"Min. of Communications, Infrastructure, & Housing",Miguel Angel DIAZ BOBADILLA,12/16/2025
Guatemala,Min. of Culture & Sports,Liwy GRAZIOSO Sierra,12/16/2025
Guatemala,Min. of Economy,Gabriela GARCIA QUINN,12/16/2025
Guatemala,Min. of Education,Anabella Maria GIRACCA Mendez,12/16/2025
Guatemala,Min. of Energy & Mines,Victor Hugo VENTURA Ruiz,12/16/2025
Guatemala,Min. of Environment & Natural Resources,Ana Patricia ORANTES Thomas,12/16/2025
Guatemala,Min. of Finance,Jonathan Kiril MENKOS Zeissig,12/16/2025
Guatemala,Min. of Foreign Relations,Carlos Ramiro MARTINEZ Alvarado,12/16/2025
Guatemala,Min. of the Interior,Marco Antonio VILLEDA Sandoval,12/16/2025
Guatemala,Min. of Labor and Social Welfare,Miriam Catarina ROQUEL Chavez,12/16/2025
Guatemala,Min. of National Defense,Henry David SAENZ,12/16/2025
Guatemala,Min. of Public Health & Social Assistance,Joaquin BARNOYA Perez,12/16/2025
Guatemala,Min. of Social Development,Abelardo PINTO Moscoso,12/16/2025
Guatemala,Attorney Gen.,Maria Consuelo PORRAS,12/16/2025
Guatemala,Solicitor Gen.,Julio Roberto SAAVEDRA Pinetta,12/16/2025
Guatemala,Sec. Gen. of the Presidency,Juan Gerardo GUERRERO Garnica,12/16/2025
Guatemala,"Pres., Bank of Guatemala",Alvaro GONZALEZ Ricci,12/16/2025
Guatemala,Ambassador to the US,Catalina CRESPO SANCHO,12/16/2025
Guatemala,"Permanent Representative to the UN, New York",Jose Alberto BRIZ GUTIERREZ,12/16/2025
Guinea,Transitional Pres.,Mamadi DOUMBOUYA,8/25/2025
Guinea,Prime Min.,Amadou BAH OURY,8/25/2025
Guinea,"Min. for the Advancement of Women, Children, & Vulnerable Persons",Charlotte DAFFE,8/25/2025
Guinea,Min. of Agriculture,Mariama Cire SYLLA,8/25/2025
Guinea,Min. of Budget,Facinet SYLLA,8/25/2025
Guinea,Min. of Commerce,Fatima CAMARA,8/25/2025
Guinea,Min. of Culture & Crafts,Moussa Moise SYLLA,8/25/2025
Guinea,Min. of Economy & Finance,Mourana SOUMAH,8/25/2025
Guinea,Min. of Energy,Namory CAMARA,8/25/2025
Guinea,Min. of Environment & Sustainable Development,Djami DIALLO,8/25/2025
Guinea,Min. of Fisheries & Maritime Economy,Fassou THEA,8/25/2025
Guinea,"Min. of Foreign Affairs, African Integration, & Guineans Abroad","Morissanda KOUYATE, Dr.",8/25/2025
Guinea,Min. of Health & Public Hygiene,"Oumar Diouhe BAH, Dr.",8/25/2025
Guinea,Min. of Higher Education & Scientific Research and Innovation,Alpha Bacar BARRY,8/25/2025
Guinea,Min. of Hydraulics & Hydrocarbons,Aboubacar CAMARA,8/25/2025
Guinea,Min. of Industry & Small and Medium Enterprises,"Diaka SIDIBE, Dr.",8/25/2025
Guinea,Min. of Information & Communications,Fana SOUMAH,8/25/2025
Guinea,Min. of Infrastructure & Public Works,Laye Sekou CAMARA,8/25/2025
Guinea,Min. of Justice and Human Rights & Keeper of the Seals,Yaya Kairaba KABA,8/25/2025
Guinea,Min. of Labor & Public Service,Faya Francois BOUROUNO,8/25/2025
Guinea,Min. of Livestock,Felix LAMAH,8/25/2025
Guinea,Min. of Mines & Geology,Bouna SYLLA,8/25/2025
Guinea,Min. of National Defense,"Aboubacar Sidiki CAMARA, Ret. Gen.",8/25/2025
Guinea,Min. of Pre-University Education & Literacy,Jean Paul CEDY,8/25/2025
Guinea,Min. of Planning & International Cooperation,Ismael NABE,8/25/2025
Guinea,"Min. of Posts, Telecommunications, & the Digital Economy",Rose Pola PRICEMOU,8/25/2025
Guinea,Min. of Security & Civil Protection,"Bachir DIALLO, Ret. Brig. Gen.",8/25/2025
Guinea,Min. of Sports,Keamou Bogola HABA,8/25/2025
Guinea,"Min. of Technical Education, Vocational Training, & Employment",Aminata KABA,8/25/2025
Guinea,Min. of Territorial Administration & Decentralization,Ibrahima Kalil CONDE,8/25/2025
Guinea,Min. of Tourism & Hotels,Mahamadou Abdoulaye DIALLO,8/25/2025
Guinea,Min. of Transport,Ousmane Gaoual DIALLO,8/25/2025
Guinea,"Min. of Urbanism, Housing & Regional Development",Mory CONDE,8/25/2025
Guinea,Min. of Youth,Cellou BALDE,8/25/2025
Guinea,Secretary General of the Government,Tamba Benoit KAMANO,8/25/2025
Guinea,Min. Sec. Gen. for Religious Affairs,Karamo Diawara,8/25/2025
Guinea,"Governor, Central Bank",Karamo KABA,8/25/2025
Guinea,Ambassador to the US,Sidibe Fatoumata KABA,8/25/2025
Guinea,"Permanent Representative to the UN, New York",Mohamed DABO,8/25/2025
Guinea-Bissau,Pres.,Umaro Sissoco EMBALO,8/28/2025
Guinea-Bissau,Prime Min.,Braima CAMARA,8/28/2025
Guinea-Bissau,Min. of Agriculture & Rural Development,Queta BALDE,8/28/2025
Guinea-Bissau,Min. of Commerce,Orlando Mendes VIEGAS,8/28/2025
Guinea-Bissau,Pres. of the Council of Ministers & Parliamentary Relations,Malal SANE,8/28/2025
Guinea-Bissau,"Min. of Culture, Youth & Sports",Alfredo MALU,8/28/2025
Guinea-Bissau,"Min. of Economy, Planning, & Regional Integration",Soares SAMBU,8/28/2025
Guinea-Bissau,Min. of Energy,Fidelis FORBES,8/28/2025
Guinea-Bissau,"Min. of Environment, Biodiversity, & Climate Action",Viriato SOARES CASSAMA,8/28/2025
Guinea-Bissau,Min. of Finance,Ilidio Vieira TE,8/28/2025
Guinea-Bissau,Min. of Fishing & Maritime Economy,Abel da Silva GOMES,8/28/2025
Guinea-Bissau,"Min. of Foreign Affairs, International Cooperation, & Communities",Carlos Pinto PEREIRA,8/28/2025
Guinea-Bissau,"Min. of Industry, Processing, & Promotion of Local Products",Florentino Fernando DIAS,8/28/2025
Guinea-Bissau,Min. of the Interior & Public Order,Botche CONDE,8/28/2025
Guinea-Bissau,Min. of Justice & Human Rights,Maria do Ceu SILVA MONTEIRO,8/28/2025
Guinea-Bissau,Min. of National Defense,Dionisio CABI,8/28/2025
Guinea-Bissau,"Min. of National Education, Higher Education, and Scientific Research",Queba DJAITE,8/28/2025
Guinea-Bissau,Min. of Natural Resources,Malam SAMBU,8/28/2025
Guinea-Bissau,"Min. of Public Administration, Employment, Vocational Training, & Social Security",Monica Buaro DA COSTA,8/28/2025
Guinea-Bissau,Min. of Public Health,Augusto GOMES,8/28/2025
Guinea-Bissau,"Min. of Public Works, Housing & Urban Development",Jose Carlos ESTEVES,8/28/2025
Guinea-Bissau,Min. of Social Communication,Maria da Conceicao EVORA,8/28/2025
Guinea-Bissau,Min. of Territorial Administration & Local Government,Aristides Ocante DA SILVA,8/28/2025
Guinea-Bissau,Min. of Tourism & Handicrafts,Secuna BALDE,8/28/2025
Guinea-Bissau,Min. of Transport,Marciano Silva BARBEIRO,8/28/2025
Guinea-Bissau,Min. of Telecommunications & Digital Economy,Julio Mamadu BALDE,8/28/2025
Guinea-Bissau,Min. of Veterans' Affairs,Aly HIJAZY,8/28/2025
Guinea-Bissau,"Min. of Women, Family Affairs, & Social Solidarity",Maria Inacia Co Mendes SANHA,8/28/2025
Guinea-Bissau,Ambassador to the US,Maria Da Conceicao NOBRE CABRAL,8/28/2025
Guinea-Bissau,"Permanent Representative to the UN, New York",Samba SANE,8/28/2025
Guyana,Pres.,"Mohamed Irfaan ALI, Dr.",9/25/2025
Guyana,Prime Min.,"Mark PHILLIPS, Brig. (Ret.)",9/25/2025
Guyana,Vice Pres.,"Bharrat JAGDEO, Dr.",9/25/2025
Guyana,Min. of Agriculture,Mustapha ZULFIKAR,9/25/2025
Guyana,Min. of Amerindian Affairs,Sarah BROWNE,9/25/2025
Guyana,"Min. of Culture, Youth & Sports",Charles RAMSON,9/25/2025
Guyana,Min. of Education,Sonia PARAG,9/25/2025
Guyana,Min. of Foreign Affairs & International Cooperation,Hugh Hilton TODD,9/25/2025
Guyana,Foreign Secretary,Robert PERSAUD,9/25/2025
Guyana,Min. of Governance & Parliamentary Affairs,Gail TEIXEIRA,9/25/2025
Guyana,Min. of Home Affairs,Oneidge WALROND,9/25/2025
Guyana,Min. of Housing & Water,Collin CROAL,9/25/2025
Guyana,Min. of Human Services & Social Security,"Vindhya PERSAUD, Dr.",9/25/2025
Guyana,Min. of Labor & Manpower Planning,Keoma GRIFFITH,9/25/2025
Guyana,Min. of Local Government & Development,Priya MANICKCHAND,9/25/2025
Guyana,Min. of Natural Resources,Vickram BHARRAT,9/25/2025
Guyana,Min. of Health,"Frank ANTHONY, Dr.",9/25/2025
Guyana,"Min. of Public Service, Government Efficiency, & Implementation",Zulfikar ALLY,9/25/2025
Guyana,Min. of Public Utilities & Aviation,Deodat INDAR,9/25/2025
Guyana,Min. of Public Works,Bishop Juan EDGHILL,9/25/2025
Guyana,"Min. of Tourism, Industry, & Commerce",Susan RODRIGUES,9/25/2025
Guyana,Senior Min. in the Office of the President with Responsibility for Finance,"Ashni SINGH, Dr.",9/25/2025
Guyana,Attorney Gen. & Min. of Legal Affairs,Mohabir NANDLALL,9/25/2025
Guyana,"Governor, Bank of Guyana","Gobind GANGA, Dr.",9/25/2025
Guyana,Ambassador to the US,Samuel HINDS,9/25/2025
Guyana,"Permanent Representative to the UN, New York",Carolyn RODRIGUES-BIRKETT,9/25/2025
Haiti,Pres.,Transitional Presidential Council,8/1/2025
Haiti,Prime Min.,Alix Didier FILS-AIME,8/1/2025
Haiti,"Min. of Agriculture, Natural Resources, & Rural Development",Vernet JOSEPH,8/1/2025
Haiti,Min. of Commerce & Industry,James MONAZARD,8/1/2025
Haiti,Min. of Culture & Communication,Patrick DELATOUR,8/1/2025
Haiti,Min. of Defense,Jean Michel MOISE,8/1/2025
Haiti,Min. of Economy & Finance,Alfred Fils METELLUS,8/1/2025
Haiti,Min. of the Environment,Moise JEAN-PIERRE,8/1/2025
Haiti,Min. of Foreign Affairs & Worship,Harvel JEAN-BAPTISTE,8/1/2025
Haiti,Min. for Haitians Living Abroad,Kathia VERDIER,8/1/2025
Haiti,Min. of the Interior & Territorial Communities,Paul Antoine BIEN-AIME,8/1/2025
Haiti,Min. of Justice,Patrick PELISSIER,8/1/2025
Haiti,Min. of National Education & Vocational Training,Augustin ANTOINE,8/1/2025
Haiti,Min. of Planning & External Cooperation,Katleen FLORESTAL,8/1/2025
Haiti,Min. of Public Health & Population,Bertrand SINAL,8/1/2025
Haiti,"Min. of Public Works, Transport, & Communications",Raphael HOSTY,8/1/2025
Haiti,Min. of Social Affairs & Labor,Georges Wilbert FRANCK,8/1/2025
Haiti,Min. of Tourism,John Herrick DESSOURCES,8/1/2025
Haiti,Min. for the Status of Women,Pedrica SAINT-JEAN,8/1/2025
Haiti,"Min. of Youth, Sports, & Civic Action",Niola Lynn Sarah DEVALIS OCTAVIUS,8/1/2025
Haiti,"Governor, Bank of the Republic of Haiti",Ronald GABRIEL,8/1/2025
Haiti,Ambassador to the US,Lionel DELATOUR,8/1/2025
Haiti,"Permanent Representative to the UN, New York",Pierre Ericq PIERRE,8/1/2025
Holy See (Vatican City),"Supreme Pontiff, Roman Catholic Church","FRANCIS, Pope",7/14/2022
Holy See (Vatican City),Sec. of State,"Pietro PAROLIN, Cardinal",7/14/2022
Holy See (Vatican City),Camerlengo,,7/14/2022
Holy See (Vatican City),Sec. for Relations With States,"Paul GALLAGHER, Archbishop",7/14/2022
Holy See (Vatican City),Apostolic Nuncio to the US,"Christophe PIERRE, Archbishop",7/14/2022
Holy See (Vatican City),"Permanent Observer to the UN, New York","Bernardito AUZA, Archbishop",7/14/2022
Honduras,Pres.,Iris Xiomara CASTRO de Zelaya,6/18/2025
Honduras,First Presidential Designee,Salvador NASRALLA Salum,6/18/2025
Honduras,Second Presidential Designee,Doris GUTIERREZ,6/18/2025
Honduras,Third Presidential Designee,Renato FLORENTINO,6/18/2025
Honduras,Min. of Cabinet Coordination,Rodolfo Pastor DE MARIA Campos,6/18/2025
Honduras,Min. of Agriculture & Livestock,Laura SUAZO,6/18/2025
Honduras,Min. of Communications,Ivis ALVARADO,6/18/2025
Honduras,Min. of National Defense,Iris Xiomara CASTRO de Zelaya (Acting),6/18/2025
Honduras,Min. of Development & Social Inclusion,Jose Carlos CARDONA,6/18/2025
Honduras,Min. of Economic Development,Fredis CERRATO,6/18/2025
Honduras,Min. of Education,Daniel ESPONDA,6/18/2025
Honduras,Min. of Finance,Christian DUARTE,6/18/2025
Honduras,Min. of Foreign Affairs & International Cooperation,Javier Efrain BU Soto,6/18/2025
Honduras,"Min. of Government, Justice, and Decentralization",Tomas VAQUERO,6/18/2025
Honduras,Min. of Health,Carla PAREDES,6/18/2025
Honduras,Min. of Human Rights,Hector Longino BECERRA,6/18/2025
Honduras,Min. of Infrastructure & Public Services,Mauricio RAMOS,6/18/2025
Honduras,Min. of Labor & Social Security,Sarahi CERNA,6/18/2025
Honduras,Min. of Natural Resources & Environment,Lucky Halach MEDINA Estrada,6/18/2025
Honduras,Min. of the Presidency,Manuel Hector ZELAYA Castro,6/18/2025
Honduras,Revenue Administration Service (SAR),Cristian DUARTE,6/18/2025
Honduras,Min. of Security,Gustavo SANCHEZ Velasquez,6/18/2025
Honduras,Min. of Tourism,Yadira GOMEZ,6/18/2025
Honduras,Attorney Gen.,Johel ZELAYA,6/18/2025
Honduras,"Pres., Central Bank",Rebeca Patricia SANTOS Rivera,6/18/2025
Honduras,Ambassador to the US,Javier Efrain BU SOTO,6/18/2025
Honduras,"Permanent Representative to the UN, New York",Mary Elizabeth FLORES Flake,6/18/2025
Hungary,Pres.,Tamas SULYOK,3/15/2024
Hungary,Prime Min.,Viktor ORBAN,3/15/2024
Hungary,Dep. Prime Min.,Zsolt SEMJEN,3/15/2024
Hungary,Minister for the Cabinet Office of the Prime Minister,Antal ROGAN,3/15/2024
Hungary,Min. of Prime Minister's Office,Gergely GULYAS,3/15/2024
Hungary,Min. of Agriculture,Istvan NAGY,3/15/2024
Hungary,Min. of Construction & Investment,Janos LAZAR,3/15/2024
Hungary,Min. of Culture & Innovation,Janos CSAK,3/15/2024
Hungary,Min. of Defense,Kristof SZALAY-BOBROVNICZKY,3/15/2024
Hungary,Min. for Energy,Csaba LANTOS,3/15/2024
Hungary,Min. of Finance,Mihaly VARGA,3/15/2024
Hungary,Min. of Foreign Affairs & Trade,Peter SZIJJARTO,3/15/2024
Hungary,Min. of Interior,Sandor PINTER,3/15/2024
Hungary,Min. of Justice,Bence TUZSON,3/15/2024
Hungary,Min. of Regional Development,Tibor NAVRACSICS,3/15/2024
Hungary,Min. Without Portfolio Responsible for Economic Development,Marton NAGY,3/15/2024
Hungary,Min. Without Portfolio Responsible for EU Affairs,Janos BOKA,3/15/2024
Hungary,"Governor, National Bank of Hungary",Gyorgy MATOLCSY,3/15/2024
Hungary,Ambassador to the US,Szabolcs TAKACS,3/15/2024
Hungary,"Permanent Representative to the UN, New York",Zsuzsanna HORVATH,3/15/2024
Iceland,Pres.,Halla TOMASDOTTIR,5/9/2025
Iceland,Prime Min.,Kristrun FROSTADOTTIR,5/9/2025
Iceland,"Min. of Culture, Innovation, & Higher Education",Logi Mar EINARSSON,5/9/2025
Iceland,Min. of Education & Children,Gudmundur Ingi KRISTINSSON,5/9/2025
Iceland,"Min. for the Environment, Energy, & Climate",Johann Pall JOHANNSSON,5/9/2025
Iceland,Min. of Finance & Economic Affairs,Dadi Mar KRISTOFERSSON,5/9/2025
Iceland,Min. of Industries,Hanna Katrin FRIDRIKSSON,5/9/2025
Iceland,Min. of Infrastructure,Eyjolfur ARMANNSSON,5/9/2025
Iceland,Min. for Foreign Affairs,Thorgerdur Katrin GUNNARSDOTTIR,5/9/2025
Iceland,Min. of Health,Alma MOLLER,5/9/2025
Iceland,Min. of Justice,Thorbjorg Sigridur GUNNLAUGSDOTTIR,5/9/2025
Iceland,Min. for Nordic Cooperation,Logi Mar EINARSSON,5/9/2025
Iceland,Min. of Social Affairs & the Housing,Inga SAELAND,5/9/2025
Iceland,"Dir., Central Bank of Iceland",Asgeir JONSSON,5/9/2025
Iceland,Ambassador to the US,Svanhildur Holm VALSDOTTIR,5/9/2025
Iceland,"Permanent Representative to the UN, New York",Anna JOHANNSDOTTIR,5/9/2025
India,Pres.,Drupadi MURMU,6/11/2024
India,Vice Pres.,Jagdeep DHANKHAR,6/11/2024
India,Prime Min.,Narendra MODI,6/11/2024
India,National Security Adviser,Ajit Kumar DOVAL,6/11/2024
India,Min. of Agriculture & Farmer Welfare,Shivraj Singh CHOUHAN,6/11/2024
India,"Min. of State (Independent Charge) for Ayurveda, Yoga & Naturopathy, Unani, Siddha & Homeopathy",Prataprao Ganpatrao JADAV,6/11/2024
India,Min. of Chemicals & Fertilizers,Jagat Prakash NADDA,6/11/2024
India,Min. for Civil Aviation,Kinjarapu Rammohan NAIDU,6/11/2024
India,Min. of Coal,G. Kishan REDDY,6/11/2024
India,Min. of Commerce & Industry,Piyush GOYAL,6/11/2024
India,Min. of Communications,Jyotiraditya SCINDIA,6/11/2024
India,"Min. of Consumer Affairs, Food, & Public Distribution",Prahlad JOSHI,6/11/2024
India,Min. of Cooperation,Amit SHAH,6/11/2024
India,Min. of Corporate Affairs,Nirmala SITHARAMAN,6/11/2024
India,Min. of Culture,Gajendra Singh SHEKHAWAT,6/11/2024
India,Min. of Defense,Rajnath SINGH,6/11/2024
India,Min. of Development of Northeastern Region,Jyotiraditya SCINDIA,6/11/2024
India,Min. of Education,Dharmendra PRADHAN,6/11/2024
India,Min. of Electronics & Information Technology,Ashwini VAISHNAW,6/11/2024
India,"Min. of Environment, Forest, & Climate Change",Bhupender YADAV,6/11/2024
India,Min. of External Affairs,Subrahmanyam JAISHANKAR,6/11/2024
India,Min. of Finance,Nirmala SITHARAMAN,6/11/2024
India,"Min. of Fisheries, Animal Husbandry, & Dairying",Lallan SINGH,6/11/2024
India,Min. of Food Processing Industries,Chirag PASWAN,6/11/2024
India,Min. of Health & Family Welfare,Jagat Prakash NADDA,6/11/2024
India,Min. of Heavy Industries,Haradanahalli Devegowda KUMARASWAMY,6/11/2024
India,Min. of Home Affairs,Amit SHAH,6/11/2024
India,Min. of Housing and Urban Affairs,Manohar Lal KHATTAR,6/11/2024
India,Min. of Information & Broadcasting,Ashwini VAISHNAW,6/11/2024
India,"Min. of Jal Shakti (Drinking Water, Hydroelectricity, & Water Resources)",Chandrakant Raghunath PATIL,6/11/2024
India,Min. of Labor & Employment,Mansukh MANDAVIYA,6/11/2024
India,Min. of State (Independent Charge) for Law & Justice,Ram MEGHWAL,6/11/2024
India,"Min. of Micro, Small & Medium Enterprises",Jitan Ram MANJHI,6/11/2024
India,Min. of Mines,G. Kishan REDDY,6/11/2024
India,Min. of Minority Affairs,Kiren RIJIJU,6/11/2024
India,Min. of New & Renewable Energy,Pralhad JOSHI,6/11/2024
India,Min. of Panchayati Raj,Lallan SINGH,6/11/2024
India,Min. of Parliamentary Affairs,Kiren RIJIJU,6/11/2024
India,"Min. of Personnel, Public Grievances, & Pensions",Narendra MODI,6/11/2024
India,Min. of Petroleum & Natural Gas,Hardeep Singh PURI,6/11/2024
India,"Min. of Ports, Shipping, and Waterways",Sarbananda SONOWAL,6/11/2024
India,Min. for Power,Manohar Lal KHATTAR,6/11/2024
India,Min. of Railways,Ashwini VAISHNAW,6/11/2024
India,Min. of Road Transport & Highways,Nitin GADKARI,6/11/2024
India,Min. of Rural Development,Shivraj Singh CHOUHAN,6/11/2024
India,Min. of State (Independent Charge) for Skill Development & Entrepreneurship,Jayant CHAUDHARY,6/11/2024
India,Min. of Social Justice & Empowerment,Virendra KUMAR,6/11/2024
India,Min. of Steel,Haradanahalli Devegowda KUMARASWAMY,6/11/2024
India,Min. of Textiles,Giriraj SINGH,6/11/2024
India,Min. of Tourism,Gajendra Singh SHEKHAWAT,6/11/2024
India,Min. of Tribal Affairs,Jual ORAM,6/11/2024
India,Min. of Women & Child Development,Annapurna DEVI,6/11/2024
India,Min. of Youth Affairs & Sports,Mansukh MANDAVIYA,6/11/2024
India,Min. of State (Independent Charge) for Earth Sciences,Jitendra SINGH,6/11/2024
India,Min. of State (Independent Charge) for Planning,Inderjit Singh RAO,6/11/2024
India,Min. of State (Independent Charge) for Science and Technology,Jitendra SINGH,6/11/2024
India,Min. of State (Independent Charge) for Statistics & Program Implementation,Inderjit Singh RAO,6/11/2024
India,"Head, Dept. of Atomic Energy",Narendra MODI,6/11/2024
India,"Head, Dept. of Space",Narendra MODI,6/11/2024
India,"Governor, Reserve Bank of India",Shaktikanta DAS,6/11/2024
India,Ambassador to the US,,6/11/2024
India,"Permanent Representative to the UN, New York",Ruchira KAMBOJ,6/11/2024
Indonesia,Pres.,PRABOWO Subianto Djojohadikusumo,8/21/2025
Indonesia,Vice Pres.,GIBRAN Rakabuming Raka,8/21/2025
Indonesia,Coordinating Min. for Community Empowerment,Muhaimin ISKANDAR,8/21/2025
Indonesia,Coordinating Min. for Economic Affairs,AIRLANGGA Hartarto,8/21/2025
Indonesia,Coordinating Min. for Food,Zulkifli HASAN,8/21/2025
Indonesia,Coordinating Min. for Human Development & Culture,PRATIKNO,8/21/2025
Indonesia,Coordinating Min. for Infrastructure & Regional Development,Agus Harimurti YUDHOYONO,8/21/2025
Indonesia,"Coordinating Min. for Law, Human Rights, Immigration, & Corrections",YURSIL Ihza Mahendra,8/21/2025
Indonesia,Coordinating Min. for Political & Security Affairs,Budi GUNAWAN,8/21/2025
Indonesia,Min. of Agrarian Affairs & Spatial Planning,NUSRON Wahid,8/21/2025
Indonesia,Min. of Agriculture,Andi Amran SULAIMAN,8/21/2025
Indonesia,Min. of Communication & Digital,Meutya HAFID,8/21/2025
Indonesia,Min. of Cooperatives,Budi Arie SETIADI,8/21/2025
Indonesia,Min. of Creative Economy,TEUKU RIEFKY Harsya,8/21/2025
Indonesia,Min. of Culture,Fadli ZON,8/21/2025
Indonesia,Min. of Defense,SJAFRIE Sjamsoeddin,8/21/2025
Indonesia,Min. of Energy & Mineral Resources,Bahlil LAHADALIA,8/21/2025
Indonesia,Min. of Environment,Hanif Faisol NUROFIQ,8/21/2025
Indonesia,Min. of Finance,Sri MULYANI Indrawati,8/21/2025
Indonesia,Min. of Foreign Affairs,SUGIONO,8/21/2025
Indonesia,Min. of Forestry,Raja Juli ANTONI,8/21/2025
Indonesia,Min. of Health,Budi Gunadi SADIKIN,8/21/2025
Indonesia,Min. of Home Affairs,Tito KARNAVIAN,8/21/2025
Indonesia,Min. of Housing & Settlement Areas,Maruarar SIRAIT,8/21/2025
Indonesia,Min. of Human Rights,Natalius PIGAI,8/21/2025
Indonesia,Min. of Immigration & Corrections,Agus ADRIANTO,8/21/2025
Indonesia,Min. of Industry,Agus Gumiwang KARTASASMITA,8/21/2025
Indonesia,Min. of Investment & Downstream,Rosan ROESLANI,8/21/2025
Indonesia,Min. of Law,SUPRATMAN Andi Agtas,8/21/2025
Indonesia,Min. of Manpower,Imannuel EBENZER,8/21/2025
Indonesia,Min. of Marine Affairs & Fisheries,Sakti Wahyu TRENGGONO,8/21/2025
Indonesia,"Min. of Micro, Small, & Medium Enterprises",Maman ABDURRAHMAN,8/21/2025
Indonesia,Min. of Migrant Workers Protection,Abdul Kadir KARDING,8/21/2025
Indonesia,Min. of National Development Planning,Rachmat PAMBUDY,8/21/2025
Indonesia,Min. of Population & Family Development,WIHAJI,8/21/2025
Indonesia,Min. of Primary & Secondary Education,Abdul MU'TI,8/21/2025
Indonesia,Min. of Religion,NASARUDDIN Umar,8/21/2025
Indonesia,Min. of Research & Higher Education,Satryo Soemantri BRODJONEGORO,8/21/2025
Indonesia,Min. of Social Affairs,Saifullah YUSUF,8/21/2025
Indonesia,Min. of State Apparatus Empowerment & Bureaucratic Reform,Rini WIDYANTINI,8/21/2025
Indonesia,Min. of State-Owned Enterprises,Erick THOHIR,8/21/2025
Indonesia,Min. of State Secretary,Prasetyo HADI,8/21/2025
Indonesia,Min. of Tourism,Widiyandti Putri WARDHANA,8/21/2025
Indonesia,Min. of Trade,Budi SANTOSO,8/21/2025
Indonesia,Min. of Transmigration,Iftitah SURYANEGARA,8/21/2025
Indonesia,Min. of Transportation,Dudy PURWAGANDHI,8/21/2025
Indonesia,Min. of Villages & Development of Disadvantaged Regions,Yandri SUSANTO,8/21/2025
Indonesia,Min. of Women's Empowerment & Child Protection,Arifatul Choiri FAUZI,8/21/2025
Indonesia,Min. of Youth and Sports,Ario Bimo Nandito ARIOTEDJO,8/21/2025
Indonesia,Attorney Gen.,Sanitiar BURHANUDDIN,8/21/2025
Indonesia,Cabinet Sec.,Teddy Indra WIJAYA,8/21/2025
Indonesia,Chief of the State Intelligence Agency,Muhammad HERINDRA,8/21/2025
Indonesia,"Governor, Bank Indonesia",Perry WARJIYO,8/21/2025
Indonesia,Ambassador to the US,INDROYONO Soesilo,8/21/2025
Indonesia,"Permanent Representative to the UN, New York",Umar HADI,8/21/2025
Iran,Supreme Leader,"Ali Hoseini-KHAMENEI, Ayatollah",10/10/2024
Iran,Pres.,Masud PEZESHKIAN,10/10/2024
Iran,Sec. of the Cabinet,Kamil TAQAVI-NEJAD,10/10/2024
Iran,Chief of Staff,Mohsen Haji-MIRZAEI,10/10/2024
Iran,First Vice Pres.,Mohammad-Reza AREF,10/10/2024
Iran,Vice Pres. for Economic Affairs,,10/10/2024
Iran,Vice Pres. for Executive Affairs,Mohammad-Jafar QAEMPANAH,10/10/2024
Iran,Vice Pres. for Legal Affairs,"Majid ANSARI, Hojjat-ol Eslam",10/10/2024
Iran,Vice Pres. for Parliamentary Affairs,Shahram DABIRI,10/10/2024
Iran,"Vice Pres. & Head, Planning and Budget Organization",Hamid PUR-MOHAMMADI,10/10/2024
Iran,Vice Pres. for Science & Technology,Hosein AFSHIN,10/10/2024
Iran,Vice Pres. for Women's & Family Affairs,Zahra BEHRUZ-AZAR,10/10/2024
Iran,"Vice Pres. & Head, Administrative and Employment Affairs",Maysam LATIFI,10/10/2024
Iran,"Vice Pres. & Head, Atomic Energy Organization of Iran",Mohammad ESLAMI,10/10/2024
Iran,"Vice Pres. & Head, Environmental Protection Organization",Shina ANSARI,10/10/2024
Iran,"Vice Pres. & Head, Martyrs & War Veterans Affairs Foundation",Said OHADI,10/10/2024
Iran,Min. of Agricultural Jihad,Qolam-Reza Nuri-QEZELJEH,10/10/2024
Iran,Min. of Communication & Information Technology,Sattar HASHEMI,10/10/2024
Iran,"Min. of Cultural Heritage, Handicrafts, & Tourism",Mohammad-Reza SALEHI-AMIRI,10/10/2024
Iran,Min. of Culture & Islamic Guidance,Abbas Salehi-SHARIATI,10/10/2024
Iran,Min. of Defense & Armed Forces Logistics,"Aziz NASIRZADEH, Brig. Gen.",10/10/2024
Iran,Min. of Economic Affairs & Finance,Abdol-Naser HEMMATI,10/10/2024
Iran,Min. of Education,Ali-Reza KAZEMI,10/10/2024
Iran,Min. of Energy,Abbas ALI-ABADI,10/10/2024
Iran,Min. of Foreign Affairs,Abbas ARAQCHI,10/10/2024
Iran,"Min. of Health, Treatment, & Medical Education",Mohammad-Reza ZAFARQANDI,10/10/2024
Iran,"Min. of Industry, Mining, & Trade",Mohammad ATABAK,10/10/2024
Iran,Min. of Intelligence & Security,"Esmail KHATIB, Hojjat ol-Eslam",10/10/2024
Iran,Min. of Interior,Eskandar MOMENI,10/10/2024
Iran,Min. of Justice,Amin-Hosein RAHIMI,10/10/2024
Iran,"Min. of Labor, Cooperatives, & Social Welfare",Ahmad MEYDARI,10/10/2024
Iran,Min. of Petroleum,Mohsen PAK-NEJAD,10/10/2024
Iran,Min. of Roads & Urban Development,Farzaneh Sadeq-MALVAJERD,10/10/2024
Iran,"Min. of Science, Research, & Technology",Hosein Simaei-SARAF,10/10/2024
Iran,Min. of Sports & Youth,Ahmad DONYAMALI,10/10/2024
Iran,"Governor, Central Bank of Iran",Mohamad-Reza FARZIN,10/10/2024
Iran,"Permanent Representative to the UN, New York",Amir Said IRAVANI,10/10/2024
Iraq,Pres.,Latif RASHID,6/20/2025
Iraq,Vice Pres.,Vacant,6/20/2025
Iraq,Prime Min.,Muhammad Shia’ al-SUDANI,6/20/2025
Iraq,Min. of Agriculture,Abbas Jabr al-MALIKI,6/20/2025
Iraq,Min. of Communications,Hiyam al-YASIRI,6/20/2025
Iraq,"Min. of Construction, Housing, & Municipalities",Bengin RAKANI,6/20/2025
Iraq,"Min. of Culture, Tourism, & Antiquities",Ahmad al-FAKAK,6/20/2025
Iraq,Min. of Defense,THABIT al-‘Abbasi,6/20/2025
Iraq,Min. of Displacement & Migration,Evan JABRO,6/20/2025
Iraq,Min. of Education,Ibrahim NAMIS,6/20/2025
Iraq,Min. of Electricity,Ziyad Ali FADIL,6/20/2025
Iraq,Min. of Environment,Halo al-ASKARI,6/20/2025
Iraq,Min. of Finance,TAYF Sami,6/20/2025
Iraq,Min. of Foreign Affairs,Fuad HUSAYN,6/20/2025
Iraq,Min. of Health,Salih al-HASNAWI,6/20/2025
Iraq,Min. of Higher Education & Scientific Research,Naim al-ABUDI,6/20/2025
Iraq,Min. of Industry & Minerals,Khalid al-BATAL,6/20/2025
Iraq,Min. of Interior,Abd al-Amir al-SHAMMARI,6/20/2025
Iraq,Min. of Justice,Khalid SHWANI,6/20/2025
Iraq,Min. of Labor & Social Affairs,Ahmad al-ASADI,6/20/2025
Iraq,Min. of Oil,HAYYAN Abd al-Ghani,6/20/2025
Iraq,Min. of Planning,Muhammad TAMIM,6/20/2025
Iraq,Min. of Trade,Athir al-GHURAYRI,6/20/2025
Iraq,Min. of Transportation,Razaq MUHAYBIS,6/20/2025
Iraq,Min. of Water Resources,Awn Diab ABDULLAH,6/20/2025
Iraq,Min. of Youth & Sports,Ahmad al-MUBARAQA,6/20/2025
Iraq,"Governor, Central Bank of Iraq",Ali Muhsin al-ALLAQ,6/20/2025
Iraq,"Chairman, Trade Bank of Iraq",Bilal al-HAMDANI (Acting),6/20/2025
Iraq,Ambassador to the US,Nizar al-KHAYRALLAH,6/20/2025
Iraq,"Charge d’Affaires, Embassy, Washington",Abbas Kadhum UBAYD al-Fatlawi,6/20/2025
Iraq,"Permanent Representative to the UN, New York",Abbas Kadhum UBAYD al-Fatlawi,6/20/2025
Ireland,Pres.,Catherine CONNOLLY,11/20/2025
Ireland,Taoiseach (Prime Min.),Micheal MARTIN,11/20/2025
Ireland,Tanaiste (Dep. Prime Min.); Min. for Finance,Simon HARRIS,11/20/2025
Ireland,"Min. for Public Expenditure, Infrastructure, Public Service Reform, & Digitalization",Jack CHAMBERS,11/20/2025
Ireland,Min. for Foreign Affairs & Trade; Min. for Defense,Helen MCENTEE,11/20/2025
Ireland,"Min. for Climate, Environment, & Energy; Min. for Transport",Darragh O’BRIEN,11/20/2025
Ireland,Min. for Education and Youth,Hildegarde NAUGHTON,11/20/2025
Ireland,"Min. for Children, Disability, & Equality",Norma FOLEY,11/20/2025
Ireland,"Min. for Enterprise, Tourism, & Employment",Peter BURKE,11/20/2025
Ireland,Min. for Social Protection; Min. for Rural & Community Development and the Gaeltacht,Dara CALLEARY,11/20/2025
Ireland,"Min. for Culture, Communications, & Sport",Patrick O’DONOVAN,11/20/2025
Ireland,Min. for Health,Jennifer CARROLL MACNEILL,11/20/2025
Ireland,"Min. for Housing, Local Govt., & Heritage",James BROWNE,11/20/2025
Ireland,"Min. for Justice, Home Affairs, & Migration",Jim O’CALLAGHAN,11/20/2025
Ireland,"Min. for Agriculture, Food, Fisheries, & the Marine",Martin HEYDON,11/20/2025
Ireland,"Min. for Further & Higher Education, Research, Innovation, & Science",James LAWLESS,11/20/2025
Ireland,Attorney Gen.,Rossa FANNING,11/20/2025
Ireland,"Governor, Central Bank of Ireland",Gabriel MAKHLOUF,11/20/2025
Ireland,Ambassador to the US,Geraldine BYRNE NASON,11/20/2025
Ireland,"Permanent Representative to the UN, New York",Fergal MYTHEN,11/20/2025
Israel,Pres.,Yitzhak HERZOG,11/12/2024
Israel,Prime Min.,Binyamin NETANYAHU,11/12/2024
Israel,Deputy Prime Min.,Yariv LEVIN,11/12/2024
Israel,Min. of Agriculture,Avraham “Avi” DICHTER,11/12/2024
Israel,Min. of Aliyah & Absorption,Ofir SOFER,11/12/2024
Israel,Min. of Communications,Shlomo KARHI,11/12/2024
Israel,Min. of Construction & Housing,Yitzhak GOLDKNOPF,11/12/2024
Israel,Min. of Culture & Sports,Miki ZOHAR,11/12/2024
Israel,Min. of Defense,Yisrael Katz,11/12/2024
Israel,"Min. of Development of the Negev, Galilee, and National Resilience",Yitzhak WASSERLAUF,11/12/2024
Israel,Min. of Diaspora Affairs & Social Equality,Amichai CHIKLI,11/12/2024
Israel,Min. of Economy & Industry,Nir BARKAT,11/12/2024
Israel,Min. of Education,Yoav KISCH,11/12/2024
Israel,Min. of Energy and Infrastructure,Eliyahu “Eli” COHEN,11/12/2024
Israel,Min. of Environmental Protection,Idit SILMAN,11/12/2024
Israel,Min. of Finance,Bezalel SMOTRICH,11/12/2024
Israel,Min. of Foreign Affairs,Gideon Sa'ar,11/12/2024
Israel,Min. of Health,Uriel BUSSO,11/12/2024
Israel,Min. of Heritage,Amichai ELIYAHU,11/12/2024
Israel,Min. of Interior,Moshe Arbel,11/12/2024
Israel,Min. of Jerusalem and Jewish Tradition,Meir PORUSH,11/12/2024
Israel,Min. of Justice,Yariv LEVIN,11/12/2024
Israel,"Min. of Labor, Welfare & Social Services",Ya’acov MARGI,11/12/2024
Israel,Min. of National Missions,Orit STRUCK,11/12/2024
Israel,Min. of National Security,Itamar BEN GVIR,11/12/2024
Israel,Min. of Regional Cooperation,David AMSALEM,11/12/2024
Israel,Min. of Religious Affairs,Michael MALCHIELI,11/12/2024
Israel,"Min. of Innovation, Science, and Technology",Gila GAMLIEL,11/12/2024
Israel,Min. of Strategic Affairs,Ron DERMER,11/12/2024
Israel,Min. of Tourism,Haim KATZ,11/12/2024
Israel,Min. of Transportation,Miri REGEV,11/12/2024
Israel,Ambassador to the US,Michael HERZOG,11/12/2024
Israel,"Permanent Representative to the UN, New York",Danny Danon,11/12/2024
Italy,Pres.,Sergio MATTARELLA,3/14/2025
Italy,Prime Min.,Giorgia MELONI,3/14/2025
Italy,Dep. Prime Min.,Antonio TAJANI,3/14/2025
Italy,Dep. Prime Min.,Matteo SALVINI,3/14/2025
Italy,Under Sec. for the Presidency of the Council of Ministers,Alfredo MANTOVANO,3/14/2025
Italy,"Min. of Agriculture, Nutrition, & Forestry",Francesco LOLLOBRIGIDA,3/14/2025
Italy,Min. of Culture,Alessandro GIULI,3/14/2025
Italy,Min. of Defense,Guido CROSETTO,3/14/2025
Italy,Min. of Disability,Alessandra LOCATELLI,3/14/2025
Italy,Min. of Ecological Transition,Gilberto Pichetto FRATIN,3/14/2025
Italy,Min. of Economic Development,Adolfo URSO,3/14/2025
Italy,Min. of Economy & Finance,Giancarlo GIORGETTI,3/14/2025
Italy,Min. of Education,Giuseppe VALDITARA,3/14/2025
Italy,Min. of European Affairs,Raffaele FITTO,3/14/2025
Italy,Min. of Family & Equal Opportunity,Eugenia ROCCELLA,3/14/2025
Italy,Min. of Foreign Affairs,Antonio TAJANI,3/14/2025
Italy,Min. of Health,Orazio SCHILLACI,3/14/2025
Italy,Min. of Infrastructure & Transportation,Matteo SALVINI,3/14/2025
Italy,Min. of Interior,Matteo PIANTEDOSI,3/14/2025
Italy,Min. of Justice,Carlo NORDIO,3/14/2025
Italy,Min. of Labor,Marina Elvira CALDERONE,3/14/2025
Italy,Min. of Parliamentary Relations,Luca CIRIANI,3/14/2025
Italy,Min. of Public Admin.,Paolo ZANGRILLO,3/14/2025
Italy,Min. of Reforms,Maria Elisabetta Alberti CASELLATI,3/14/2025
Italy,Min. of Regions & Autonomous Areas,Roberto CALDEROLI,3/14/2025
Italy,Min. of the Sea and South,Nello MUSUMECI,3/14/2025
Italy,Min. of Tourism,Daniela SANTANCHE,3/14/2025
Italy,Min. of Universities,Anna Maria BERNINI,3/14/2025
Italy,Min. of Youth & Sport,Andrea ABODI,3/14/2025
Italy,"Governor, Bank of Italy",Ignazio VISCO,3/14/2025
Italy,Ambassador to the US,Mariangela ZAPPIA,3/14/2025
Italy,"Permanent Representative to the UN, New York",Maurizio MASSARI,3/14/2025
Jamaica,Prime Min.,Andrew Michael HOLNESS,6/4/2025
Jamaica,Deputy Prime Min.,"Horace CHANG, Dr.",6/4/2025
Jamaica,"Min. of Agriculture, Fisheries, & Mining",Floyd GREEN,6/4/2025
Jamaica,"Min. of Culture, Gender, Entertainment, & Sport",Olivia Atavia GRANGE,6/4/2025
Jamaica,Min. of Defense,Andrew Michael HOLNESS,6/4/2025
Jamaica,Min. of Economic Growth & Job Creation,Andrew Michael HOLNESS,6/4/2025
Jamaica,Min. of Education & Youth,Fayval WILLIAMS,6/4/2025
Jamaica,Min. of Finance & the Public Service,Fayval WILLIAMS,6/4/2025
Jamaica,Min. of Foreign Affairs & Foreign Trade,Kamina Elizabeth JOHNSON SMITH,6/4/2025
Jamaica,Min. of Health & Wellness,"Christopher Charles TUFTON, Dr.",6/4/2025
Jamaica,Min. of Justice,Delroy Aubyn CHUCK,6/4/2025
Jamaica,Min. of Labor & Social Security,"Pearnel CHARLES, Jr.",6/4/2025
Jamaica,Min. of Legal & Constitutional Affairs,Marlene Malahoo FORTE,6/4/2025
Jamaica,Min. of Local Govt. & Rural Development,Desmond MCKENZIE,6/4/2025
Jamaica,Min. of National Security,"Horace CHANG, Dr.",6/4/2025
Jamaica,"Min. of Science, Energy, Telecommunications, & Transport",Daryl Wesley Phillip VAZ,6/4/2025
Jamaica,Min. of Tourism,Edmund Curtis BARTLETT,6/4/2025
Jamaica,Attorney General,"Derrick MCKOY, Dr.",6/4/2025
Jamaica,"Governor, Central Bank","Richard Owen BYLES, Dr.",6/4/2025
Jamaica,Ambassador to the US,"Antony ANDERSON, Maj. Gen. Ret.",6/4/2025
Jamaica,"Permanent Representative to the UN, New York",Brian WALLACE,6/4/2025
Japan,Emperor,NARUHITO,5/23/2025
Japan,Prime Min.,ISHIBA Shigeru,5/23/2025
Japan,Dep. Prime Min.,,5/23/2025
Japan,Chief Cabinet Sec.,HAYASHI Yoshimasa,5/23/2025
Japan,"Min. of Agriculture, Forestry, & Fisheries",KOIZUMI Shinjiro,5/23/2025
Japan,Min. of Defense,NAKATANI Gen,5/23/2025
Japan,"Min. of Economy, Trade, & Industry",MUTO Yoji,5/23/2025
Japan,"Min. of Education, Culture, Sports, Science, & Technology",ABE Toshiko,5/23/2025
Japan,Min. of the Environment,ASAO Keiichiro,5/23/2025
Japan,Min. of Finance,KATO Katsunobu,5/23/2025
Japan,Min. of Foreign Affairs,IWAYA Takeshi,5/23/2025
Japan,"Min. of Health, Labor, & Welfare",FUKUOKA Takamaro,5/23/2025
Japan,Min. of Internal Affairs & Communications,MURAKAMI Seiichiro,5/23/2025
Japan,Min. of Justice,SUZUKI Keisuke,5/23/2025
Japan,"Min. of Land, Infrastructure, Transport, & Tourism",NAKANO Hiromasa,5/23/2025
Japan,Min. of Reconstruction,ITO Tadahiko,5/23/2025
Japan,Min. for Consumer Affairs & Food Safety,ITO Yoshitaka,5/23/2025
Japan,Min. for Digital Transformation,TAIRA Masaaki,5/23/2025
Japan,Min. for Green Transformation,MUTO Yoji,5/23/2025
Japan,Min. for the 2025 World Exposition in Osaka,ITO Yoshitaka,5/23/2025
Japan,Min. for the 2027 World Horticultural Exposition in Yokohama,NAKANO Hiromasa,5/23/2025
Japan,Min. in Charge of the Abduction Issue,HAYASHI Yoshimasa,5/23/2025
Japan,Min. in Charge of Admin. Reform,TAIRA Masaaki,5/23/2025
Japan,Min. in Charge of Building National Resilience,SAKAI Manabu,5/23/2025
Japan,Min. in Charge of Civil Service Reform,TAIRA Masaaki,5/23/2025
Japan,Min. in Charge of Cohesive Society,MIHARA Junko,5/23/2025
Japan,Min. in Charge of Comprehensive Policy Coordination for Revival From the Nuclear Accident at Fukushima,ITO Tadahiko,5/23/2025
Japan,Min. in Charge of Cyber Security,TAIRA Masaaki,5/23/2025
Japan,Min. in Charge of Economic Revitalization,AKAZAWA Ryosei,5/23/2025
Japan,Min. in Charge of Economic Security,KIUCHI Minoru,5/23/2025
Japan,Min. in Charge of Industrial Competitiveness,MUTO Yoji,5/23/2025
Japan,Min. in Charge of Infectious Disease Crisis Management,AKAZAWA Ryosei,5/23/2025
Japan,Min. in Charge of Mitigating the Impact of US Forces in Okinawa,HAYASHI Yoshimasa,5/23/2025
Japan,Min. in Charge of New Capitalism,AKAZAWA Ryosei,5/23/2025
Japan,Min. in Charge of New Regional Economy & Living Environment Revitalization,ITO Yoshitaka,5/23/2025
Japan,Min. in Charge of Overcoming Deflation,KATO Katsunobu,5/23/2025
Japan,Min. in Charge of the Response to the Economic Impact Caused by the Nuclear Incident,MUTO Yoji,5/23/2025
Japan,Min. in Charge of Social Security Reform,AKAZAWA Ryosei,5/23/2025
Japan,Min. in Charge of Startups,AKAZAWA Ryosei,5/23/2025
Japan,Min. in Charge of Territorial Issues,SAKAI Manabu,5/23/2025
Japan,Min. in Charge of Wage Increases,AKAZAWA Ryosei,5/23/2025
Japan,Min. in Charge of Water Cycle Policy,NAKANO Hiromasa,5/23/2025
Japan,Min. in Charge of Women's Empowerment,MIHARA Junko,5/23/2025
Japan,Min. of State for Ainu-Related Policies,ITO Yoshitaka,5/23/2025
Japan,Min. of State for Cohesion & Mutual Assistance,MIHARA Junko,5/23/2025
Japan,"Min. of State for ""Cool Japan"" Strategy",KIUCHI Minoru,5/23/2025
Japan,Min. of State for Disaster Management & Ocean Policy,SAKAI Manabu,5/23/2025
Japan,Min. of State for Economic & Fiscal Policy,AKAZAWA Ryosei,5/23/2025
Japan,Min. of State for Economic Security,KIUCHI Minoru,5/23/2025
Japan,Min. of State for Financial Services,KATO Katsunobu,5/23/2025
Japan,Min. of State for Gender Equality,MIHARA Junko,5/23/2025
Japan,Min. of State for Intellectual Property Strategy,KIUCHI Minoru,5/23/2025
Japan,Min. of State for Measures for Declining Birthrate,MIHARA Junko,5/23/2025
Japan,Min. of State for the Nuclear Damage Compensation & Decommissioning Facilitation Corporation,MUTO Yoji,5/23/2025
Japan,Min. of State for Nuclear Emergency Preparedness,ASAO Keiichiro,5/23/2025
Japan,Min. of State for Okinawa & Northern Territories Affairs,ITO Yoshitaka,5/23/2025
Japan,Min. of State for Policies Related to Children,MIHARA Junko,5/23/2025
Japan,Min. of State for Regional Revitalization,ITO Yoshitaka,5/23/2025
Japan,Min. of State for Regulatory Reform,TAIRA Masaaki,5/23/2025
Japan,Min. of State for S&T Policy,KIUCHI Minoru,5/23/2025
Japan,Min. of State for Space Policy,KIUCHI Minoru,5/23/2025
Japan,Min. of State for Youth Empowerment,MIHARA Junko,5/23/2025
Japan,"Chair, National Public Safety Commission",SAKAI Manabu,5/23/2025
Japan,"Governor, Bank of Japan",UEDA Kazuo,5/23/2025
Japan,Ambassador to the US,YAMADA Shigeo,5/23/2025
Japan,"Permanent Representative to the UN, New York",YAMAZAKI Kazuyuki,5/23/2025
Jordan,King,ABDALLAH II,12/4/2025
Jordan,Prime Min. and Min. of Defense,Jafar HASSAN,12/4/2025
Jordan,Dep. Prime Min. and Min. of Foreign Affairs & Expatriates,Ayman al-SAFADI,12/4/2025
Jordan,Min. of Agriculture,Saeb KHURAYSAT,12/4/2025
Jordan,Min. of Awqaf & Islamic Affairs,Mohammad al-KHALAYLEH,12/4/2025
Jordan,Min. of Culture,Mustafa al-RAWASHDEH,12/4/2025
Jordan,Min. of Digital Economy & Entrepreneurship,Sami SAMIRAT,12/4/2025
Jordan,"Min. of Education, Higher Education, & Scientific Research",Azmi MAHAFZAH,12/4/2025
Jordan,Min. of Energy & Mineral Resources,Saleh al-KHARABSHEH,12/4/2025
Jordan,Min. of Environment,Ayman SULAYMAN,12/4/2025
Jordan,Min. of Finance,Abdul Hakim al-SHIBLI,12/4/2025
Jordan,Min. of Government Communication,Muhammad al-MOMANI,12/4/2025
Jordan,Min. of Health,Ibrahim al-BADUR,12/4/2025
Jordan,"Min. of Industry, Trade, & Supply",Yarub QUDAH,12/4/2025
Jordan,Min. of Interior,Mazin al-FARAYAH,12/4/2025
Jordan,Min. of Investment,Tariq Abu GHAZALAH,12/4/2025
Jordan,Min. of Justice,Bassam TALHOUNI,12/4/2025
Jordan,Min. of Labor,Khaled al-BAKKAR,12/4/2025
Jordan,Minister of Local Administration,Walid al-MASRI,12/4/2025
Jordan,Min. of Planning & Intl. Cooperation,Zaina TOUKAN,12/4/2025
Jordan,Min. of Political & Parliamentary Affairs,Abdelmunim al-OUDAT,12/4/2025
Jordan,Min. of Public Works & Housing,Ahmad ABU-SAMEN,12/4/2025
Jordan,Min. of Social Development,Wafaa Bani-MUSTAFA,12/4/2025
Jordan,Min. of State,Ahmad al-AWIDI,12/4/2025
Jordan,Minister of State for Economic Affairs,Muhannad SHEHADEH,12/4/2025
Jordan,Minister of State for Foreign Affairs,Nancy NAMROQAH,12/4/2025
Jordan,Min. of State for Legal Affairs,Fayyad al-QUDAH,12/4/2025
Jordan,Min. of State for Prime Ministry Affairs,Abdul Latif al-NAJDAWI,12/4/2025
Jordan,Minister of State for Public Sector Development:,Badriyah al-BALBAYSI,12/4/2025
Jordan,Min. of Tourism & Antiquities,Imad al-HIJAZIN,12/4/2025
Jordan,Min. of Transportation,Nidal al-QATAMIN,12/4/2025
Jordan,Min. of Water & Irrigation,Raed Abu Al-SOUD,12/4/2025
Jordan,Min. of Youth,Raed al-ADWAN,12/4/2025
Jordan,"Governor, Central Bank of Jordan",Adel SHARKAS,12/4/2025
Jordan,Ambassador to the US,Dina KAWAR,12/4/2025
Jordan,"Permanent Representative to the UN, New York",Walid OBEIDAT,12/4/2025
Kazakhstan,Pres.,Kasym-Zhomart TOKAYEV,12/3/2025
Kazakhstan,Prime Min.,Olzhas BEKTENOV,12/3/2025
Kazakhstan,First Dep. Prime Min.,Roman SKLYAR,12/3/2025
Kazakhstan,Dep. Prime Min. & Chief of Government Apparatus,Galymzhan KOYSHYBAYEV,12/3/2025
Kazakhstan,Dep. Prime Min.,Aida BALAYEVA,12/3/2025
Kazakhstan,Dep. Prime Min.,Kanat BOZUMBAYEV,12/3/2025
Kazakhstan,Dep. Prime Min.,Zhaslan MADIYEV,12/3/2025
Kazakhstan,Dep. Prime Min.,Serik ZHUMANGARIN,12/3/2025
Kazakhstan,Min. of Agriculture,Aydarbek SAPAROV,12/3/2025
Kazakhstan,Min. of Artificial Intelligence & Digital Development,Zhaslan MADIYEV,12/3/2025
Kazakhstan,Min. of Culture & Information,Aida BALAYEVA,12/3/2025
Kazakhstan,Min. of Defense,Dauren KOSANOV,12/3/2025
Kazakhstan,Min. of Ecology & Natural Resources,Yerlan NYSANBAYEV,12/3/2025
Kazakhstan,Min. of Education,Zhuldyz SULEYMENOVA,12/3/2025
Kazakhstan,Min. for Emergency Situations,Chingis ARINOV,12/3/2025
Kazakhstan,Min. of Energy,Yerlan AKKENZHENOV,12/3/2025
Kazakhstan,Min. of Finance,Madi TAKIYEV,12/3/2025
Kazakhstan,Min. of Foreign Affairs,Yermek KOSHERBAYEV,12/3/2025
Kazakhstan,Min. of Health,Akmaral ALNAZAROVA,12/3/2025
Kazakhstan,Min. of Industry & Construction,Yersayyn NAGASPAYEV,12/3/2025
Kazakhstan,Min. of Internal Affairs,Yerzhan SADENOV,12/3/2025
Kazakhstan,Min. of Justice,Yerlan SARSEMBAYEV,12/3/2025
Kazakhstan,Min. of Labor & Social Protection of the Population,Svetlana ZHAKUPOVA,12/3/2025
Kazakhstan,Min. of National Economy,Serik ZHUMANGARIN,12/3/2025
Kazakhstan,Min. of Science & Higher Education,Sayasat NURBEK,12/3/2025
Kazakhstan,Min. of Tourism & Sports,Yerbol MYRZABOSYNOV,12/3/2025
Kazakhstan,Min. of Trade & Integration,Arman SHAKKALIYEV),12/3/2025
Kazakhstan,Min. of Transport,Nurlan SAURANBAYEV,12/3/2025
Kazakhstan,Min. of Water Resources & Irrigation,Nurzhan NURZHIGITOV,12/3/2025
Kazakhstan,"Sec., Security Council",Gizat NURDAULETOV,12/3/2025
Kazakhstan,"Chmn., Ctte. for National Security (KNB)",Yermek SAGIMBAYEV,12/3/2025
Kazakhstan,Prosecutor Gen.,Berik ASYLOV,12/3/2025
Kazakhstan,"Chair, National Bank",Timur SULEYMENOV,12/3/2025
Kazakhstan,Ambassador to the US,Magzhan ILYASOV,12/3/2025
Kazakhstan,"Permanent Representative to the UN, New York",Kayrat UMAROV,12/3/2025
Kenya,Pres.,"William Samoei RUTO, Dr.",8/8/2025
Kenya,Dep. Pres.,"Abraham Kithure KINDIKI, Prof.",8/8/2025
Kenya,Prime Cabinet Secretary,"Wycliffe Musalia MUDAVADI, Dr.",8/8/2025
Kenya,Cabinet Sec. for Agriculture & Livestock Development,Mutahi KAGWE,8/8/2025
Kenya,Cabinet Sec. for Cooperatives & Micro Small & Medium Enterprises (MSMEs) Development,Wycliffe Ambetsa OPARANYA,8/8/2025
Kenya,Cabinet Sec. for Defense,"Roselinda Soipan TUYA, Hon.",8/8/2025
Kenya,Cabinet Sec. for East African Community Affairs & Regional Development,Beatrice Askul MOE,8/8/2025
Kenya,Cabinet Sec. for Education,"Julius Migos OGAMBA, Hon.",8/8/2025
Kenya,Cabinet Sec. for Energy & Petroleum,James Opiyo WANDAYI,8/8/2025
Kenya,"Cabinet Sec. for Environment, Climate Change, & Forestry","Deborah Mulongo BARASA, Dr.",8/8/2025
Kenya,Cabinet Sec. for Foreign and Diaspora Affairs,"Wycliffe Musalia MUDAVADI, Dr.",8/8/2025
Kenya,"Cabinet Sec. for Gender, Culture, Arts, & Heritage",Hanna Wendot CHEPTUMO,8/8/2025
Kenya,Cabinet Sec. for Health,"Aden Bare DUALE Gure, Hon.",8/8/2025
Kenya,"Cabinet Sec. for Information, Communication, & the Digital Economy","William KABOGO Gitau, Dr.",8/8/2025
Kenya,Cabinet Sec. for Interior & National Administration,"Onesmus Kipchumba MURKOMEN, Hon.",8/8/2025
Kenya,"Cabinet Sec. for Investments, Trade, & Industry",Lee Maiyani KINYANJUI,8/8/2025
Kenya,Cabinet Sec. for Labor & Social Protection,"Alfred Nganga MUTUA, Dr.",8/8/2025
Kenya,"Cabinet Sec. for Lands, Public Works, Housing, & Urban Development","Alice Muthoni WAHOME Ngayu, Hon.",8/8/2025
Kenya,"Cabinet Sec. for Mining, Blue Economy, & Maritime Affairs",Hassan Ali JOHO,8/8/2025
Kenya,Cabinet Sec. for National Treasury & Economic Planning,John MBADI Ng’ongo,8/8/2025
Kenya,Cabinet Sec. for Public Service & Human Capital Development,Geoffrey Kariuki Kiringa RUKU,8/8/2025
Kenya,Cabinet Sec. for Roads & Transport,Davis Kimutai CHIRCHIR,8/8/2025
Kenya,Cabinet Sec. for Tourism & Wildlife,"Rebecca MIANO, Hon.",8/8/2025
Kenya,"Cabinet Sec. for Water, Sanitation, & Irrigation",Eric Murithi MUGAA,8/8/2025
Kenya,"Cabinet Sec. for Youth Affairs, Creative Economy, & Sports","Salim MVURYA Mgala, Hon.",8/8/2025
Kenya,Ambassador to the US,David Kiplagat KERICH,8/8/2025
Kenya,Attorney Gen.,"Dorcas Agik Abuya ODUOR, Hon.",8/8/2025
Kenya,"Governor, Central Bank of Kenya","Kamau THUGGE, Dr.",8/8/2025
Kenya,Inspector Gen. of National Police Service,Douglas KANJA Kirocho,8/8/2025
Kenya,"Permanent Representative to the UN, New York",Erastus Ekitela LOKAALE,8/8/2025
Kiribati,Pres.,Taneti MAAMAU,12/2/2024
Kiribati,Vice Pres.,"Teuea TOATU, Dr.",12/2/2024
Kiribati,"Min. for Commerce, Industry, & Cooperatives",Tangariki REETE,12/2/2024
Kiribati,Min. for Culture & Internal Affairs,Harry TEKAITI,12/2/2024
Kiribati,Min. for Education,Ruateki TEKAIARA,12/2/2024
Kiribati,Min. for Employment & Human Resources,Auria KITINA,12/2/2024
Kiribati,"Min. for Environment, Lands, & Agricultural Development",Tokaibure RABAUA,12/2/2024
Kiribati,Min. for Finance & Economic Development,"Teuea TOATU, Dr.",12/2/2024
Kiribati,Min. for Fisheries & Marine Resources Development,Ribanataake TIWAU,12/2/2024
Kiribati,Min. for Foreign Affairs & Immigration,Taneti MAAMAU,12/2/2024
Kiribati,Min. for Health & Medical Services,"Booti NAUAN, Dr.",12/2/2024
Kiribati,"Min. for Information, Communications, & Transport",Alexander TEABO,12/2/2024
Kiribati,Min. for Infrastructure & Sustainable Energy,Tekeeua TARATI,12/2/2024
Kiribati,Min. for Justice,Martin MORETI,12/2/2024
Kiribati,Min. for the Line & Phoenix Islands Development,Mikarite TEMARI,12/2/2024
Kiribati,"Min. for Women, Youth, Sports, & Social Affairs",Ruth CROSS KWANSING,12/2/2024
Kiribati,Attorney Gen.,Tetiro SEMILOTA,12/2/2024
Kiribati,Ambassador to the US,Teburoro TITO,12/2/2024
Kiribati,"Permanent Representative to the UN, New York",Teburoro TITO,12/2/2024
"Korea, North","President, State Affairs Commission (SAC)",KIM Jong Un,1/4/2023
"Korea, North","First President, SAC",CHOE Ryong Hae,1/4/2023
"Korea, North","Vice President, SAC",KIM Tok Hun,1/4/2023
"Korea, North","Member, SAC",JO Yong Won,1/4/2023
"Korea, North","Member, SAC",RI Yong Gil,1/4/2023
"Korea, North","Member, SAC",O Su Yong,1/4/2023
"Korea, North","Member, SAC",RI Son Gwon,1/4/2023
"Korea, North","Member, SAC",KIM Song Nam,1/4/2023
"Korea, North","Member, SAC",KANG Sun Nam,1/4/2023
"Korea, North","Member, SAC",RI Chang Dae,1/4/2023
"Korea, North","Member, SAC",CHOE Son Hui,1/4/2023
"Korea, North","Member, SAC",RI Thae Sop,1/4/2023
"Korea, North","Member, SAC",KIM Yo Jong,1/4/2023
"Korea, North",Min. of National Defense (subordinate to the SAC),KANG Sun Nam,1/4/2023
"Korea, North",Min. of Public Security (subordinate to the SAC),RI Thae Sop,1/4/2023
"Korea, North",Min. of State Security (subordinate to the SAC),RI Chang Dae,1/4/2023
"Korea, North","Chief, Korean People's Army General Staff Department",PAK Su Il,1/4/2023
"Korea, North","Chairman, Supreme People's Assembly (SPA) Standing Committee",CHOE Ryong Hae,1/4/2023
"Korea, North","Vice Chmn., SPA Standing Committee",KANG Yun Sok,1/4/2023
"Korea, North","Sec. Gen., SPA Standing Committee",KO Kil Son,1/4/2023
"Korea, North","Member, SPA Standing Committee",RI Son Gwon,1/4/2023
"Korea, North","Member, SPA Standing Committee",KIM Yong Hwan,1/4/2023
"Korea, North","Member, SPA Standing Committee",MUN Chol,1/4/2023
"Korea, North","Member, SPA Standing Committee",PAK In Chol,1/4/2023
"Korea, North","Member, SPA Standing Committee",HAN Jong Hyok,1/4/2023
"Korea, North","Member, SPA Standing Committee",KIM Jong Sun,1/4/2023
"Korea, North","Chmn., SPA",PAK Thae Song,1/4/2023
"Korea, North","Vice Chmn., SPA",PAK Chol Min,1/4/2023
"Korea, North","Vice Chmn., SPA",PAK Kum Hui,1/4/2023
"Korea, North","Premier, Cabinet",KIM Tok Hun,1/4/2023
"Korea, North","Vice Premier, Cabinet",PAK Jong Gun,1/4/2023
"Korea, North","Vice Premier, Cabinet",JON Hyon Chol,1/4/2023
"Korea, North","Vice Premier, Cabinet",JON Sung Guk,1/4/2023
"Korea, North","Vice Premier, Cabinet",RI Song Hak,1/4/2023
"Korea, North","Vice Premier, Cabinet",PAK Hun,1/4/2023
"Korea, North","Vice Premier, Cabinet",JU Chol Gyu,1/4/2023
"Korea, North","Vice Premier, Cabinet",YANG Sung Ho,1/4/2023
"Korea, North","Sec. Gen., Cabinet Secretariat",KIM Kum Chol,1/4/2023
"Korea, North","Chmn., Agricultural Commission",JU Chol Gyu,1/4/2023
"Korea, North","Chmn., Capital City Construction Commission",JO Sok Ho,1/4/2023
"Korea, North","Chmn., Education Commission",KIM Sung Du,1/4/2023
"Korea, North","Chmn., State Commission of Quality Management",JO Sok Chol,1/4/2023
"Korea, North","Chmn., State Inspection Commission",KIM Jae Ryong,1/4/2023
"Korea, North","Chmn., State Planning Commission",PAK Jong Gun,1/4/2023
"Korea, North","Chmn., State Price Commission",CHOE Kang,1/4/2023
"Korea, North","Chmn., State Science & Technology Commission",RI Tu Il,1/4/2023
"Korea, North","Director, Central Statistics Bureau",RI Chol San,1/4/2023
"Korea, North","Dir., National Aerospace Development Administration",YU Chol U,1/4/2023
"Korea, North",Minister of Atomic Energy Industry,WANG Chang Uk,1/4/2023
"Korea, North",Min. of Chemical Industry,KIM Chol Ha,1/4/2023
"Korea, North",Min. of Coal Industry,JON Hak Chol,1/4/2023
"Korea, North",Min. of Commerce,KWAK Jong Jun,1/4/2023
"Korea, North",Min. of Construction & Building-Materials Industry,SO Jong Jin,1/4/2023
"Korea, North",Min. of Culture,SUNG Jong Gyu,1/4/2023
"Korea, North",Min. of Electric Power Industry,KIM Yu Il,1/4/2023
"Korea, North",Min. of External Economic Relations,YUN Jong Ho,1/4/2023
"Korea, North",Min. of Finance,KO Jong Bom,1/4/2023
"Korea, North",Min. of Fisheries,SONG Chun Sop,1/4/2023
"Korea, North",Min. of Food Industry,PAK Hyong Ryol,1/4/2023
"Korea, North",Min. of Foreign Affairs,CHOE Son Hui,1/4/2023
"Korea, North",Min. of Forestry,HAN Ryong Guk,1/4/2023
"Korea, North",Min. of Higher Education,KIM Sung Chan,1/4/2023
"Korea, North",Min. of Information Industry,JU Yong Il,1/4/2023
"Korea, North",Min. of Labor,JIN Kum Song,1/4/2023
"Korea, North",Min. of Land & Environmental Protection,KIM Song Jun,1/4/2023
"Korea, North",Min. of Land & Maritime Transport,KANG Jong Gwan,1/4/2023
"Korea, North",Min. of Light Industry,KIM Chang Sok,1/4/2023
"Korea, North",Min. of Machine-Building Industry,KIM Jong Nam,1/4/2023
"Korea, North",Min. of Metallurgical Industry,KIM Chung Gol,1/4/2023
"Korea, North",Min. of Mining Industry,KIM Chol Su,1/4/2023
"Korea, North",Min. of National Natural Resources Development,KIM Chung Song,1/4/2023
"Korea, North",Min. of Physical Culture & Sports,KIM Il Guk,1/4/2023
"Korea, North",Min. of Public Health,CHOE Kyong Chol,1/4/2023
"Korea, North",Min. of Railways,JANG Chun Song,1/4/2023
"Korea, North",Min. of Shipbuilding,KANG Chol Gu,1/4/2023
"Korea, North",Min. of State Construction Control,RI Hyok Gwon,1/4/2023
"Korea, North",Min. of Urban Management,IM Kyong Jae,1/4/2023
"Korea, North","Pres., Central Bank",CHAE Song Hak,1/4/2023
"Korea, North","Pres., State Academy of Sciences",KIM Sung Jin,1/4/2023
"Korea, North","Permanent Representative to the UN, New York",KIM Song,1/4/2023
"Korea, South",Pres.,LEE Jae Myung,10/28/2025
"Korea, South",Prime Min.,KIM Min-seok,10/28/2025
"Korea, South",Dep. Prime Min. for Economy,KOO Yun-cheol,10/28/2025
"Korea, South",Dep. Prime Min. for Science & Technology,BAE Kyung-hoon,10/28/2025
"Korea, South","Min. of Agriculture, Food, & Rural Affairs",SONG Mi-ryung,10/28/2025
"Korea, South","Min. of Culture, Sports, & Tourism",CHAE Hwi-young,10/28/2025
"Korea, South",Min. of Economy & Finance,KOO Yun-cheol,10/28/2025
"Korea, South",Min. of Education,CHOI Kyo-jin,10/28/2025
"Korea, South",Min. of Employment & Labor,KIM Young-hoon,10/28/2025
"Korea, South","Min. of Climate, Energy & Environment",KIM Sung-whan,10/28/2025
"Korea, South",Min. of Foreign Affairs,CHO Hyun,10/28/2025
"Korea, South",Min. of Gender Equality & Family,WON Min-kyong,10/28/2025
"Korea, South",Min. of Health & Welfare,JEONG Eun-kyeong,10/28/2025
"Korea, South",Min. of the Interior & Safety,YUN Ho-jung,10/28/2025
"Korea, South",Min. of Justice,JUNG Seong-ho,10/28/2025
"Korea, South","Min. of Land, Infrastructure, & Transport",KIM Yun-duk,10/28/2025
"Korea, South",Min. of National Defense,AHN Gyu-back,10/28/2025
"Korea, South",Min. of Oceans & Fisheries,CHUN Jae-soo,10/28/2025
"Korea, South",Min . of Patriots & Veterans Affairs,KWON Oh-eul,10/28/2025
"Korea, South",Min. of Science & ICT (Information & Communication Technologies),BAE Kyung-hoon,10/28/2025
"Korea, South",Min. of SMEs (Small & Medium-Sized Enterprises) & Startups,HAN Seong-sook,10/28/2025
"Korea, South","Min. of Trade, Industry, & Resources",KIM Jung-kwan,10/28/2025
"Korea, South",Min. of Unification,CHUNG Dong-young,10/28/2025
"Korea, South","Chief of Staff, Office of the Pres.",KANG Hoon-sik,10/28/2025
"Korea, South","Dir., National Intelligence Service (NIS)",LEE Jong-seok,10/28/2025
"Korea, South","Dir., Office of National Security, Office of the Pres.",WI Sung-lac,10/28/2025
"Korea, South","Governor, Bank of Korea",RHEE Chang-yong,10/28/2025
"Korea, South",Ambassador to the US,KANG Kyung-wha,10/28/2025
"Korea, South","Permanent Representative to the UN, New York",CHA Ji-hoon,10/28/2025
Kosovo,Pres.,Vjosa OSMANI-Sadriu,2/7/2024
Kosovo,Prime Min.,Albin KURTI,2/7/2024
Kosovo,"First Dep. Prime Min. for European Integration, Development, & Dialogue",Besnik BISLIMI,2/7/2024
Kosovo,Second Dep. Prime Min. & Min. of Foreign Affairs & Diaspora,Donika GERVALLA-SCHWARZ,2/7/2024
Kosovo,Third Dep. Prime Min. for Minority Issues & Human Rights,Emilija REDZEPI,2/7/2024
Kosovo,"Min. of Agriculture, Forestry, & Rural Development",Faton PECI,2/7/2024
Kosovo,Min. of Communities & Returns,Nenad RASIC,2/7/2024
Kosovo,"Min. of Culture, Youth, & Sports",Hajrulla CEKU,2/7/2024
Kosovo,Min. of Defense,Ejup MAQEDONCI,2/7/2024
Kosovo,Min. of Economy,Artane RIZVANOLLI,2/7/2024
Kosovo,"Min. of Education, Science, Technology, & Innovation",Arberie NAGAVCI,2/7/2024
Kosovo,"Min. of Environment, Spatial Planning, & Infrastructure",Liburn ALIU,2/7/2024
Kosovo,"Min. of Finance, Labor, & Transfers",Hekuran MURATI,2/7/2024
Kosovo,Min. of Health,Arben VITIA,2/7/2024
Kosovo,"Min. of Industry, Entrepreneurship, & Trade",Rozeta HAJDARI,2/7/2024
Kosovo,Min. of Internal Affairs,Xhelal SVECLA,2/7/2024
Kosovo,Min. of Justice,Albulena HAXHIU,2/7/2024
Kosovo,Min. of Local Govt. Admin.,Elbert KRASNIQI,2/7/2024
Kosovo,Min. of Regional Development,Fikrim DAMKA,2/7/2024
Kosovo,"Chairman of the Board of Governors, Central Bank of Kosovo",Ahmet Ismaili,2/7/2024
Kosovo,Ambassador to the US,Ilir DUGOLLI,2/7/2024
Kuwait,Amir,MISHAL al-Ahmad al-Jabir al-Sabah,7/10/2024
Kuwait,Crown Prince,SABAH AL-KHALID al-Hamad al-Sabah,7/10/2024
Kuwait,Prime Min.,AHMAD ABDULLAH Al-Ahmad al-Sabah,7/10/2024
Kuwait,First Dep. Prime Min.,FAHAD YUSUF Saud al-Sabah,7/10/2024
Kuwait,Dep. Prime Min.,Sharida Abdallah Saad al-MAOUSHERJI,7/10/2024
Kuwait,Dep. Prime Min.,"Imad Muhammad Abdulaziz Al-ATEEQI, Dr.",7/10/2024
Kuwait,Min. of Trade & Industry,Omar Saud Abdulaziz al-OMAR,7/10/2024
Kuwait,Min. of Defense,FAHAD YUSUF Saud al-Sabah,7/10/2024
Kuwait,"Min. of Education, Higher Education, and Scientific Research","Adel Muhammad Abdullah al-ADWANI, Dr.",7/10/2024
Kuwait,"Min. of Electricity, Water, & Renewable Energy","Mahmoud Abdulaziz Mahmoud BUSHAHRI, Dr.",7/10/2024
Kuwait,Min. of Awqaf (Endowments) & Islamic Affairs,"Muhammad Ibrahim Muhammad Al-Wasmi al-WASMI, Dr.",7/10/2024
Kuwait,Min. of Finance,"Anwar Ali Abdallah MUDHAF, Dr.",7/10/2024
Kuwait,Min. of Foreign Affairs,Abdullah Ali Abdullah al-YAHYA,7/10/2024
Kuwait,Min. of Health,"Ahmed Abdel-Wahab Ahmed al-AWADHI, Dr.",7/10/2024
Kuwait,Min. of Information and Culture,Abdulrahman Badah al-MUTAIRI,7/10/2024
Kuwait,Min. of Interior,FAHAD YUSUF Saud al-Sabah,7/10/2024
Kuwait,Min. of Justice,"Muhammad Ibrahim Muhammad Al-Wasmi al-WASMI, Dr.",7/10/2024
Kuwait,Min. of Oil,"Imad Muhammad Abdulaziz Al-ATEEQI, Dr.",7/10/2024
Kuwait,Min. of Public Works and Municipality,"Noura Mohammed Khaled al-MASHAAN, Dr.",7/10/2024
Kuwait,"Min. of Social Affairs, Family, and Childhood Affairs","Mathal Hadi Hayef al-HUWAILA, Dr.",7/10/2024
Kuwait,Min. of State for Amiri Diwan Affairs,MUHAMMAD ABDALLAH al-Sabah,7/10/2024
Kuwait,Min. of State for Cabinet Affairs,Sharida Abdallah Saad al-MAOUSHERJI,7/10/2024
Kuwait,Min. of State for Communications,Omar Saud Abdulaziz al-OMAR,7/10/2024
Kuwait,Min. of State for Economic Affairs & Investments,"Anwar Ali Abdallah MUDHAF, Dr.",7/10/2024
Kuwait,Min. of State for Housing Affairs,"Mahmoud Abdulaziz Mahmoud BUSHAHRI, Dr.",7/10/2024
Kuwait,Min. of State for Municipal Affairs,"Noura Mohammed Khaled al-MASHAAN, Dr.",7/10/2024
Kuwait,Min. of State for National Assembly,Essa al-KANDARI,7/10/2024
Kuwait,Min. of State for Youth Affairs,"Mathal Hadi Hayef al-HUWAILA, Dr.",7/10/2024
Kuwait,"Governor, Central Bank of Kuwait",Basel Ahmed al-HAROON,7/10/2024
Kuwait,Ambassador to the US,AL-ZAIN Sabah al-Naser al-Sabah,7/10/2024
Kuwait,"Permanent Representative to the UN, New York",Nasser al-HAYAN,7/10/2024
Kyrgyzstan,Pres.,Sadyr JAPAROV,12/29/2025
Kyrgyzstan,"Chairman, Cabinet of Ministers",Adylbek KASYMALIEV,12/29/2025
Kyrgyzstan,"First Dep. Chmn, Cabinet of Ministers",Daniyar AMANGELDIEV,12/29/2025
Kyrgyzstan,"Dep. Chmn, Cabinet of Ministers",Edil BAYSALOV,12/29/2025
Kyrgyzstan,"Dep. Chmn, Cabinet of Ministers",Kamchybek TASHIEV,12/29/2025
Kyrgyzstan,"Dep. Chmn, Cabinet of Ministers",Bakyt TOROBAEV,12/29/2025
Kyrgyzstan,"Min. of Agriculture, Water Resources, & the Recycling Industry",Bakyt TOROBAEV,12/29/2025
Kyrgyzstan,"Min. of Architecture, Construction, & Communal Services",Nurdan ORUNTAEV,12/29/2025
Kyrgyzstan,"Min. of Culture, Information, Sports, & Youth Policy",Mirbek MAMBETALIEV,12/29/2025
Kyrgyzstan,Min. of Defense,Ruslan MUKAMBETOV,12/29/2025
Kyrgyzstan,Min. of Digital Development & Innovative Technologies,Azamat JAMANGULOV,12/29/2025
Kyrgyzstan,Min. of Economy & Commerce,Bakyt SYDYKOV,12/29/2025
Kyrgyzstan,Min. of Education,Dogdurkul KENDIRBAEVA,12/29/2025
Kyrgyzstan,Min. of Emergency Situations,Boobek AJIKEEV,12/29/2025
Kyrgyzstan,Min. of Energy,Taalaybek IBRAEV,12/29/2025
Kyrgyzstan,Min. of Finance,Almaz BAKETAEV,12/29/2025
Kyrgyzstan,Min. of Foreign Affairs,Jeenbek KULUBAEV,12/29/2025
Kyrgyzstan,Min. of Health,Kanybek DOSMAMBETOV,12/29/2025
Kyrgyzstan,Min. of Internal Affairs,Ulanbek NIYAZBEKOV,12/29/2025
Kyrgyzstan,Min. of Justice,Ayaz BAETOV,12/29/2025
Kyrgyzstan,"Min. of Labor, Welfare, & Migration",Kanat SAGYNBAEV,12/29/2025
Kyrgyzstan,"Min. of Natural Resources, Environment, & Technical Supervision",Meder MASHIEV,12/29/2025
Kyrgyzstan,"Min. of Science, Higher Education, and Innovation",Gulzat ISAMATOVA,12/29/2025
Kyrgyzstan,Min. of Transport & Communications,Absattar SYRGABAEV,12/29/2025
Kyrgyzstan,"Chmn., State Ctte. for National Security",Kamchybek TASHIEV,12/29/2025
Kyrgyzstan,Prosecutor Gen.,Maksat ASANALIEV,12/29/2025
Kyrgyzstan,"Chmn., National Bank",Melis TURGUNBAEV,12/29/2025
Kyrgyzstan,Ambassador to the US,Aybek MOLDOGAZIEV,12/29/2025
Kyrgyzstan,"Permanent Representative to the UN, New York",Aida KASYMALIEVA,12/29/2025
Laos,Pres.,THONGLOUN Sisoulit,9/16/2025
Laos,Vice Pres.,PANI Yathotou,9/16/2025
Laos,Vice Pres.,BOUNTHONG Chitmani,9/16/2025
Laos,Prime Min.,SONXAI Siphandon,9/16/2025
Laos,Dep. Prime Min.,"CHANSAMON Chan-gnalat, Gen.",9/16/2025
Laos,Dep. Prime Min.,KIKEO Khaikhamphithoun,9/16/2025
Laos,Dep. Prime Min.,VILAI Lakhamfong,9/16/2025
Laos,Dep. Prime Min.,SALEUMXAI Kommasit,9/16/2025
Laos,Min. of Agriculture & Environment,LINKHAM Douangsavan,9/16/2025
Laos,Min. of Culture & Tourism,SOUANSAVAN Vi-gnaket,9/16/2025
Laos,Min. of Education & Sports,THONGSALIT Mangnomek,9/16/2025
Laos,Min. of Finance,SANTIPHAP Phomvihan,9/16/2025
Laos,Min. of Foreign Affairs,THONGSAVAN Phomvihan,9/16/2025
Laos,Min. of Industry & Commerce,MALAITHONG Kommasit,9/16/2025
Laos,Min. of Justice,PHAIVI Siboualipha,9/16/2025
Laos,Min. of Labor & Social Welfare,PHOXAI Xai-gnason,9/16/2025
Laos,Min. of National Defense,"KHAMLIANG Outhakaison, Lt. Gen.",9/16/2025
Laos,Min. of Public Health,BAIKHAM Khatthi-gna,9/16/2025
Laos,Min. of Public Security,VILAI Lakhamfong,9/16/2025
Laos,Min. of Public Works & Transport,LEKLAI Sivilai,9/16/2025
Laos,Min. of Technology & Communication,BOVIANGKHAM Vongdala,9/16/2025
Laos,"Min. to Prime Minister's Office & Head, Prime Minister's Office",ALOUNXAI Sounnalat,9/16/2025
Laos,Min. to Prime Minister’s Office,SALEUMXAI Kommasit,9/16/2025
Laos,Min. to Prime Minister’s Office,SONXAI Sitphaxai,9/16/2025
Laos,Min. to Prime Minister’s Office,"CHANSAMON Chan-gnalat, Gen.",9/16/2025
Laos,"Min. & Head of Cabinet, President's Office",KHEMMANI Phonsena,9/16/2025
Laos,"Chmn., State Inspection Ctte.",KHAMPHAN Phommathat,9/16/2025
Laos,"Governor, Bank of Laos",BOUNKHAM Volachit,9/16/2025
Laos,Ambassador to the US,PHOUKHONG Sisoulit,9/16/2025
Laos,"Permanent Representative to the UN, New York",ANOUPHAP Vongnokeo,9/16/2025
Latvia,Pres.,Edgars RINKEVICS,2/19/2025
Latvia,Prime Min.,Evika SILINA,2/19/2025
Latvia,Min. of Agriculture,Armands KRAUZE,2/19/2025
Latvia,Min. of Climate & Energy,Kaspars MELNIS,2/19/2025
Latvia,Min. of Culture,Agnese LACE,2/19/2025
Latvia,Min. of Defense,Andris SPRUDS,2/19/2025
Latvia,Min. of Economics,Viktors VALAINIS,2/19/2025
Latvia,Min. of Education & Science,Anda CAKSA,2/19/2025
Latvia,Min. of Finance,Arvils ASERADENS,2/19/2025
Latvia,Min. of Foreign Affairs,Baiba BRAZE,2/19/2025
Latvia,Min. of Health,Hosams ABU MERI,2/19/2025
Latvia,Min. of Interior,Rihards KOZLOVSKIS,2/19/2025
Latvia,Min. of Justice,Inese LIBINA-EGNERE,2/19/2025
Latvia,Min. of Smart Administration and Regional Development,Inga BERZINA,2/19/2025
Latvia,Min. of Transit,Kaspars BRISKENS,2/19/2025
Latvia,Min. of Welfare,Uldis AUGULIS,2/19/2025
Latvia,"Governor, Bank of Latvia",Martins KAZAKS,2/19/2025
Latvia,Ambassador to the US,Elita KUZMA,2/19/2025
Latvia,"Permanent Representative to the UN, New York",Sanita PAVLUTA-DESLANDS,2/19/2025
Lebanon,Pres.,Joseph AWN,3/27/2025
Lebanon,Prime Min.,Nawaf SALAM,3/27/2025
Lebanon,Dep. Prime Min.,Tarek MITRI,3/27/2025
Lebanon,Min. of Administrative Reform,Fadi MAKKI,3/27/2025
Lebanon,Min. of Agriculture,Nizar HANI,3/27/2025
Lebanon,Min. of Culture,Ghassan SALAME,3/27/2025
Lebanon,Min. of Defense,Michel MANASSA,3/27/2025
Lebanon,Min. of Displaced Affairs and State Minister for Technology & Artificial Intelligence,Kamal SHEHADEH,3/27/2025
Lebanon,Min. of Economy & Trade,Amin SALAM,3/27/2025
Lebanon,Min. of Education,Rima KARAMI,3/27/2025
Lebanon,Min. of Energy & Water,Joe SADDI,3/27/2025
Lebanon,Min. of the Environment,Tamara al-ZAIN,3/27/2025
Lebanon,Min. of Finance,Yasin JABIR,3/27/2025
Lebanon,Min. of Foreign Affairs & Emigrants,Yusuf Raji,3/27/2025
Lebanon,Min. of Industry,Joe Issa al-KHOURY,3/27/2025
Lebanon,Min. of Information,Paul MORCOS,3/27/2025
Lebanon,Min. of Interior & Municipalities,Ahmad al-HAJJAR,3/27/2025
Lebanon,Min. of Justice,Adil Nassar,3/27/2025
Lebanon,Min. of Labor,Muhammad Haidar,3/27/2025
Lebanon,Min. of Public Health,Rakan NASR al-DIN,3/27/2025
Lebanon,Min. of Public Works & Transportation,Fayiz RASAMNI,3/27/2025
Lebanon,Min. of Social Affairs,Hanin al-SAYYID,3/27/2025
Lebanon,Min. of Telecommunications,Charles al-HAJJ,3/27/2025
Lebanon,Min. of Tourism,Laura al-Khazin LAHUD,3/27/2025
Lebanon,Min. of Youth & Sports,Nora BAYRAKDARIAN,3/27/2025
Lebanon,"Governor, Central Bank of Lebanon",Karim SUAID,3/27/2025
Lebanon,Charge d’Affaires to the US,Wael HACHEM,3/27/2025
Lebanon,"Permanent Representative to the UN, New York",Amal MUDALLALI,3/27/2025
Lesotho,King,LETSIE III,1/2/2024
Lesotho,Prime Min.,Samuel Ntsokoane MATEKANE,1/2/2024
Lesotho,Dep. Prime Min.,Nthomeng MAJARA,1/2/2024
Lesotho,"Min. of Agriculture, Food Security, & Nutrition",Thabo MOFOSI,1/2/2024
Lesotho,Min. of Defense & National Security,Samuel Ntsokoane MATEKANE,1/2/2024
Lesotho,Min. of Education & Training,"Ntoi RAPAPA, Dr.",1/2/2024
Lesotho,Min. of Energy,Nqosa MAHAO,1/2/2024
Lesotho,Min. of Environment and Forestry,Letsema ADONTSI,1/2/2024
Lesotho,Min. of Finance & Development Planning,"Retselisitsoe MATLANYANE, Dr.",1/2/2024
Lesotho,Min. of Foreign Affairs & Intl. Relations,Lejone MPOTJOANE,1/2/2024
Lesotho,"Min. of Gender, Youth & Social Development",Pitso LESAOANA,1/2/2024
Lesotho,Min. of Health,Selibe MOCHOBOROANE,1/2/2024
Lesotho,"Min. of Information, Communications, Science, Technology, & Innovation",Nthati MOOROSI,1/2/2024
Lesotho,Min. of Labor & Employment,Tseliso MOKHOSI,1/2/2024
Lesotho,Min. of Law & Justice,Richard RAMOELETSI,1/2/2024
Lesotho,"Min. of Local Government, Chieftainship, Home Affairs, & Police",Lebona LEPHEMA,1/2/2024
Lesotho,Min. of Natural Resources,Mohlomi MOLEKO,1/2/2024
Lesotho,Min. of Parliamentary Affairs,Nthomeng MAJARA,1/2/2024
Lesotho,Min. in the Prime Minister’s Office,Limpho TAU,1/2/2024
Lesotho,Min. of Public Service,Mphuthi MPHUTHI,1/2/2024
Lesotho,Min. of Public Works & Transport,Neo Matjato MOTEANE,1/2/2024
Lesotho,"Min. of Tourism, Sports, Arts, & Culture",Motlatsi MAQELEPO,1/2/2024
Lesotho,"Min. of Trade, Industry & Small Businesses",Mokhethi SHELILE,1/2/2024
Lesotho,"Governor, Central Bank of Lesotho","Emmanuel LETETE, Dr.",1/2/2024
Lesotho,Ambassador to the US,Sankatana Gabriel MAJA,1/2/2024
Lesotho,"Permanent Representative to the UN, New York",Matete Paul NENA,1/2/2024
Liberia,Pres.,Joseph BOAKAI,7/31/2024
Liberia,Vice Pres.,Jeremiah KOUNG,7/31/2024
Liberia,Min. of Agriculture,J. Alexander NUETAH,7/31/2024
Liberia,Min. of Commerce & Industry,Amin MODAD,7/31/2024
Liberia,Min. of Defense (Acting),Geraldine GEORGE,7/31/2024
Liberia,Min. of Education,"Jarso Meley JALLAH, Dr.",7/31/2024
Liberia,Min. of Finance & Development Planning,Boima KAMARA,7/31/2024
Liberia,Min. of Foreign Affairs,Sara Beysolow NYANTI,7/31/2024
Liberia,"Min. of Gender, Children, & Social Protection",Gbeme Horace-KOLLIE,7/31/2024
Liberia,Min. of Health & Social Affairs,"Louise M. KPOTO, Dr.",7/31/2024
Liberia,"Min. of Information, Culture, & Tourism",Jerolinmek PIAH,7/31/2024
Liberia,Min. of Internal Affairs,"Francis Sakila NYUMALIN, Sr.",7/31/2024
Liberia,Min. of Justice,Oswald TWEH,7/31/2024
Liberia,Min. of Labor,Cooper KRUAH,7/31/2024
Liberia,"Min. of Land, Mines, & Energy",Wilmot PAYE,7/31/2024
Liberia,Min. of Posts & Telecommunications,Sekou M. KROMAH,7/31/2024
Liberia,Min. of Public Works,Roland GIDDINGS,7/31/2024
Liberia,Min. of Transportation,Sirleaf Ralph TYLER,7/31/2024
Liberia,Min. of Youth & Sport,Jeror Cole BANGALU,7/31/2024
Liberia,Min. of State for Presidential Affairs,Sylvester GRIGSBY,7/31/2024
Liberia,Min. of State,Mamaka BILITY,7/31/2024
Liberia,Min. of State,Samuel A. STEVQUOAH,7/31/2024
Liberia,"Executive Governor, Central Bank of Liberia",J. Aloysius TARLUE,7/31/2024
Liberia,Ambassador to the US,"Jeff Gongoer DOWANA, Sr",7/31/2024
Liberia,"Permanent Representative to the UN, New York",Sarah Safyn FYNEAH,7/31/2024
Libya,"Pres., GNU Presidency Council",Muhammad al-MANFI,1/29/2025
Libya,"Dep. Pres., GNU Presidency Council",Abdullah al-LAFI,1/29/2025
Libya,"Dep. Pres., GNU Presidency Council",Musa al-KONI,1/29/2025
Libya,Prime Minister,Abd-al-Hamid DUBAYBAH,1/29/2025
Libya,Dep. Prime Minister,Ramadan ABU-JANAH,1/29/2025
Libya,Dep. Prime Minister,Husayn al-QATRANI,1/29/2025
Libya,Min. of Agriculture,Husayn al-QATRANI (Acting),1/29/2025
Libya,Min. of Animal & Marine Resources,Adil SULTAN,1/29/2025
Libya,Min. of Civil Service,Ali al-ABID (Acting),1/29/2025
Libya,Min. of Culture,Mabrukah Tufi AWKI,1/29/2025
Libya,Min. of Defense,Abd-al-Hamid DUBAYBAH (Acting),1/29/2025
Libya,Min. of Economy & Commerce,Muhammad al-HUWAYJ,1/29/2025
Libya,Min. of Education,Musa al-MUQARIF (Acting),1/29/2025
Libya,Min. of Environment,Ibrahim al-ARABI,1/29/2025
Libya,Min. of Finance,Khalid al-MABRUK,1/29/2025
Libya,Min. of Foreign Affairs & International Cooperation,Al-Tahir al-BAUR (Acting),1/29/2025
Libya,Min. of Health,Ramadan ABU-JANAH (Acting),1/29/2025
Libya,Min. of Higher Education & Scientific Research,Imran Muhammad al-QAYB,1/29/2025
Libya,Min. of Housing & Construction,Abu-Bakir al-GHAWI,1/29/2025
Libya,Min. of Industry & Minerals,Ahmad ABU-HISA,1/29/2025
Libya,Min. of Interior,Imad TARABULSI (Acting),1/29/2025
Libya,Min. of Justice,Halimah IBRAHIM,1/29/2025
Libya,Min. of Labor & Rehabilitation,Ali al-ABID,1/29/2025
Libya,Min. of Local Government,Badr-al-Din al-TUMI,1/29/2025
Libya,Min. of Oil & Gas,Khalifa Abd-al-SADIQ (Acting),1/29/2025
Libya,Min. of Planning,Muhammad al-ZAYDANI (Acting),1/29/2025
Libya,Min. of Social Affairs,Wafa al-KILANI,1/29/2025
Libya,Min. of Sports,Abd-al-Shafi al-JUWAIFI,1/29/2025
Libya,Min. of Technical & Vocational Education,Yakhlaf al-SIFAW,1/29/2025
Libya,Min. of Tourism & Handicrafts,Nasir-al-Din al-FAZANI (Acting),1/29/2025
Libya,Min. of Transportation,Muhammad al-SHAHUBI,1/29/2025
Libya,Min. of Water Resources,Tariq ABU-FLIQAH,1/29/2025
Libya,Min. of Youth,Fathallah al-ZANI,1/29/2025
Libya,Min. of State for Cabinet & Prime Minister's Affairs,Adil JUMAH,1/29/2025
Libya,Min. of State for Communication & Political Affairs,Walid al-LAFI,1/29/2025
Libya,Min. of State for Economic Affairs,Salama al-GHUWAIL,1/29/2025
Libya,Min. of State for Women's Affairs,Huriyah al-TARMAL,1/29/2025
Libya,"Governor, Central Bank of Libya",Naji Issa BILQASIM,1/29/2025
Libya,Ambassador to the US,,1/29/2025
Libya,"Permanent Representative to the UN, New York",Tahir al-SUNNI,1/29/2025
Liechtenstein,Head of State,"HANS ADAM II, Prince",9/21/2022
Liechtenstein,Prime Min.,Daniel RISCH,9/21/2022
Liechtenstein,Dep. Prime Min.,Sabine MONAUNI,9/21/2022
Liechtenstein,"Min. of Foreign Affairs, Education, & Sport",Dominique HASLER,9/21/2022
Liechtenstein,Min. of General Govt. Affairs & Finance,Daniel RISCH,9/21/2022
Liechtenstein,"Min. of Home Affairs, Economy, & Environment",Sabine MONAUNI,9/21/2022
Liechtenstein,Min. of Infrastructure & Justice,Graziella MAROK-WACHTER,9/21/2022
Liechtenstein,Min. of Social Affairs & Culture,Manuel FRICK,9/21/2022
Liechtenstein,"Chmn., Liechtenstein National Bank",Georg WOHLWEND,9/21/2022
Liechtenstein,Ambassador to the US,Georg SPARBER,9/21/2022
Liechtenstein,"Permanent Representative to the UN, New York",Christian WENAWESER,9/21/2022
Lithuania,Pres.,Gitanas NAUSEDA,12/15/2025
Lithuania,Prime Min.,Inga RUGINIENE,12/15/2025
Lithuania,Min. of Agriculture,Andrius Palionis,12/15/2025
Lithuania,Min. of Culture,,12/15/2025
Lithuania,Min. of Economy & Innovation,Edvinas Griksas,12/15/2025
Lithuania,"Min. of Education, Science, & Sport",Raminta Popoviene,12/15/2025
Lithuania,Min. of Energy,Zygimantas Vaiciunas,12/15/2025
Lithuania,Min. of Environment,Kastytis Zuromskas,12/15/2025
Lithuania,Min. of Finance,Rimantas Sadzius,12/15/2025
Lithuania,Min. of Foreign Affairs,Kestutis Budrys,12/15/2025
Lithuania,Min. of Health,Marija Jakubauskiene,12/15/2025
Lithuania,Min. of the Interior,Vladislavas Kondratovicius,12/15/2025
Lithuania,Min. of Justice,Rita Tamasuniene,12/15/2025
Lithuania,Min. of National Defense,Robertas KAUNAS,12/15/2025
Lithuania,Min. of Social Security & Labor,Jurate Zailskiene,12/15/2025
Lithuania,Min. of Transport & Communications,Juras Taminskas,12/15/2025
Lithuania,"Governor, Bank of Lithuania",Gediminas SIMKUS,12/15/2025
Lithuania,Ambassador to the US,Gediminas VARVUOLIS,12/15/2025
Lithuania,"Permanent Representative to the UN, New York",Rytis PAULAUSKAS,12/15/2025
Luxembourg,Grand Duke,GUILLAUME,12/15/2025
Luxembourg,Prime Min.,Luc FRIEDEN,12/15/2025
Luxembourg,Vice Prime Min.,Xavier BETTEL,12/15/2025
Luxembourg,"Min. of Agriculture, Food, & Viticulture",Martine HANSEN,12/15/2025
Luxembourg,Min. for the Civil Service,Serge WILMES,12/15/2025
Luxembourg,Min. for Consumer Protection,Martine HANSEN,12/15/2025
Luxembourg,Min. for Culture,Eric THILL,12/15/2025
Luxembourg,Min. of Defense,Yuriko BACKES,12/15/2025
Luxembourg,Min. for Development Cooperation & Humanitarian Affairs,Xavier BETTEL,12/15/2025
Luxembourg,Min. for Digitalization,Stephanie OBERTIN,12/15/2025
Luxembourg,"Min. of the Economy, Small- & Medium-Sized Enterprises, Energy, & Tourism",Lex DELLES,12/15/2025
Luxembourg,"Min. of Education, Children, & Youth",Claude MEISCH,12/15/2025
Luxembourg,"Min. of Environment, Climate, & Biodiversity",Serge WILMES,12/15/2025
Luxembourg,"Min. for Family Affairs, Solidarity, Living Together & Reception of Refugees",Max HAHN,12/15/2025
Luxembourg,Min. of Finance,Gilles ROTH,12/15/2025
Luxembourg,Min. for Foreign Affairs & Foreign Trade,Xavier BETTEL,12/15/2025
Luxembourg,Min. for Gender Equality & Diversity,Yuriko BACKES,12/15/2025
Luxembourg,Min. of Health & Social Security,Martine DEPREZ,12/15/2025
Luxembourg,Min. of Higher Education & Research,Claude MEISCH,12/15/2025
Luxembourg,Min. for Home Affairs,Leon GLODEN,12/15/2025
Luxembourg,Min. of Housing & Spatial Planning,Claude MEISCH,12/15/2025
Luxembourg,Min. of Justice,Elisabeth MARGUE,12/15/2025
Luxembourg,Min. of Labor,Marc SPAUTZ,12/15/2025
Luxembourg,Min.-Del. for Media & Connectivity,Elisabeth MARGUE,12/15/2025
Luxembourg,Min. for Mobility & Public Works,Yuriko BACKES,12/15/2025
Luxembourg,Min.-Del. for Relations With Parliament,Elisabeth MARGUE,12/15/2025
Luxembourg,Min. for Research & Higher Education,Stephanie OBERTIN,12/15/2025
Luxembourg,Min. of Spatial Planning,Claude MEISCH,12/15/2025
Luxembourg,Min. of Sport,Martine HANSEN,12/15/2025
Luxembourg,Min.-Del. for Tourism,Eric THILL,12/15/2025
Luxembourg,"Chmn., Luxembourg Central Bank",Gaston REINESCH,12/15/2025
Luxembourg,Ambassador to the US,Nicole BINTNER-BAKSHIAN,12/15/2025
Luxembourg,"Permanent Representative to the UN, New York",Olivier MAES,12/15/2025
Madagascar,Pres.,"Michael RANDRIANIRINA, Col.",11/21/2025
Madagascar,Prime Min.,Herintsalama RAJAONARIVELO,11/21/2025
Madagascar,Min. of Agriculture & Livestock,José Nirina RASATARIMANANA,11/21/2025
Madagascar,Min. of Armed Forces,"Maminirina Ely RAZAFITOMBO, Maj. Gen.",11/21/2025
Madagascar,Min. of Communication & Culture,Gascar Fenosoa MANDRINDRARIVONY,11/21/2025
Madagascar,"Min. of Digital Development, Posts, & Telecommunications",Mahefa ANDRIAMAMPIADANA,11/21/2025
Madagascar,Min. of Economy & Finance,"Herinjatovo Aimé RAMIARISON, Dr.",11/21/2025
Madagascar,Min. of Energy & Hydrocarbons,Ny Ando Jurice RALITERA,11/21/2025
Madagascar,Min. of Environment & Sustainable Development,Michael MANESIMANA,11/21/2025
Madagascar,Min. of Fisheries & Blue Economy,Chan Kit Waye JACO,11/21/2025
Madagascar,Min. of Foreign Affairs,Christine Harijaonina RAZANAMAHASOA,11/21/2025
Madagascar,Min. of Higher Education & Scientific Research,"Ndaohialy Manda-Vy RAVONIMANANTSOA, Dr.",11/21/2025
Madagascar,Min. of Industrialization & Promotion of the Private Sector,Andriniaina RASOARAHONA,11/21/2025
Madagascar,Min. of Interior & Decentralization,Hanitra Velonjara Tiaray RAKOTONANDRASANA,11/21/2025
Madagascar,Min. of Justice; State Treasurer,Fanirisoa ERNAIVO,11/21/2025
Madagascar,"Min. of Labor, Employment, & Civil Service",Soatiana Bety Léonne FLORENT,11/21/2025
Madagascar,Min. of Land Management & Land Affairs,"René de Rolland Urbain LYLISON, Maj. Gen.",11/21/2025
Madagascar,Min. of Mines & Strategic Resources,Carl ANDRIAMPARANY,11/21/2025
Madagascar,Min. of National Education,Elysa Karena HANITRINIAINA,11/21/2025
Madagascar,Min. of Population & Solidarity,Sidonie RAHARINIRINA,11/21/2025
Madagascar,Min. of Public Health,"Monira MANAGNA, Dr.",11/21/2025
Madagascar,Min. of Public Security; Inspector General of Police,Erick Michel Wouli Soumah IDRISSA,11/21/2025
Madagascar,Min. of Public Works,Henri Jacob RAZAFINDRIANARIVO,11/21/2025
Madagascar,Min. of State at the Presidency in Charge of Refoundation,Lobo Hanitriniaina RAZAFIMANANTSOA,11/21/2025
Madagascar,Min. of Technical Education & Vocational Training,Antonio TSILEFA,11/21/2025
Madagascar,Min. of Tourism & Crafts,Lucie VOLOLONIAINA,11/21/2025
Madagascar,Min. of Trade & Consumer Affairs,Michella Haingotiana Adrienne ANDRIAMADISON,11/21/2025
Madagascar,Min. of Transport & Meteorology,Juste Cressant RAHARISONE,11/21/2025
Madagascar,"Min. of Water, Sanitation, & Hygiene","Minosoa Anjaratiana Elia RAZAFINDRIANIAINA, Dr.",11/21/2025
Madagascar,Min. of Youth & Sports,Alain Désiré RASAMBANY,11/21/2025
Madagascar,"Governor, Central Bank",Gaston RAVELOJAONA,11/21/2025
Madagascar,Ambassador to the US,Lantosoa RAKOTOMALALA,11/21/2025
Madagascar,Chief of Mission in the US,Amielle P. Niriniavisoa MARCEDA (Acting),11/21/2025
Madagascar,"Permanent Representative to the UN, New York",Vacant,11/21/2025
Malawi,Pres.,Arthur Peter MUTHARIKA,12/10/2025
Malawi,First Vice Pres.,"Jane ANSAH, Dr.",12/10/2025
Malawi,Second Vice Pres.,Enock Kamzingeni CHIHANA,12/10/2025
Malawi,"Min. of Agriculture, Irrigation, & Water Development",Roza Fatch MBILIZI,12/10/2025
Malawi,Min. of Defense,Chimwemwe CHIPUNGU,12/10/2025
Malawi,"Min. of Education, Science, & Technology",Bright MSAKA,12/10/2025
Malawi,"Min. of Finance, Economic Planning, and Development",Joseph MWANAMVEKHA,12/10/2025
Malawi,Min. of Foreign Affairs & International Cooperation,George CHAPONDA,12/10/2025
Malawi,"Min. of Gender, Children, Disability, & Social Welfare",Mary NAVICHA,12/10/2025
Malawi,Min. of Health & Sanitation,Madalitso BALOYI,12/10/2025
Malawi,Min. of Homeland Security,Peter MUKHITO,12/10/2025
Malawi,"Min. of Industrialization, Business, Trade, & Tourism",George PARTRIDGE,12/10/2025
Malawi,Min. of Information & Communications Technology,Shadrick NAMALOMBA,12/10/2025
Malawi,Min. of Justice & Constitutional Affairs,Charles MHANGO,12/10/2025
Malawi,Min. of Labor Skills & Innovation,Joel CHOGONA,12/10/2025
Malawi,"Min. of Lands, Housing, & Urban Development",Jappie MHANGO,12/10/2025
Malawi,Min. of Local Govt. & Rural Development,Ben Mulunga PHIRI,12/10/2025
Malawi,"Min. of Natural Resources, Energy, & Mining",Jean MATHANGA,12/10/2025
Malawi,Min. of State,Alfred Ruwan GATANGA,12/10/2025
Malawi,Min. of Transport & Public Works,Feston KAUPA,12/10/2025
Malawi,"Min. of Youth, Sports, & Culture",Patricia WISKIES,12/10/2025
Malawi,Ambassador to the US,Esme Jynet CHOMBO,12/10/2025
Malawi,"Permanent Representative to the UN, New York",Agnes Mary CHIMBIRI-MOLANDE,12/10/2025
Malaysia,King,Sultan IBRAHIM Iskandar,8/21/2025
Malaysia,Prime Min.,ANWAR Ibrahim,8/21/2025
Malaysia,Deputy Prime Minister,Ahmad ZAHID Hamidi,8/21/2025
Malaysia,Deputy Prime Minister,FADILLAH Yusof,8/21/2025
Malaysia,Min. of Agriculture & Food Security,MOHAMAD Sabu,8/21/2025
Malaysia,Min. of Communications,FAHMI Fadzil,8/21/2025
Malaysia,Min. of Digital,GOBIND Singh Deo,8/21/2025
Malaysia,Minister of Defense,Mohamed KHALED Nordin,8/21/2025
Malaysia,Min. of Domestic Trade & Cost of Living,ARMIZAN Mohamad Ali,8/21/2025
Malaysia,Minister of Economy,AMIR HAMZAH Azizan (Acting),8/21/2025
Malaysia,Minister of Education,FADHLINA Sidek,8/21/2025
Malaysia,Min. of Entrepreneur Development & Cooperatives,EWON Benedick,8/21/2025
Malaysia,Min. of Natural Resources and Environmental Sustainability,SHAMSUL AZRI Abu Bakar (Acting),8/21/2025
Malaysia,Min. of Energy Transition and Public Utilities,FADILLAH Yusof,8/21/2025
Malaysia,Minister of Finance,ANWAR Ibrahim,8/21/2025
Malaysia,Minister of Finance II,AMIR HAMZAH Azizan,8/21/2025
Malaysia,Minister of Foreign Affairs,MOHAMAD Hasan,8/21/2025
Malaysia,Minister of Works,ALEXANDER Nanta Linggi,8/21/2025
Malaysia,Minister of Health,DZULKEFLY Ahmad,8/21/2025
Malaysia,Minister of Higher Education,ZAMBRY Abdul Kadir,8/21/2025
Malaysia,Minister of Home Affairs,SAIFUDDIN Nasution Ismail,8/21/2025
Malaysia,Min. of Local Government Development,NGA Kor Ming,8/21/2025
Malaysia,Minister of Human Resources,STEVEN SIM Chee Keong,8/21/2025
Malaysia,"Min. of Investment, Trade, & Industry",Tengku ZAFRUL Tengku Abdul Aziz,8/21/2025
Malaysia,Minister of National Unity,AARON Ago Dagang,8/21/2025
Malaysia,Min. of Plantation Industries & Commodities,JOHARI Abdul Ghani,8/21/2025
Malaysia,Min. of Rural & Regional Development,Ahmad ZAHID Hamidi,8/21/2025
Malaysia,"Min. of Science, Technology & Innovation",CHANG Lih Kang,8/21/2025
Malaysia,"Minister of Tourism, Arts & Culture",TIONG King Sing,8/21/2025
Malaysia,Minister of Transport,ANTHONY LOKE Siew Fook,8/21/2025
Malaysia,"Min. of Women, Family & Community Development",Nancy SHUKRI,8/21/2025
Malaysia,Minister of Youth and Sports,Hannah YEOH Tseow Suan,8/21/2025
Malaysia,Min. in the Prime Minister's Department for Law & Institutional Reform,AZALINA Othman Said,8/21/2025
Malaysia,Min. in the Prime Minister’s Department for Religious Affairs,Mohamad NA’IM Mokhtar,8/21/2025
Malaysia,Min. in Charge of Sabah and Sarawak Affairs,FADILLAH Yusof,8/21/2025
Malaysia,Min. in the Prime Minister’s Department for Federal Territories,ZALIHA Mustafa,8/21/2025
Malaysia,Attorney General,AHMAD TERRIRUDIN,8/21/2025
Malaysia,"Governor, Bank Negara Malaysia",ABDUL RASHEED Adbul Ghaffour,8/21/2025
Malaysia,Ambassador to the US,Muhammad SHAHRUL IKRAM Yaakob,8/21/2025
Malaysia,"Permanent Representative to the UN, New York",AHMAD FAISAL Muhamad,8/21/2025
Maldives,Pres.,"Mohamed MUIZZU, Dr.",12/31/2024
Maldives,Vice Pres.,Hussain Mohamed LATHEEF,12/31/2024
Maldives,Attorney Gen.,Uz Ahmed USHAM,12/31/2024
Maldives,Minister of Agriculture and Animal Welfare,"Maryam MARIYA, Dr.",12/31/2024
Maldives,"Minister of Cities, Local Government, and Public Works",Adam Shareef UMAR,12/31/2024
Maldives,"Min. of Climate Change, Environment, and Energy",Thoriq IBRAHIM,12/31/2024
Maldives,"Min. of Construction, Housing, and Infrastructure","Abdulla MUTHTHALIB, Dr.",12/31/2024
Maldives,Min. of Defense,Mohamed Ghassan MAUMOON,12/31/2024
Maldives,"Min. of Dhivehi Language, Culture, and Heritage",Adam Naseer IBRAHIM,12/31/2024
Maldives,Min. of Economic Development and Trade,Mohamed SAEED,12/31/2024
Maldives,Min. of Education,"Ismail SHAFEEU, Dr.",12/31/2024
Maldives,Min. of Finance and Planning,Moosa ZAMEER,12/31/2024
Maldives,Min. of Fisheries and Ocean Resources,Ahmed SHIYAM,12/31/2024
Maldives,Min. of Foreign Affairs,"Abdulla KHALEEL, Dr.",12/31/2024
Maldives,Min. of Health,Abdulla NAZIM Ibrahim,12/31/2024
Maldives,"Min. of Higher Education, Labor, and Skills Development","Ali Haidar AHMED, Dr.",12/31/2024
Maldives,Min. of Homeland Security and Technology,Ali IHUSAAN,12/31/2024
Maldives,Min. of Islamic Affairs,"Mohamed Shaheem Ali SAEED, Dr.",12/31/2024
Maldives,Min. of Social and Family Development,"Aishath SHIHAM, Dr.",12/31/2024
Maldives,"Min. of Sports, Fitness, and Recreation",Abdulla RAFIU,12/31/2024
Maldives,Min. of Tourism,Ibrahim FAISAL,12/31/2024
Maldives,Min. of Transport and Civil Aviation,Mohamed AMEEN,12/31/2024
Maldives,"Min. of Youth Empowerment, Information, and Arts",Ibrahim WAHEED,12/31/2024
Maldives,Ambassador to the US,Abdul GHAFOOR Mohamed,12/31/2024
Maldives,"Permanent Representative to the UN, New York","Ali NASEER Mohamed, Dr.",12/31/2024
Mali,Pres.,"Assimi GOITA, Gen.",7/11/2025
Mali,Prime Min. and Min. of Territorial Administration & Decentralization,"Abdoulaye MAIGA, Lt. Gen.",7/11/2025
Mali,Min. of Agriculture,Daniel Simeon KELEMA,7/11/2025
Mali,"Min. of Communication, Digital Economy, & Administration Modernization",Alhamdon Ag ILYENE,7/11/2025
Mali,"Minister of Culture, Handicrafts, Hotel Industry, & Tourism",Mamou DAFFE,7/11/2025
Mali,Min. of Defense & Veterans Affairs,"Sadio CAMARA, Gen.",7/11/2025
Mali,Min. of Economy & Finance,Alousseni SANOU,7/11/2025
Mali,Min. of Energy & Water,Boubacar DIANE,7/11/2025
Mali,"Min. of Environment, Sanitation, & Sustainable Development",Doumbia Mariam TANGARA,7/11/2025
Mali,Min. of Foreign Affairs & Intl. Cooperation,Abdoulaye DIOP,7/11/2025
Mali,Min. of Health & Social Development,"Assa Badiallo TOURE, Col.",7/11/2025
Mali,Min. of Higher Education & Scientific Research,Bourema KANSAYE,7/11/2025
Mali,Min. of Industry and Trade,Moussa Alassane DIALLO,7/11/2025
Mali,"Min. of Justice, Human Rights, & Keeper of the Seals",Mahamadou KASSOGUE,7/11/2025
Mali,"Min. of Labor, Civil Service, & Social Dialogue",Fassoun COULIBALY,7/11/2025
Mali,Min. of Livestock & Fisheries,Youba BA,7/11/2025
Mali,Min. of Malians Living Abroad & African Integration,Mossa Ag ATTAHER,7/11/2025
Mali,Min. of Mines,Amadou KEITA,7/11/2025
Mali,Min. of National Education,Amadou SY SAVANE,7/11/2025
Mali,"Min. of National Entrepreneurship, Employment, & Vocational Training",Oumou SALL SECK,7/11/2025
Mali,"Min. for the Promotion of Women, Children, & Family",Diarra Djeneba SANOGO,7/11/2025
Mali,"Min. of Reconciliation, Peace, & National Cohesion","Ismael WAGUE, Gen.",7/11/2025
Mali,Min. of Religious Affairs & Worship,Mamadou KONE,7/11/2025
Mali,Min. of Security & Civilian Protection,"Daoud Aly MOHAMMEDINE, Col. Maj.",7/11/2025
Mali,Min. of State Refoundation in Charge of Relations with Institutions,Bakary TRAORE,7/11/2025
Mali,Min. of Transport & Infrastructure,Dembele Madina SISSOKO,7/11/2025
Mali,"Min. of Urban Planning, Housing, Estates, Regional Planning, & Population",Imirane Abdoulaye TOURE,7/11/2025
Mali,Min. of Youth & Sports,Abdoul Kassim Ibrahim FOMBA,7/11/2025
Mali,"Min. Delegate of the Prime Minister, in charge of political & institutional reforms",Mamani NASSIRE,7/11/2025
Mali,Ambassador to the US,Sekou BERTHE,7/11/2025
Mali,"Permanent Representative to the UN, New York",Issa KONFOUROU,7/11/2025
Malta,Pres.,Myriam Spiteri DEBONO,4/5/2024
Malta,Prime Min.,Robert ABELA,4/5/2024
Malta,Dep. Prime Min.,Christopher FEARNE,4/5/2024
Malta,Min. for Active Aging,Jo-Etienne ABELA,4/5/2024
Malta,"Min. for Agriculture, Fisheries, and Animal Rights",Anton REFALO,4/5/2024
Malta,"Min. for the Economy, European Funds, & Lands",Silvio SCHEMBRI,4/5/2024
Malta,"Min. for Education, Sport, Youth, Research, and Innovation",Clifton GRIMA,4/5/2024
Malta,"Min. for the Environment, Energy, & Enterprise Climate Change and Planning",Miriam DALLI,4/5/2024
Malta,Min. for Finance & Employment,Clyde CARUANA,4/5/2024
Malta,Min. for Foreign and European Affairs & Trade,Ian BORG,4/5/2024
Malta,Min. for Gozo,Clint CAMILLERI,4/5/2024
Malta,Min. for Health,Christopher FEARNE,4/5/2024
Malta,"Min. for Home Affairs, Security, Reforms, & Equality",Byron CAMILLERI,4/5/2024
Malta,"Min. for Inclusion, Voluntary Organizations, & Consumer Rights",Julia FARRUGIA Portelli,4/5/2024
Malta,Min. for Justice,Jonathan ATTARD,4/5/2024
Malta,"Min. for the National Heritage, the Arts, & Local Government",Owen BONNICI,4/5/2024
Malta,Min. for Public Works & Planning,Stefan ZRINZO Azzopardi,4/5/2024
Malta,Min. for Social and Affordable Accommodation,Roderick GALDES,4/5/2024
Malta,Min. for Social Policy & Children’s Rights,Michael FALZON,4/5/2024
Malta,Min. for Tourism,Clayton BARTOLO,4/5/2024
Malta,"Min. for Transport, Infrastructure, and Capital Projects",Aaron FARRUGIA,4/5/2024
Malta,"Governor, Central Bank",Edward SCICLUNA,4/5/2024
Malta,Ambassador to the US,Keith AZZOPARDI,4/5/2024
Malta,"Permanent Representative to the UN, New York",Vanessa FRAZIER,4/5/2024
Marshall Islands,Pres.,Hilda Cathy HEINE,1/3/2025
Marshall Islands,Min. in Assistance to the Pres.,Bremity LAKJOHN,1/3/2025
Marshall Islands,Min. of Culture & Internal Affairs,"Jess GASPER, Jr.",1/3/2025
Marshall Islands,"Min. of Education, Sports, & Training",Gerald ZACKIOS,1/3/2025
Marshall Islands,Min. of Environment,Bremity LAKJOHN,1/3/2025
Marshall Islands,"Min. of Finance, Banking, & Postal Services",David PAUL,1/3/2025
Marshall Islands,Min. of Foreign Affairs & Trade,Kalani KANEKO,1/3/2025
Marshall Islands,Min. of Health & Human Services,Ota KISINO,1/3/2025
Marshall Islands,"Min. of Justice, Immigration, & Labor",Wisely ZACKHRAS,1/3/2025
Marshall Islands,Min. of Natural Resources & Commerce,Tony MULLER,1/3/2025
Marshall Islands,"Min. of Public Works, Infrastructure, & Utilities",Thomas HEINE,1/3/2025
Marshall Islands,"Min. of Transportation, Communication, & Information Technology",Hilton KENDALL,1/3/2025
Marshall Islands,Attorney General,Bernard ADINIWIN,1/3/2025
Marshall Islands,"Commissioner, Bank of the Marshall Islands",Sultan KOREAN,1/3/2025
Marshall Islands,Ambassador to the US,Charles Rudolph PAUL,1/3/2025
Marshall Islands,"Permanent Representative to the UN, New York",John Milne SILK,1/3/2025
Mauritania,Pres.,Mohamed Ould Cheikh GHAZOUANI,11/18/2025
Mauritania,Prime Min.,Mokhtar Ould DIAY,11/18/2025
Mauritania,Min. of Agriculture & Food Sovereignty,Sid Ahmed Ould ABOUH,11/18/2025
Mauritania,Min. of Animal Development,Sid Ahmed Ould MOHAMED,11/18/2025
Mauritania,Min. of Civil Service & Labor,Mariem BOIDIEL,11/18/2025
Mauritania,Min. of Children & Families,Safiha Mint NTAHAH,11/18/2025
Mauritania,"Min. of Culture, Arts, Communication, & Relations With Parliament",Houssein Ould MEDOU,11/18/2025
Mauritania,Min. of Defense & Veterans Affairs & Martyrs’ Families,Hanana Ould SIDI,11/18/2025
Mauritania,Min. of Digital Transformation & Modernization of the Administration,Ahmed Salem EBODE,11/18/2025
Mauritania,Min. of Economic Affairs & Development,Abdallahi Suleiman Cheikh SIDIYA,11/18/2025
Mauritania,Min. of Education & Teaching Reform,Houda BABAH,11/18/2025
Mauritania,Min. of Energy & Oil,Mohamed Ould KHALED,11/18/2025
Mauritania,Min. of Environment & Sustainable Development,Massouda BAHAM,11/18/2025
Mauritania,Min. of Equipment & Transport,Ely El VEIRIK,11/18/2025
Mauritania,Min. of Finance,Codioro Moussa N’GUENORE,11/18/2025
Mauritania,"Min. of Fisheries, Maritime, & Port Infrastructure",Mokhtar Ahmed BOUCEIF,11/18/2025
Mauritania,"Min. of Foreign Affairs, African Cooperation, & Mauritanians Abroad",Mohamed Salem MERZOUG,11/18/2025
Mauritania,Min. of Health,Mohamed Mahmoud Ely MAHMOUD,11/18/2025
Mauritania,"Min. of Housing, Urban Planning, & Land Management",Naha Hamdi MOUKNASS,11/18/2025
Mauritania,Min. of Higher Education & Scientific Research,Yacoub MOINE,11/18/2025
Mauritania,Min. of Hydraulics & Sanitation,Amal MOULOUD,11/18/2025
Mauritania,"Min. of Interior, Decentralization, & Local Development",Mohamed Ahmed Ould Mohamed LEMINE,11/18/2025
Mauritania,Min. of Islamic Affairs & Original Education,El Vadil Ould Sidaty Ould AHMED LOULY,11/18/2025
Mauritania,Min. of Justice,Mohamed Ould SOUIEDATT,11/18/2025
Mauritania,Min. of Livestock,Sidi Ahmed Ould MOHAMED,11/18/2025
Mauritania,Min. of Mines & Industry,Thiam TIDJANI,11/18/2025
Mauritania,Min. of Public Service & Labor,Mariem BOIDIEL,11/18/2025
Mauritania,"Min. of State Property, Heritage, & Land Reform",Mamoudou Mamadou NIANG,11/18/2025
Mauritania,Min. of Trade & Tourism,Zeinebou Mint AHMEDNAH,11/18/2025
Mauritania,"Min. of Vocational Training, Crafts, & Trades",Maalainine Ould EYIH,11/18/2025
Mauritania,"Min. of Youth, Sports, & Civil Service",Mohamed Abdallahi LOULY,11/18/2025
Mauritania,"Governor, Central Bank",Mohamed Lemine Ould DHEHBY,11/18/2025
Mauritania,Ambassador to the US,Cisse Mint Cheik Ould BOIDE,11/18/2025
Mauritania,"Permanent Representative to the UN, New York",Sidi Ould Baham Ould Mohamed LAGHDAF,11/18/2025
Mauritius,Pres.,Dharam GOKHOOL,9/25/2025
Mauritius,Prime Min.,"Navinchandra RAMGOOLAM, Dr.",9/25/2025
Mauritius,Dep. Prime Min. & Min. Without Portfolio,Paul Raymond BERENGER,9/25/2025
Mauritius,"Min. of Agro-Industry, Food Security, Blue Economy & Fisheries","Arvin BOOLELL, Dr.",9/25/2025
Mauritius,Min. of Arts & Culture,Mahendra GONDEEA,9/25/2025
Mauritius,Min. of Commerce & Consumer Protection,John Michael Tzoun Sao YEUNG SIK YUEN,9/25/2025
Mauritius,"Min. of Defense, Home Affairs, & External Communications","Navinchandra RAMGOOLAM, Dr.",9/25/2025
Mauritius,Min. of Education & Human Resource,"Mahend GUNGAPERSAD, Dr.",9/25/2025
Mauritius,Min. of Energy & Public Utilities,Patrick Gervais ASSIRVADEN,9/25/2025
Mauritius,"Min. of Environment, Solid Waste Management, & Climate Change",Rajesh Anand BHAGWAN,9/25/2025
Mauritius,Min. of Finance,"Navinchandra RAMGOOLAM, Dr.",9/25/2025
Mauritius,Min. of Financial Services & Economic Planning,"Jyoti JEETUN, Dr.",9/25/2025
Mauritius,"Min. of Foreign Affairs, Regional Integration, & Intl. Trade",Dhananjay Ritish RAMFUL,9/25/2025
Mauritius,Min. of Gender Equality & Family Welfare,Marie Arianne NAVARRE-MARIE,9/25/2025
Mauritius,Min. of Health & Wellness,Anil Kumar BACHOO,9/25/2025
Mauritius,Min. of Housing & Lands,Shakeel Ahmed Yousuf Abdul Razak MOHAMED,9/25/2025
Mauritius,"Min. of Industry, SME, & Cooperatives",Sayed Muhammad Aadil AMEER MEEA,9/25/2025
Mauritius,"Min. of Information Technology, Communication, & Innovation","Avinash RAMTOHUL, Dr.",9/25/2025
Mauritius,Min. of Labor & Industrial Relations,Muhammad Reza Cassam UTEEM,9/25/2025
Mauritius,Min. of Land Transport,Mahomed Osman Cassam MAHOMED,9/25/2025
Mauritius,Min. of Local Govt.,Ranjiv WOOCHIT,9/25/2025
Mauritius,Min. of National Infrastructure,Govindranath GUNNESS,9/25/2025
Mauritius,Min. of Public Service & Administrative Reforms,Lutchmanah PENTIAH,9/25/2025
Mauritius,Min. for Rodrigues & Outer Islands,"Navinchandra RAMGOOLAM, Dr.",9/25/2025
Mauritius,"Min. of Social Integration, Social Security, & National Solidarity",Ashok Kumar SUBRON,9/25/2025
Mauritius,"Min. of Tertiary Education, Science, & Research",Kaviraj Sharma SUKON,9/25/2025
Mauritius,Min. of Tourism,Harold Richard DUVAL,9/25/2025
Mauritius,Min. of Youth & Sports,Darmarajen NAGALINGUM,9/25/2025
Mauritius,Attorney Gen.,Gavin Patrick Cyril GLOVER,9/25/2025
Mauritius,"Governor, Central Bank of Mauritius",Priscilla Muthoora THAKOOR,9/25/2025
Mauritius,Ambassador to the US,Gajjaluxmi MOOTOOSAMY,9/25/2025
Mauritius,"Permanent Representative to the UN, New York",Milan J.N. MEETARBHAN,9/25/2025
Mexico,Pres.,Claudia SHEINBAUM Pardo,12/9/2025
Mexico,"Sec. of Agrarian, Territorial, & Urban Development",Edna Elena VEGA Rangel,12/9/2025
Mexico,"Sec. of Agriculture & Rural Development, Fisheries, & Nutrition",Julio BERDEGUE Sacristan,12/9/2025
Mexico,Sec. of Culture,Claudia CURIEL de Icaza,12/9/2025
Mexico,Sec. of Economy,Marcelo EBRARD Casaubon,12/9/2025
Mexico,Sec. of Energy,Luz Elena GONZALEZ Escobar,12/9/2025
Mexico,Sec. of Environment & Natural Resources,Alicia BARCENA Ibarra,12/9/2025
Mexico,Sec. of External Relations,Juan Ramon DE LA FUENTE Ramirez,12/9/2025
Mexico,Sec. of Finance & Public Credit,Edgar AMADOR Zamora,12/9/2025
Mexico,Sec. of Govt.,Rosa Icela RODRIGUEZ Velazquez,12/9/2025
Mexico,Sec. of Health,David KERSHENOBICH Stalnikowitz,12/9/2025
Mexico,"Sec. of Infrastructure, Communications, & Transport",Jesus Antonio ESTEVA Medina,12/9/2025
Mexico,Sec. of Labor & Social Welfare,Marath Baruch BOLANOS Lopez,12/9/2025
Mexico,Sec. of National Defense,"Ricardo TREVILLA Trejo, Gen.",12/9/2025
Mexico,Sec. of the Navy,"Raymundo Pedro MORALES Angeles, Adm.",12/9/2025
Mexico,Sec. of Public Education,Mario DELGADO Carrillo,12/9/2025
Mexico,Sec. of Public Service,Raquel BUENTROSTRO Sanchez,12/9/2025
Mexico,"Sec. of Science, Humanities, Technology, & Innovation",Rosura RUIZ Gutierrez,12/9/2025
Mexico,Sec. of Security & Citizen Protection,Omar GARCIA HARFUCH,12/9/2025
Mexico,Sec. of Tourism,Josefina RODRIGUEZ Zamora,12/9/2025
Mexico,Sec. of Wellbeing,Ariadna MONTIEL Reyes,12/9/2025
Mexico,Sec. of Women,Citlalli HERNANDEZ Mora,12/9/2025
Mexico,Ambassador to the US,Esteban MOCTEZUMA Barragan,12/9/2025
Mexico,"Governor, Bank of Mexico",Victoria RODRIGUEZ CEJA,12/9/2025
Mexico,Legal Adviser to the Presidency,,12/9/2025
Mexico,"Permanent Representative to the UN, New York",Hector VASCONCELOS y Cruz,12/9/2025
Mexico,Prosecutor Gen.,Ernestina GODOY Ramos,12/9/2025
"Micronesia, Federated States of",Pres.,Wesley W. SIMINA,6/4/2025
"Micronesia, Federated States of",Vice Pres.,Aren PALIK,6/4/2025
"Micronesia, Federated States of","Dir., Office of National Archives, Culture, & Historic Preservations",Augustine C. KOHLER,6/4/2025
"Micronesia, Federated States of","Dir., Office of Veterans Affairs",Hainrick PANUELO,6/4/2025
"Micronesia, Federated States of",Postmaster General,Epel ILON,6/4/2025
"Micronesia, Federated States of",Sec. of Education,Gardenia AISEK,6/4/2025
"Micronesia, Federated States of","Sec. of Environment, Climate Change, & Emergency Management",Andrew YATILMAN,6/4/2025
"Micronesia, Federated States of",Sec. of Finance & Admin.,Rose NAKANAGA,6/4/2025
"Micronesia, Federated States of",Sec. of Foreign Affairs,Lorin S. ROBERT,6/4/2025
"Micronesia, Federated States of",Sec. of Health & Social Affairs,Marcus SAMO,6/4/2025
"Micronesia, Federated States of",Sec. of Justice,"Leonito BACALANDO, Jr.",6/4/2025
"Micronesia, Federated States of",Sec. of Resource & Development,Elina P. AKINAGA,6/4/2025
"Micronesia, Federated States of","Sec. of Transportation, Communication, & Infrastructure",Carlson D. APIS,6/4/2025
"Micronesia, Federated States of",Speaker of the Congress,Esmond B. MOSES,6/4/2025
"Micronesia, Federated States of",Ambassador to the US,Jackson T. SORAM,6/4/2025
"Micronesia, Federated States of","Permanent Representative to the UN, New York",Jeem S. LIPPWE,6/4/2025
Moldova,Pres.,Maia SANDU,4/3/2025
Moldova,Prime Min.,Dorin RECEAN,4/3/2025
Moldova,Dep. Prime Min. for Reintegration,Oleg SEREBRIAN,4/3/2025
Moldova,Dep. Prime Min. and Min. of Economic Development and Digitization,Doina NISTOR,4/3/2025
Moldova,Dep. Prime Min. and Min. of Foreign Affairs,Mihai POPSOI,4/3/2025
Moldova,Dep. Prime Min. and Min. of Infrastructure and Regional Development,Vladimir BOLEA,4/3/2025
Moldova,Min. of Agriculture and Food Industry,Ludmila CATLABUGA,4/3/2025
Moldova,Min. of Culture,Sergiu PRODAN,4/3/2025
Moldova,Min. of Defense,Anatolie NOSATII,4/3/2025
Moldova,Min. of Energy,Dorin JUNGHIETU,4/3/2025
Moldova,Min. of Education & Research,Dan PERCIUN,4/3/2025
Moldova,Min. of the Environment,Sergiu LAZARENCU,4/3/2025
Moldova,Min. of Finance,Victoria BELOUS,4/3/2025
Moldova,Min. of Health,Ala NEMERENCO,4/3/2025
Moldova,Min. of Internal Affairs,Daniella MISAIL-NICHITIN,4/3/2025
Moldova,Min. of Justice,Veronica MIHAILOV-MORARU,4/3/2025
Moldova,Min. of Labor and Social Protection,Alexei BUZU,4/3/2025
Moldova,"Dir., Security & Intelligence Service",Alexandru MUSTEATA,4/3/2025
Moldova,Prosecutor Gen.,Ion MUNTEANU,4/3/2025
Moldova,Ambassador to the US,Viorel URSU,4/3/2025
Moldova,"Permanent Representative to the UN, New York",Gheorghe LEUCA,4/3/2025
Monaco,Chief of State,"ALBERT II, Prince",9/13/2022
Monaco,Min. of State & Pres. of the Governing Council,Pierre DARTOUT,9/13/2022
Monaco,Min. of Foreign Affairs & Cooperation,Laurent ANSELMI,9/13/2022
Monaco,Min. of Finance & the Economy,Jean CASTELLINI,9/13/2022
Monaco,Min. of Health & Social Affairs,Cristophe ROBINO,9/13/2022
Monaco,Min. of the Interior,Patrice CELLARIO,9/13/2022
Monaco,"Min. of Public Works, the Environment, & Urban Development",Celine CARON-DAGIONI,9/13/2022
Monaco,Ambassador to the US,Maguy MACCARIO DOYLE,9/13/2022
Monaco,"Permanent Representative to the UN, New York",Isabelle PICCO,9/13/2022
Mongolia,Pres.,Ukhnaa KHURELSUKH,12/10/2025
Mongolia,Prime Min.,Gombojav ZANDANSHATAR,12/10/2025
Mongolia,First Dep. Prime Min.,Jadamba ENKHBAYAR,12/10/2025
Mongolia,Dep. Prime Min.,Togmid DORJKHAND,12/10/2025
Mongolia,Dep. Prime Min.,Khassuuri GANKHUYAG,12/10/2025
Mongolia,Head of Cabinet Secretariat,Sandag BYAMBATSOGT,12/10/2025
Mongolia,"Min. of Culture, Sports, Tourism, & Youth",Chinbat UNDRAM,12/10/2025
Mongolia,Min. of Defense,Damba BATLUT,12/10/2025
Mongolia,"Min. of Digital Development, Innovation, & Communication",Enkhbayar BATSHUGAR,12/10/2025
Mongolia,Min. of Economy & Development,Jadamba ENKHBAYAR,12/10/2025
Mongolia,Min. of Education,Purevsuren NARANBAYAR,12/10/2025
Mongolia,Min. of Energy,Battogtokh CHOIJILSUREN,12/10/2025
Mongolia,Min. of Environment & Climate Change,Bat BATBAATAR,12/10/2025
Mongolia,"Min. of Family, Labor, & Social Protection",Telukhan AUBAKIR,12/10/2025
Mongolia,Min. of Finance,Bold JAVKHLAN,12/10/2025
Mongolia,"Min. of Food , Agriculture, & Light Industry",Myagmarsuren BADAMSUREN,12/10/2025
Mongolia,Min. of Foreign Affairs,Batmunkh BATTSETSEG,12/10/2025
Mongolia,Min. of Health,Jigjidsuren CHINBUREN,12/10/2025
Mongolia,Min. of Industry & Mineral Resources,Gongor DAMDINNYAM,12/10/2025
Mongolia,Min. of Justice & Internal Affairs,Battumur ENKHBAYAR,12/10/2025
Mongolia,Min. for Road & Transport Development,Borkhuu DELGERSAIKHAN,12/10/2025
Mongolia,"Min. of Urban Development, Construction, & Housing",Enkhtaivan BAT-AMGALAN,12/10/2025
Mongolia,Speaker of Parliament,Nyam-Osor UCHRAL,12/10/2025
Mongolia,"Governor, Bank of Mongolia",Byadran LKHAGVASUREN,12/10/2025
Mongolia,Ambassador to the US,Ulziidelger BATBAYAR,12/10/2025
Mongolia,"Permanent Representative to the UN, New York",Nyamdorj ANKHBAYAR,12/10/2025
Montenegro,Pres.,Jakov MILATOVIC,5/7/2025
Montenegro,Prime Min.,Milojko SPAJIC,5/7/2025
Montenegro,Dep. Prime Min. of Economic Policy and Min. of Economic Development,Nik GJELOSHAJ,5/7/2025
Montenegro,Dep. Prime Min. for Education Science and Relations with Religious Communities,Budimir ALEKSIC,5/7/2025
Montenegro,Dep. Prime Min. for Foreign and European Affairs,Filip IVANOVIC,5/7/2025
Montenegro,Dep. Prime Min. for Infrastructure and Regional Development,Milun ZOGOVIC,5/7/2025
Montenegro,Dep. Prime Min. for International Relations and Minister of Foreign Affairs,Ervin IBRAHIMOVIC,5/7/2025
Montenegro,"Dep. Prime Min. for the Political System, Judiciary Anti-Corruption",Momo KOPRIVICA,5/7/2025
Montenegro,Dep. Prime Min. for Security Defense and Fight Against Crime and Internal Policy,Aleksa BECIC,5/7/2025
Montenegro,"Min. of Agriculture, Forestry & Water Management",Vladimir JOKOVIC,5/7/2025
Montenegro,Min. of Culture & Media,Tamara VUJOVIC,5/7/2025
Montenegro,Min. of Defense,Dragan KRAPOVIC,5/7/2025
Montenegro,Min. of Diaspora,Mirsad AZEMOVIC,5/7/2025
Montenegro,"Min. of Ecology, Sustainable Development, and Development of the North",Damjan CULAFIC,5/7/2025
Montenegro,"Min. of Education, Science & Innovation",Angela JAKSIC STOJANOVIC,5/7/2025
Montenegro,Min. of Energy & Mining,Admir SAHMANOVIC,5/7/2025
Montenegro,Min. for European Integration,Maida GORCEVIC,5/7/2025
Montenegro,Min. of Finance,Novica VUKOVIC,5/7/2025
Montenegro,Min. of Health,Vojislav SIMUN,5/7/2025
Montenegro,Min. of Human & Minority Rights,Fatmir GJEKA,5/7/2025
Montenegro,Min. of the Interior,Danilo SARANOVIC,5/7/2025
Montenegro,Min. of Justice,Bojan BOZOVIC,5/7/2025
Montenegro,Min. of Labor Employment and Social Dialogue,Naida NISIC,5/7/2025
Montenegro,Min. of Maritime Affairs,Filip RADULOVIC,5/7/2025
Montenegro,"Min. of Mining, Oil, and Gas",Admir SAHMANOVIC,5/7/2025
Montenegro,Min. of Public Administration,Marash DUKAJ,5/7/2025
Montenegro,Min. of Regional Investment Development and Cooperation with NGO's,Ernad SULJEVIC,5/7/2025
Montenegro,"Minister of Social Care, Family, and Demographics",Damir GUTIC,5/7/2025
Montenegro,"Min. of Spatial Planning, Urbanism & State Property",Slaven RADUNOVIC,5/7/2025
Montenegro,Min. of Sports and Youth,Dragoslav SCEKIC,5/7/2025
Montenegro,Min. of Transport,Maja VUKICEVIC,5/7/2025
Montenegro,Min. of Tourism,Simonida KORDIC,5/7/2025
Montenegro,Min. Without Portfolio,Milutin BUTOROVIC,5/7/2025
Montenegro,Ambassador to the US,Jovan MIRKOVIC,5/7/2025
Montenegro,"Permanent Representative to the UN, New York",Dragana RADULOVIC,5/7/2025
Morocco,King,MOHAMMED VI,11/20/2024
Morocco,Prime Min.,Aziz AKHANNOUCH,11/20/2024
Morocco,"Min. of Agriculture, Fisheries, Rural Development, & Water and Forests",Ahmed BOUARI,11/20/2024
Morocco,"Min. of Economic Inclusion, Small Business, Employment, & Skills",Younes SEKKOURI,11/20/2024
Morocco,Min. of Economy & Finance,Nadia FETTAH Alaoui,11/20/2024
Morocco,Min. of Energy Transition & Sustainable Development,Leila BENALI,11/20/2024
Morocco,"Min. of Foreign Affairs, African Cooperation, and Expatriates",Nasser BOURITA,11/20/2024
Morocco,Min. of Habous & Islamic Affairs,Ahmed TOUFIQ,11/20/2024
Morocco,Min. of Health & Social Services,Amine TAHRAOUI,11/20/2024
Morocco,"Min. of Higher Education, Scientific Research, & Innovation",Azzedine EL MIDAOUI,11/20/2024
Morocco,Min. of Industry & Trade,Ryad MEZZOUR,11/20/2024
Morocco,Min. of Interior,Abdelouafi LAFTIT,11/20/2024
Morocco,Min. of Justice,Abdellatif OUAHBI,11/20/2024
Morocco,"Min. of National Education, Preschool, & Sports",Mohamed Saad BERRADA,11/20/2024
Morocco,"Min. of National Lands, Housing, & Urban Planning & Policy",Fatima Ezzahra EL MANSOURI,11/20/2024
Morocco,Min. of Public Works & Water,Nizar BARAKA,11/20/2024
Morocco,"Min. of Solidarity, Social Integration, & Family",Naima BEN YAHIA,11/20/2024
Morocco,"Min. of Tourism, Handicrafts, Social Economy, & Solidarity",Fatima-Zahra AMMOR,11/20/2024
Morocco,Min. of Transport & Logistics,Abdessamad KAYOUH,11/20/2024
Morocco,"Min. of Youth, Culture, & Communication",Mohamed Mehdi BENSAID,11/20/2024
Morocco,Sec. Gen. of the Govt.,Mohamed HAJOUI,11/20/2024
Morocco,Min.-Del. for the Budget,Faouzi LEKJAA,11/20/2024
Morocco,Min.-Del. for Digital Transition & Administrative Reform,Amal El Fallah SEGHROUCHNI,11/20/2024
Morocco,"Min.-Del. for Investment, Convergence, & Policy Evaluation",Karim ZIDANE,11/20/2024
Morocco,Min.-Del. for National Defense Administration,Abdellatif LOUDIYI,11/20/2024
Morocco,Min.-Del. for Parliamentary Relations & Government Spokesperson,Mustapha BAITAS,11/20/2024
Morocco,"Governor, Bank al-Magrib",Abdellatif JOUAHRI,11/20/2024
Morocco,Ambassador to the US,Youssef AMRANI,11/20/2024
Morocco,"Permanent Representative to the UN, New York",Omar HILALE,11/20/2024
Mozambique,Pres.,Daniel Francisco CHAPO,2/13/2025
Mozambique,Prime Min.,Maria Benvinda LEVI,2/13/2025
Mozambique,"Min. of Agriculture, Environment, & Fisheries",Roberto ALBINO,2/13/2025
Mozambique,Min. of Communications & Digital Transformation,Americo MUCHANGA,2/13/2025
Mozambique,Min. of Economy,Basilio MUHATE,2/13/2025
Mozambique,Min. of Education & Culture,Samaria dos Anjos Filemon TOVELA,2/13/2025
Mozambique,Min. of Finance,Carla Alexandra LOUVEIRA,2/13/2025
Mozambique,Min. of Foreign Affairs & Cooperation,Maria DOS SANTOS LUCAS,2/13/2025
Mozambique,Min. of Health,Ussene ISSE,2/13/2025
Mozambique,Min. of the Interior,Paulo CHACHINE,2/13/2025
Mozambique,Min. of Justice & Constitutional & Religious Affairs,Mateus Finiasse SAIZE,2/13/2025
Mozambique,"Min. of Labor, Gender, & Social Action",Ivete Ferrao ALANE,2/13/2025
Mozambique,Min. of Mineral Resources & Energy,Estevao PALE,2/13/2025
Mozambique,Min. of National Defense,Cristovao CHUME,2/13/2025
Mozambique,Min. of Planning & Development,Salim VALA,2/13/2025
Mozambique,Min. of Public Works & Water Resources,Carlos Alberto Fortes MESQUITA,2/13/2025
Mozambique,Min. of State Admin. & Civil Service,Inocenio IMPISSA,2/13/2025
Mozambique,Min. of Transport & Logistics,Joao MATLOMBE,2/13/2025
Mozambique,Min. of Veterans Affairs,Josefina Beato Mateus MPELO,2/13/2025
Mozambique,Min. of Youth & Sports,Caifardine MANASSE,2/13/2025
Mozambique,Chief of Staff to the President's Office,Adelaide Anchia AMURANE,2/13/2025
Mozambique,Attorney Gen.,Beatriz da Consolacao Mateus BUCHILI,2/13/2025
Mozambique,"Governor, Bank of Mozambique",Rogerio ZANDAMELA,2/13/2025
Mozambique,Ambassador to the US,Alfredo Fabião NUVUNGA,2/13/2025
Mozambique,"Permanent Representative to the UN, New York",Domingo Estevao FERNANDES,2/13/2025
Namibia,Pres.,"Netumbo NANDI-NDAITWAH, Dr.",12/5/2025
Namibia,Vice Pres.,Lucia WITBOOI,12/5/2025
Namibia,Prime Min.,"Elijah NGURARE, Dr.",12/5/2025
Namibia,Dep. Prime Min.,Natangwe ITHETE,12/5/2025
Namibia,"Min. of Agriculture, Fisheries, Water, & Land Reform",Inge ZAAMWANI-KAMWI,12/5/2025
Namibia,Min. of Defense & Veterans Affairs,Frans KAPOFI,12/5/2025
Namibia,"Min. of Education, Innovation, Youth, Sport, Art, & Culture",Sanet STEENKAMP,12/5/2025
Namibia,Min. of Environment & Tourism,Indileni DANIEL,12/5/2025
Namibia,Min. of Finance & Social Grants Management,Erica SHAFUDAH,12/5/2025
Namibia,Min. of Gender Equality & Child Welfare,"Emma KANTEMA, Dr.",12/5/2025
Namibia,Min. of Health & Social Services,"Esperance LUVINDAO, Dr.",12/5/2025
Namibia,"Min. of Home Affairs, Immigration, Safety, & Security",Lucia LIPUMBU,12/5/2025
Namibia,Min. of Information & Communications Technology,Emma THEOFELUS,12/5/2025
Namibia,Min. of International Relations & Trade,Selma ASHIPALA-MUSAVYI,12/5/2025
Namibia,Min. of Justice & Labor Relations,Fillemon Wise EMMANUEL,12/5/2025
Namibia,"Min. of Mines, Energy, & Industry",Modestus AMUTSE,12/5/2025
Namibia,Min. of Urban & Rural Development,James SANKWASA,12/5/2025
Namibia,Min. of Works & Transport,Viekko NEKUNDI,12/5/2025
Namibia,Dir. General of the Intelligence Service,Benedictus LIKANDO,12/5/2025
Namibia,Dir. of National Planning Commission,Kaire MBUENDE,12/5/2025
Namibia,Attorney Gen.,Festus MBANDEKA,12/5/2025
Namibia,Secretary to Cabinet,George SIMATAA,12/5/2025
Namibia,Ambassador to the US,Margaret MENSAH-WILLIAMS,12/5/2025
Namibia,"Permanent Representative to the UN, New York",Penda NAANDA,12/5/2025
Nauru,Pres.,David Ranibok ADEANG,10/20/2025
Nauru,Min. Assisting the President,Lionel Rouwen AINGIMEA,10/20/2025
Nauru,Min. for CENPAC Cooperation,Shadlog BERNICKE,10/20/2025
Nauru,Min. for Climate Change & National Resilience,Delvin O’Neale THOMA,10/20/2025
Nauru,Min. for Commerce & Foreign Investment,David Ranibok ADEANG,10/20/2025
Nauru,Min. for Community & Youth,Charmaine Eraidinomo SCOTTY,10/20/2025
Nauru,Min. for Consumer Protection Authority,David Ranibok ADEANG,10/20/2025
Nauru,Min. for Education,Asterio APPI,10/20/2025
Nauru,Min. for Eigigu Holdings Corporation,David Ranibok ADEANG,10/20/2025
Nauru,Min. for Eigigu Procurement Limited,David Ranibok ADEANG,10/20/2025
Nauru,Min. for Eigigu Solution Corporation,David Ranibok ADEANG,10/20/2025
Nauru,Min. for Environmental Management & Agriculture,Delvin O’Neale THOMA,10/20/2025
Nauru,Min. for Finance & Sustainable Development,David Ranibok ADEANG,10/20/2025
Nauru,Min. for Fisheries,Reagan Winson ALIKLIK,10/20/2025
Nauru,Min. for Foreign Affairs & Trade,Lionel Rouwen AINGIMEA,10/20/2025
Nauru,Min. for Health & Medical Services,David Ranibok ADEANG,10/20/2025
Nauru,"Min. for Information, Communication, & Technology",Shadlog BERNICKE,10/20/2025
Nauru,Min. for Infrastructure Development,Shadlog BERNICKE,10/20/2025
Nauru,Min. for Internal Affairs,David Ranibok ADEANG,10/20/2025
Nauru,Min. for Justice & Border Control,Lionel Rouwen AINGIMEA,10/20/2025
Nauru,Min. for Land Management,Charmaine Eraidinomo SCOTTY,10/20/2025
Nauru,Min. for Multicultural Affairs,David Ranibok ADEANG,10/20/2025
Nauru,Min. for Naoero Postal Services Corporation,David Ranibok ADEANG,10/20/2025
Nauru,Min. for National Emergency Services,Jesse JEREMIAH,10/20/2025
Nauru,"Min. for National Heritage, Culture, Tourism, & Naoero Museum",Charmaine Eraidinomo SCOTTY,10/20/2025
Nauru,Min. for Nauru Air Corporation,Asterio APPI,10/20/2025
Nauru,Min. for Nauru Economic & Climate Resilience Citizenship,David Ranibok ADEANG,10/20/2025
Nauru,Min. for Nauru Electoral Commission,Charmaine Eraidinomo SCOTTY,10/20/2025
Nauru,Min. for Nauru Media,Shadlog BERNICKE,10/20/2025
Nauru,Min. for Nauru Phosphate Royalties Trust,Shadlog BERNICKE,10/20/2025
Nauru,Min. for Nauru Police,Lionel Rouwen AINGIMEA,10/20/2025
Nauru,Min. for Nauru Port Authority,Lionel Rouwen AINGIMEA,10/20/2025
Nauru,Min. for Nauru Public Health,David Ranibok ADEANG,10/20/2025
Nauru,Min. for Nauru Rehabilitation Corporation,Reagan Winson ALIKLIK,10/20/2025
Nauru,Min. for Nauru RPC Corporation,David Ranibok ADEANG,10/20/2025
Nauru,Min. for Nauru Seabed Minerals Authority,David Ranibok ADEANG,10/20/2025
Nauru,Min. for Nauru Shipping Line,Lionel Rouwen AINGIMEA,10/20/2025
Nauru,Min. for Nauru Sports Development Inc.,Jesse JEREMIAH,10/20/2025
Nauru,Min. for Nauru Utilities Corporation,Shadlog BERNICKE,10/20/2025
Nauru,Min. for People Living with Disabilities,Charmaine Eraidinomo SCOTTY,10/20/2025
Nauru,Min. for Public Service,David Ranibok ADEANG,10/20/2025
Nauru,Min. for Ronphos,Delvin O’Neale THOMA,10/20/2025
Nauru,Min. for Sports,Jesse JEREMIAH,10/20/2025
Nauru,Min. for Telecommunications,Shadlog BERNICKE,10/20/2025
Nauru,Min. for Transport,Reagan Winson ALIKLIK,10/20/2025
Nauru,Min. for Vocational Training & Professional Development,Asterio APPI,10/20/2025
Nauru,Min. for Women & Social Development Affairs,Charmaine Eraidinomo SCOTTY,10/20/2025
Nauru,Ambassador to the US,Lara Erab DANIEL,10/20/2025
Nauru,"Permanent Representative to the UN, New York",Lara Erab DANIEL,10/20/2025
Nepal,Pres.,Ram Chandra POUDEL,7/18/2025
Nepal,Vice Pres.,Ram Sahaya YADAV,7/18/2025
Nepal,Prime Min.,Khadga Prasad OLI,7/18/2025
Nepal,Dep. Prime Min.,Prakash Man SINGH,7/18/2025
Nepal,Dep. Prime Min.,Bishnu Prasad PAUDEL,7/18/2025
Nepal,Min. of Agriculture & Livestock Development,Ram Nath ADHIKARI,7/18/2025
Nepal,Min. of Communications & Information Technology,Prithvi Subba GURUNG,7/18/2025
Nepal,"Min. of Culture, Tourism, & Civil Aviation",Badri PANDEY,7/18/2025
Nepal,Min. of Defense,Manbir RAI,7/18/2025
Nepal,"Min. of Education, Science, & Technology",Raghuji PANT,7/18/2025
Nepal,"Min. of Energy, Water Resources, & Irrigation",Deepak KHADKA,7/18/2025
Nepal,Min. of Fed. Affairs & General Administration,Bhagwat NEUPANE,7/18/2025
Nepal,Min. of Finance,Bishnu Prasad PAUDEL,7/18/2025
Nepal,Min. of Foreign Affairs,Arzu Rana DEUBA,7/18/2025
Nepal,Min. of Forest & Environment,Aain Bahadur Shahi THAKURI,7/18/2025
Nepal,Min. of Health & Population,Pradip PAUDEL,7/18/2025
Nepal,Min. of Home Affairs,Ramesh LEKHAK,7/18/2025
Nepal,"Min. of Industry, Commerce, & Supplies",Damodar BHANDARI,7/18/2025
Nepal,"Min. of Labor, Employment, & Social Security",Bharat Singh BHANDARI,7/18/2025
Nepal,"Min. of Land Management, Cooperatives, & Poverty Alleviation",Balaram ADHIKARI,7/18/2025
Nepal,"Min. of Law, Justice, & Parliamentary Affairs",Ajay CHAURASIYA,7/18/2025
Nepal,Min. of Physical Infrastructure & Transport,Davendra DAHAL,7/18/2025
Nepal,Min. of Urban Development,Prakash Man SINGH,7/18/2025
Nepal,Min. of Water Supply,Pradeep YADAV,7/18/2025
Nepal,"Min. of Women, Children, & Senior Citizens",Nawal Kishor SAH,7/18/2025
Nepal,Min. of Youth & Sports,Teju Lal CHAUDHARY,7/18/2025
Nepal,"Governor, Central Bank",Maha Prasad ADHIKARI,7/18/2025
Nepal,Ambassador to the US,Sridhar KHATRI,7/18/2025
Nepal,"Permanent Representative to the UN, New York",Amrit Bahadur RAI,7/18/2025
Netherlands,King,WILLEM-ALEXANDER,9/26/2025
Netherlands,Prime Min.,Dick SCHOOF,9/26/2025
Netherlands,Dep. Prime Min.,Sophie HERMANS,9/26/2025
Netherlands,Dep. Prime Min.,Mona KEIJZER,9/26/2025
Netherlands,"Min. of Agriculture, Fisheries, Food Security, & Nature",Femke WIERSMA,9/26/2025
Netherlands,Min. for Arms Procurement & Personnel,Gijs TUINMAN,9/26/2025
Netherlands,Min. of Asylum & Migration,David VAN WEEL,9/26/2025
Netherlands,Min. for Asylum & Migration,Mona KEIJZER,9/26/2025
Netherlands,Min. for Benefits & Redress,Sandra PALMEN-SCHLANGEN,9/26/2025
Netherlands,Min. for Climate Policy & Green Growth,Sophie HERMANS,9/26/2025
Netherlands,Min. of Defence,Ruben BREKELMANS,9/26/2025
Netherlands,"Min. for Digitalization, Kingdom Relations, & Reparations for Groningen",Eddie VAN MARUM,9/26/2025
Netherlands,Min. of Economic Affairs,Vincent KARREMANS,9/26/2025
Netherlands,"Min. of Education, Culture, & Science",Gouke MOES,9/26/2025
Netherlands,Min. for the Environment & Public Transport,Thierry AARTSEN,9/26/2025
Netherlands,Min. of Finance,Eelco HEINEN,9/26/2025
Netherlands,"Min. for Fishery, Food Security, Horticulture, & Nature Conservation",Jean RUMMENIE,9/26/2025
Netherlands,Min. of Foreign Affairs,David VAN WEEL,9/26/2025
Netherlands,Min. for Foreign Trade & Development,Aukje DE VRIES,9/26/2025
Netherlands,"Min. of Health, Welfare, & Sport",Jan Anthonie BRUIJN,9/26/2025
Netherlands,Min. of Housing & Spatial Planning,Mona KEIJZER,9/26/2025
Netherlands,Min. of Infrastructure & Water Management,Robert TIEMAN,9/26/2025
Netherlands,Min. of the Interior & Kingdom Relations,Frank RIJKAART,9/26/2025
Netherlands,Min. of Justice & Security,Foort VAN OOSTEN,9/26/2025
Netherlands,Min. for Legal Protection,Arno RUTTE,9/26/2025
Netherlands,Min. for Long-Term & Social Care,Nicki POUW-VERWEIJ,9/26/2025
Netherlands,Min. for Participation & Integration,Jurgen NOBEL,9/26/2025
Netherlands,Min. for Primary & Secondary Education & Equal Opportunities,Koen BECKING,9/26/2025
Netherlands,Min. of Social Affairs & Employment,Marielle PAUL,9/26/2025
Netherlands,"Min. for Tax Affairs, Tax Administration, & Customs",Eugene HEIJNEN,9/26/2025
Netherlands,"Min. for Youth, Prevention, & Sport",Judith TIELEN,9/26/2025
Netherlands,"Pres., The Netherlands Central Bank",Klaas Henderikus Willem KNOT,9/26/2025
Netherlands,Ambassador to the US,Birgitta TAZELAAR,9/26/2025
Netherlands,"Permanent Representative to the UN, New York",Lise GREGOIRE-VAN HAAREN,9/26/2025
New Zealand,Governor Gen.,Alcyion Cynthia KIRO,10/20/2025
New Zealand,Prime Min.,Christopher LUXON,10/20/2025
New Zealand,Dep. Prime Min.,David SEYMOUR,10/20/2025
New Zealand,Min. for the Accident Compensation Corporation,Scott SIMPSON,10/20/2025
New Zealand,Min. of Agriculture,Todd MCCLAY,10/20/2025
New Zealand,"Min. for Arts, Culture, & Heritage",Paul GOLDSMITH,10/20/2025
New Zealand,Min. for Auckland,Simeon BROWN,10/20/2025
New Zealand,Min. of Media & Communications,Paul GOLDSMITH,10/20/2025
New Zealand,Min. for Child Poverty Reduction,Louise UPSTON,10/20/2025
New Zealand,Min. of Climate Change,Simon WATTS,10/20/2025
New Zealand,Min. for the Community & Voluntary Sector,Louise UPSTON,10/20/2025
New Zealand,Min. of Conservation,Tama POTAKA,10/20/2025
New Zealand,Min. of Corrections,Mark MITCHELL,10/20/2025
New Zealand,Min. for Courts,Nicole MCKEE,10/20/2025
New Zealand,Min. of Customs,Casey COSTELLO,10/20/2025
New Zealand,Min. of Defense,"Judith COLLINS, KC",10/20/2025
New Zealand,Min. for Digitizing Government,"Judith COLLINS, KC",10/20/2025
New Zealand,Min. for Disability Issues,Louise UPSTON,10/20/2025
New Zealand,Minister for Economic Growth,Nicola WILLIS,10/20/2025
New Zealand,Min. of Education,Erica STANFORD,10/20/2025
New Zealand,Min. for Emergency Management & Recovery,Mark MITCHELL,10/20/2025
New Zealand,Min. of Energy,Simon WATTS,10/20/2025
New Zealand,Min. for Ethnic Communities,Mark MITCHELL,10/20/2025
New Zealand,Min. of Finance,Nicola WILLIS,10/20/2025
New Zealand,Min. of Foreign Affairs,Winston PETERS,10/20/2025
New Zealand,Min. of Forestry,Todd MCCLAY,10/20/2025
New Zealand,Min. of Health,Simeon BROWN,10/20/2025
New Zealand,Min. of Housing,Chris BISHOP,10/20/2025
New Zealand,Min. of Immigration,Erica STANFORD,10/20/2025
New Zealand,Min. for Infrastructure,Chris BISHOP,10/20/2025
New Zealand,Min. of Internal Affairs,Brooke VAN VELDEN,10/20/2025
New Zealand,Min. of Justice,Paul GOLDSMITH,10/20/2025
New Zealand,Min. of Local Govt.,Simon WATTS,10/20/2025
New Zealand,Min. for Maori Crown Relations,Tama POTAKA,10/20/2025
New Zealand,Min. for Maori Development,Tama POTAKA,10/20/2025
New Zealand,Min. for Mental Health,Matt DOOCEY,10/20/2025
New Zealand,Min. for National Security & Intelligence,Christopher LUXON,10/20/2025
New Zealand,Min. for Oceans & Fisheries,Shane JONES,10/20/2025
New Zealand,Min. for Pacific Peoples,"Shane RETI, Dr.",10/20/2025
New Zealand,Min. of Police,Mark MITCHELL,10/20/2025
New Zealand,Min. for the Public Service,"Judith COLLINS, KC",10/20/2025
New Zealand,Min. for Racing,Winston PETERS,10/20/2025
New Zealand,Min. for Rail,Winston PETERS,10/20/2025
New Zealand,Min. for Regional Development,Shane JONES,10/20/2025
New Zealand,Min. for Regulation,David SEYMOUR,10/20/2025
New Zealand,Min. for Resources,Shane JONES,10/20/2025
New Zealand,Min. Responsible for the Government Communications Security Bureau,"Judith COLLINS, KC",10/20/2025
New Zealand,Min. Responsible for Ministerial Services,Christopher LUXON,10/20/2025
New Zealand,Min. Responsible for Resource Management Act (RMA) Reform,Chris BISHOP,10/20/2025
New Zealand,Min. Responsible for the New Zealand Security Intelligence Service,"Judith COLLINS, KC",10/20/2025
New Zealand,Min. of Revenue,Simon WATTS,10/20/2025
New Zealand,Min. for Rural Communities,Mark PATTERSON,10/20/2025
New Zealand,"Min. of Science, Innovation & Technology","Shane RETI, Dr.",10/20/2025
New Zealand,Min. for Seniors,Casey COSTELLO,10/20/2025
New Zealand,Min. for Social Development & Employment,Louise UPSTON,10/20/2025
New Zealand,Min. for Social Investment,Nicola WILLIS,10/20/2025
New Zealand,Min. for Space,"Judith COLLINS, KC",10/20/2025
New Zealand,Min. for Sport & Recreation,Mark MITCHELL,10/20/2025
New Zealand,Min. for State-Owned Enterprises,Simeon BROWN,10/20/2025
New Zealand,Min. of Statistics,"Shane RETI, Dr.",10/20/2025
New Zealand,Min. for Tourism & Hospitality,Louise UPSTON,10/20/2025
New Zealand,Min. of Trade and Investment,Todd MCCLAY,10/20/2025
New Zealand,Min. of Transport,Chris BISHOP,10/20/2025
New Zealand,Min. for Treaty of Waitangi Negotiations,Paul GOLDSMITH,10/20/2025
New Zealand,Min. for Universities,"Shane RETI, Dr.",10/20/2025
New Zealand,Min. for Whanau Ora,Tama POTAKA,10/20/2025
New Zealand,Min. for Workplace Relations & Safety,Brooke VAN VELDEN,10/20/2025
New Zealand,Attorney Gen.,"Judith COLLINS, KC",10/20/2025
New Zealand,"Governor, Reserve Bank of New Zealand",Adrian ORR,10/20/2025
New Zealand,Ambassador to the US,Rosemary BANKS,10/20/2025
New Zealand,"Permanent Representative to the UN, New York",Carolyn Jane Weatherall SCHWALGER,10/20/2025
Nicaragua,Pres.,Daniel ORTEGA Saavedra,8/27/2024
Nicaragua,Vice Pres.,Rosario MURILLO Zambrana de Ortega,8/27/2024
Nicaragua,Min. of Agriculture & Forestry,Indiana Raquel FUENTES Ramirez,8/27/2024
Nicaragua,Min. of Defense,Rosa Adelina BARAHONA Castro,8/27/2024
Nicaragua,Min. of Education,Mendy ARAUZ,8/27/2024
Nicaragua,Min. of Energy & Mines,Salvador MANSELL,8/27/2024
Nicaragua,Min. of Environment & Natural Resources,Heyddy CALDERON,8/27/2024
Nicaragua,Min. of Family,Fulvia CASTRO,8/27/2024
Nicaragua,Min. of Finance & Public Credit,Bruno Mauricio GALLARDO Palaviccine,8/27/2024
Nicaragua,Min. of Foreign Affairs,Denis MONCADA Colindres,8/27/2024
Nicaragua,Min. of Health,Martha REYES,8/27/2024
Nicaragua,"Min. of Industry, Development, & Commerce",Jose de Jesus BERMUDEZ Carvajal,8/27/2024
Nicaragua,Min. of Interior,Maria Amelia CORONEL Kinloch,8/27/2024
Nicaragua,Min. of Labor,Alba Luz TORRES Briones,8/27/2024
Nicaragua,Min. of Tourism,Anasha CAMPBELL,8/27/2024
Nicaragua,Min. of Transportation & Infrastructure,Oscar MOJICA Obregon,8/27/2024
Nicaragua,Min. of Women,Tamara Vanessa MARTINEZ,8/27/2024
Nicaragua,Sec. of the Presidency,Martha Elena RUIZ Sevilla,8/27/2024
Nicaragua,Attorney Gen.,Wendy MORALES Urbina,8/27/2024
Nicaragua,"Pres., Central Bank",Leonardo Ovidio REYES Ramirez,8/27/2024
Nicaragua,Charge to the United States,Lautaro SANDINO Montes,8/27/2024
Nicaragua,"Permanent Representative to the UN, New York",Jaime HERMIDA Castillo,8/27/2024
Niger,Pres.,Abdourahamane TIANI,6/17/2025
Niger,Prime Min. and Min. of Economy & Finance,Ali Mahaman Lamine ZEINE,6/17/2025
Niger,Min. of State and Min. of National Defense,Salifou MODY,6/17/2025
Niger,"Min. of State and Min. of the Interior, Public Security & Territorial Administration",Mohamed TOUMBA Boubacar,6/17/2025
Niger,Min. of Agriculture & Livestock,Mahaman Elhadj OUSMANE,6/17/2025
Niger,Min. of Commerce & Industry,Seydou ASMAN,6/17/2025
Niger,"Min. of Communication, Postal & Digital Economy",Sidi Mohamed RALIOU,6/17/2025
Niger,Min. of Energy,Amadou HAOUA,6/17/2025
Niger,"Min. of Foreign Affairs, Cooperation & Nigeriens Abroad",Bakary Yaou SANGARE,6/17/2025
Niger,"Min. of Higher Education, Research & Technological Innovation",Mahamadou SAIDOU,6/17/2025
Niger,Min. of Humanitarian Action & Disaster Management,Aissa LAWAN,6/17/2025
Niger,"Min. of Hydraulics, Sanitation & the Environment","Maizama ABDOULAYE, Col.",6/17/2025
Niger,"Min. of Justice & Human Rights, Keeper of Seals",Alio DAOUDA,6/17/2025
Niger,Min. of Mines,"Ousmane ABACHI, Col.",6/17/2025
Niger,"Min. of National Education, Literacy, Vocational Education & Promotion of National Languages","Elizabeth CHERIF, Dr.",6/17/2025
Niger,Min. of Petroleum,Mahamane Moustapha BARKE,6/17/2025
Niger,"Min. of Public Health, Population & Social Affairs","Garba HAKIMI, Dr. Col. Maj.",6/17/2025
Niger,Min. of Public Works & Employment,Aissatou ABDOULAYE,6/17/2025
Niger,Min. of Tourism & Craftsmanship,Guichen Agaichata ATTA,6/17/2025
Niger,Min. of Transport & Equipment,"Salissou MAHAMAN, Col.",6/17/2025
Niger,Min. of Urban Planning & Housing,Salissou Sahirou ADAMOU,6/17/2025
Niger,Min. of Youth & Sports,"Abdourahamane AMADOU, Col. Maj.",6/17/2025
Niger,Min. Delegate to the Prime Minister in Charge of Finance,Moumouni Boubacar SAIDOU,6/17/2025
Niger,Min. to the President's Office,Rhissa Ag BOULA,6/17/2025
Niger,Govt. Spokesperson,Gado Sabo MOCTAR,6/17/2025
Niger,Ambassador to the US,Vacant,6/17/2025
Niger,"Permanent Representative to the UN, New York",Vacant,6/17/2025
Nigeria,Pres.,Bola TINUBU,7/16/2025
Nigeria,Vice Pres.,Kashim SHETTIMA,7/16/2025
Nigeria,Min. of Agriculture & Food Security,Abubakar KYARI,7/16/2025
Nigeria,"Min. of State, Agriculture & Food Security",Aliyu ABDULLAHI,7/16/2025
Nigeria,"Min. of Art, Culture, Tourism & Creative Economy",Hannatu MUSAWA,7/16/2025
Nigeria,Min. of Aviation & Aerospace Development,Festus KEYAMO,7/16/2025
Nigeria,Min. of Budget & Economic Planning,Atiku BAGUDU,7/16/2025
Nigeria,"Min. of Communications, Innovation, & Digital Economy",Bosun TIJANI,7/16/2025
Nigeria,Min. of Defense,Mohammed BADARU,7/16/2025
Nigeria,"Min. of State, Defense",Bello MATAWALLE,7/16/2025
Nigeria,Min. of Education,Morufu Olatuni ALAUSA,7/16/2025
Nigeria,"Min. of State, Education",Suwaiba Said AHMAD,7/16/2025
Nigeria,Min. of Environment,Balarabe Abbas LAWAL,7/16/2025
Nigeria,Min. of the Federal Capital Territory,Nyeson WIKE,7/16/2025
Nigeria,"Min. of State, Federal Capital Territory",Mairiga MAHMUD,7/16/2025
Nigeria,Min. of Finance,Adebayo OLAWALE,7/16/2025
Nigeria,"Min. of State, Finance",Doris UZOKA-ANITE,7/16/2025
Nigeria,Min. of Foreign Affairs,Yussuf Maitama TUGGAR,7/16/2025
Nigeria,"Min. of State, Foreign Affairs",Bianca Odinaka ODUMEGU-OJUKWU,7/16/2025
Nigeria,Min. of Health & Social Welfare,Ali PATE,7/16/2025
Nigeria,"Min. of State, Health & Social Welfare",Iziaq Adekunle SALAKO,7/16/2025
Nigeria,Min. of Housing & Urban Development,Ahmed DANGIWA,7/16/2025
Nigeria,"Min. of State, Housing & Urban Development",Yusuf ABDULLAHI,7/16/2025
Nigeria,Min. of Humanitarian Affairs & Poverty Alleviation,Nentawe YILWATDA,7/16/2025
Nigeria,"Min. of State, Humanitarian Affairs & Poverty Alleviation",Yusuf SUNUNU,7/16/2025
Nigeria,"Min. of Industry, Trade, & Investment",Jumoke ODUWOLE,7/16/2025
Nigeria,"Min. of State, Industry, Trade, & Investment",John Owan ENOH,7/16/2025
Nigeria,Min. of Information & National Orientation,Mohammed IDRIS,7/16/2025
Nigeria,"Min. of Innovation, Science, & Technology",Uche NNAJI,7/16/2025
Nigeria,Min. of Interior,Olubunmi TUNJI-OJO,7/16/2025
Nigeria,Min. of Justice,Lateef FAGBEMI,7/16/2025
Nigeria,Min. of Labor & Employment,Muhammadu Maigari DINGYADI,7/16/2025
Nigeria,"Min. of State, Labor & Employment",Nkiruka ONYEJEOCHA,7/16/2025
Nigeria,Min. of Livestock Development,Idi Mukhtar MAIHA,7/16/2025
Nigeria,Min. of Marine & Blue Economy,Adegboyega OYETOLA,7/16/2025
Nigeria,Min. of Petroleum Resources,Bola TINUBU,7/16/2025
Nigeria,"Min. of State, Petroleum Resources (Gas)",Ekperikpe EKPO,7/16/2025
Nigeria,"Min. of State, Petroleum Resources (Oil)",Heineken LOKPOBIRI,7/16/2025
Nigeria,Min. of Police Affairs,Ibrahim GEIDAMI,7/16/2025
Nigeria,Min. of Power,Adebayo ADELABU,7/16/2025
Nigeria,Min. of Regional Development,Abubakar MOMOH,7/16/2025
Nigeria,"Min. of State, Regional Development",Uba Maigari AHMADU,7/16/2025
Nigeria,Min. of Solid Minerals Development,Dele ALAKE,7/16/2025
Nigeria,Min. of Special Duties & Intergovernmental Affairs,Zephaniah JISALO,7/16/2025
Nigeria,Min. of Steel Development,Shuaibu AUDU,7/16/2025
Nigeria,Min. of Tourism,Lola ADE-JOHN,7/16/2025
Nigeria,Min. of Transportation,Saidu ALKALI,7/16/2025
Nigeria,Min. of Water Resources & Sanitation,Joseph UTSEV,7/16/2025
Nigeria,Min. of Women Affairs,Imaam SULAIMAN-IBRAHIM,7/16/2025
Nigeria,Min. of Works,David UMAHI,7/16/2025
Nigeria,Min. of Youth Development,Ayodele OLAWANDE,7/16/2025
Nigeria,Attorney Gen. of the Federation,Lateef FAGBEMI,7/16/2025
Nigeria,"Governor, Central Bank of Nigeria",Olayemi CARDOSO,7/16/2025
Nigeria,Ambassador to the US,,7/16/2025
Nigeria,"Permanent Representative to the UN, New York",,7/16/2025
Niue,Prime Minister,Dalton TAGELAGI,9/6/2024
Niue,Min. for Central & Commercial Agencies,Dalton TAGELAGI,9/6/2024
Niue,Min. of Finance & Infrastructure,Crossley TATUI,9/6/2024
Niue,Min. of Foreign Affairs,Dalton TAGELAGI,9/6/2024
Niue,Min. of Natural Resources,Mona AINU'U,9/6/2024
Niue,Min. of Social Services,Sonya TALAGI,9/6/2024
North Macedonia,Pres.,Gordana SILJANOVSKA-DAVKOVA,6/30/2025
North Macedonia,Prime Min.,Hristijan MICKOSKI,6/30/2025
North Macedonia,First Dep. Prime Minister and Minister of Environment and Spatial Planning,Izet MEXHITI,6/30/2025
North Macedonia,"Dep. Prime Minister in charge of Community Relations, Minister Without Portfolio",Ivan STOILKOVIĆ,6/30/2025
North Macedonia,"Dep. Prime Min. for Economic Affairs, Coordination of Economic Resources and Investment",Fatmir BYTYQI,6/30/2025
North Macedonia,"Dep. Prime Minister in Charge of Framework Agreement Implementation, Political System, Minister Without Portfolio",Ljupco DIMOVSKI,6/30/2025
North Macedonia,"Dep. Prime Minister in Charge of Good Governance Policies, Minister Without Portfolio",Arben FETAJ,6/30/2025
North Macedonia,Dep. Prime Minister in charge of Transport,Aleksandar NIKOLOSKI,6/30/2025
North Macedonia,"Min. of Agriculture, Forestry and Water Supply",Cvetan TRIPUNOVSKI,6/30/2025
North Macedonia,Min. of Culture,Zoran LYUTKOV,6/30/2025
North Macedonia,Min. of Defense,Vlado (Kendo) MISAJLOVSKI,6/30/2025
North Macedonia,Min. of Digital Transformation,Stefan ANDONOVSKI,6/30/2025
North Macedonia,Min. of Economy,Fatmir LEVANI,6/30/2025
North Macedonia,Min. of Education and Science,Vesna JANEVSKA,6/30/2025
North Macedonia,Min. of Environment & Urban Planning,Naser NURADINI,6/30/2025
North Macedonia,Min. of European Affairs,Orhan MURTENZAI,6/30/2025
North Macedonia,Min. of Finance,Gordana DIMITRIEVSKA-KOCHOSKA,6/30/2025
North Macedonia,Min. of Foreign Affairs and Foreign Trade,Timcho MUCUNSKI,6/30/2025
North Macedonia,Min. of Health,Azir ALIU,6/30/2025
North Macedonia,Min. of Information Society and Administration,Goran MINCHEV,6/30/2025
North Macedonia,Min. of Interior,Pance TOSHKOVSKI,6/30/2025
North Macedonia,Min. of Justice,Igor FILKOV,6/30/2025
North Macedonia,Min. of Labor and Social Policy,Gojko VELKOVSKI,6/30/2025
North Macedonia,Min. of Local Self-Government,Zlatko PERINSKI,6/30/2025
North Macedonia,Min. of Sport,Borko RISTOVSKI,6/30/2025
North Macedonia,Min. of Transport & Communications,Blagoja BOCVARSKI,6/30/2025
North Macedonia,Min. Without Portfolio Responsible for Diaspora,Xhemail CHUPI,6/30/2025
North Macedonia,Min. Without Portfolio,Elvin HASAN,6/30/2025
North Macedonia,Min. Without Portfolio,Zoran SHAPURIC,6/30/2025
North Macedonia,Min. Without Portfolio,Zhemail CUPI,6/30/2025
North Macedonia,Min. Without Portfolio for Attracting Foreign Investment,Elvin HASAN,6/30/2025
North Macedonia,Min. Without Portfolio to Improve Investment Climate for Domestic Enterprises,Zoran SAPURIC,6/30/2025
North Macedonia,Ambassador to the United States,vacant,6/30/2025
North Macedonia,Attorney General,Ljupco SVRGOVSKI,6/30/2025
North Macedonia,Chief of the General Staff of the Army of the Republic of North Macedonia,Vasko GJURCINOVSKI,6/30/2025
North Macedonia,"Governor, National Bank of the Republic of North Macedonia",Anita ANGELOVSKA-BEZOSKA,6/30/2025
North Macedonia,Permanent Representative to the UN,Ljubomir FRCKOSKI,6/30/2025
Norway,King,HARALD V,10/16/2025
Norway,Prime Min.,Jonas Gahr STORE,10/16/2025
Norway,Min. of Agriculture & Food,Nils Kristen SANDTROEN,10/16/2025
Norway,Min. of Children & Families,Lene VAGSLID,10/16/2025
Norway,Min. of Climate & Environment,Andreas Bjelland ERIKSEN,10/16/2025
Norway,Min. of Culture & Equality,Lubna JAFFERY,10/16/2025
Norway,Min. of Defense,Tore SANDVIK,10/16/2025
Norway,Min. of Digitalization and Public Governance Administration,Karianne Oldernes TUNG,10/16/2025
Norway,Min. of Education,Kari Ness NORDTUN,10/16/2025
Norway,Min. of Energy,Terje Lien AASLAND,10/16/2025
Norway,Min. of Finance,Jens STOLTENBERG,10/16/2025
Norway,Min. of Fisheries & Ocean Policy,Marianne Siverstsen NAESS,10/16/2025
Norway,Min. of Foreign Affairs,Espen BARTH EIDE,10/16/2025
Norway,Min. of Health & Care Services,Jan Christian VESTRE,10/16/2025
Norway,Min. of Intl. Development,Asmund Grover AUKRUST,10/16/2025
Norway,Min. of Justice & Public Security,Astri AAS-HANSEN,10/16/2025
Norway,Min. of Labor & Social Inclusion,Kjersti STENSENG,10/16/2025
Norway,Min. of Local Govt. & Regional Development,Bjornar SKJAERAN,10/16/2025
Norway,Min. of Research & Higher Education,Sigrun AASLAND,10/16/2025
Norway,Min. of Trade & Industry,Cecilie MYRSETH,10/16/2025
Norway,Min. of Transport,Jon-Ivar NYGARD,10/16/2025
Norway,"Governor, Norges Bank",Ida WOLDEN BACHE,10/16/2025
Norway,Ambassador to the US,Anniken HUITFELDT,10/16/2025
Norway,"Permanent Representative to the UN, New York",Merete Field BRATTESTED,10/16/2025
Oman,Sultan,HAITHAM bin Tarik Al Said,6/5/2025
Oman,Prime Min.,HAITHAM bin Tarik Al Said,6/5/2025
Oman,Dep. Prime Min. for Parliamentary Affairs,FAHD bin Mahmud Al Said,6/5/2025
Oman,Dep. Prime Min. for Defense Affairs & Min. of Defense,SHIHAB bin Tarik Al Said,6/5/2025
Oman,Dep. Prime Min. for International Relations & Cooperation,AS’AD bin Tarik Al Said,6/5/2025
Oman,"Min. of Agriculture, Fisheries, & Water Resources","SAUD BIN HAMUD bin Ahmad al-Habsi, Dr.",6/5/2025
Oman,Min. of Awqaf (Endowments) & Religious Affairs,Muhammad bin Sayid Al MAAMARI,6/5/2025
Oman,"Min. of Commerce, Industry, & Investment Promotion",QAIS bin Muhammad bin Moosa al-Yusif,6/5/2025
Oman,"Min. of Culture, Sports, & Youth",THEYAZIN bin Haitham bin Tarik Al Said,6/5/2025
Oman,Min. of Diwan of the Royal Court,KHALID bin Hilal bin Saud al-Busaidi,6/5/2025
Oman,Min. of Economy,"Said bin Muhammad bin Ahmad al-SAQRI, Dr.",6/5/2025
Oman,Min. of Education,"Madiha bint Ahmad bin Nasir al-SHIBYANIYAH, Dr.",6/5/2025
Oman,Min. of Finance,Sultan bin Salim bin Said Al-HABSI,6/5/2025
Oman,Min. of Foreign Affairs,BADR BIN HAMAD bin Hamud al-Busaidi,6/5/2025
Oman,Min. of Health,"Hilal bin Ali Al SABTI, Dr.",6/5/2025
Oman,Min. of Heritage & Tourism,Salim bin Muhammad bin Said al-MAHRUQI,6/5/2025
Oman,"Min. of Higher Education, Research, & Innovation","RAHMA bint Ibrahim bin Said al-Mahruqiyah, Dr.",6/5/2025
Oman,Min. of Housing & Urban Planning,"KHALFAN bin Said bin Mubarak al-Shuaili, Dr.",6/5/2025
Oman,Min. of Information,"Abdallah bin Nasir bin Khalifa al-HARRASI, Dr.",6/5/2025
Oman,Min. of Interior,HAMUD bin Faisal bin Said al-Busaidi,6/5/2025
Oman,Min. of Justice & Legal Affairs,"Abdallah bin Muhammad bin Said al-SAIDI, Dr.",6/5/2025
Oman,Min. of Labor,"MAHAD bin Said bin Ali Baowain, Dr.",6/5/2025
Oman,Min. of Energy & Minerals,"Salim Nasser al-AUFI, Eng.",6/5/2025
Oman,Min. of the Royal Office,Sultan bin Muhammad al-NUMANI,6/5/2025
Oman,Min. of Social Development,LAILA bint Ahmad bin Awadh al-Najar,6/5/2025
Oman,"Min. of Transport, Communications, & Information Technology","Said bin Hamud bin Said al-MAAWALI, Eng.",6/5/2025
Oman,"Governor, Central Bank of Oman",Ahmed al-MUSALMI,6/5/2025
Oman,Ambassador to the US,Talal bin Sulaiman bin Habib AL RAHBI,6/5/2025
Oman,"Permanent Representative to the UN, New York","Muhammad bin Awadh Al HASSAN, Dr.",6/5/2025
Pakistan,Pres.,Asif Ali ZARDARI,9/9/2025
Pakistan,Prime Min.,Shehbaz SHARIF,9/9/2025
Pakistan,Min. for Board of Investment,Qaiser Ahmed SHEIKH,9/9/2025
Pakistan,Min. for Climate Change & Environmental Coordination,Musadik MALIK,9/9/2025
Pakistan,Min. for Commerce,Jam Kamal KHAN,9/9/2025
Pakistan,Min. for Communications,Abdul Aleem KHAN,9/9/2025
Pakistan,Min. for Defense,KHWAJA Muhammad Asif,9/9/2025
Pakistan,Min. for Defense Production,Muhammad Raza Hayat HARRAJ,9/9/2025
Pakistan,Min. for Economic Affairs & Establishment,Ahad Khan CHEEMA,9/9/2025
Pakistan,Min. for Federal Education & Professional Training,Khalid Maqbool SIDDIQUI,9/9/2025
Pakistan,Min. for Finance & Revenue,Muhammad AURANGZEB,9/9/2025
Pakistan,Min. of Foreign Affairs,Muhammad Ishaq DAR,9/9/2025
Pakistan,Min. for Housing & Works,Mian Riaz Hussain PIRZADA,9/9/2025
Pakistan,Min. for Human Rights,Azam Nazeer TARAR,9/9/2025
Pakistan,Min. for Information & Broadcasting,Attaullah TARAR,9/9/2025
Pakistan,Min. for Information Technology & Telecommunication,Shaza Fatima KHAWAJA,9/9/2025
Pakistan,Min. for Interior,Syed Mohsin Raza NAQVI,9/9/2025
Pakistan,Min. for Law & Justice,Azam Nazeer TARAR,9/9/2025
Pakistan,Min. for Maritime Affairs,Muhammad Junaid Anwar CHAUDHRY,9/9/2025
Pakistan,Min. for Narcotics Control,Syed Mohsin Raza NAQVI,9/9/2025
Pakistan,Min. for National Food Security & Research,Rana Tanveer HUSSAIN,9/9/2025
Pakistan,"Min. for National Health Services, Regulations, & Coordination",Syed Mustafa KAMAL,9/9/2025
Pakistan,Min. for National Heritage & Culture,Aurangzeb Khan KHICHI,9/9/2025
Pakistan,Min. for Overseas Pakistanis & Human Resource Development,Chaudhry Salik HUSSAIN,9/9/2025
Pakistan,Min. for Parliamentary Affairs,Tariq Fazal CHAUDHARY,9/9/2025
Pakistan,Min. for Petroleum,Ali Pervaiz MALIK,9/9/2025
Pakistan,"Min. for Planning, Development, & Special Initiatives",Ahsan Iqbal CHAUDHARY,9/9/2025
Pakistan,Min. for Poverty Alleviation & Social Safety,Syed Imran Ahmed SHAH,9/9/2025
Pakistan,Min. for Power,Sardar Awais Ahmad Khan LEGHARI,9/9/2025
Pakistan,Min. for Public Affairs Unit,Rana Mubashar IQBAL,9/9/2025
Pakistan,Min. for Railways,Muhammad Hanif ABBASI,9/9/2025
Pakistan,Min. for Religious Affairs & Interfaith Harmony,Sardar Muhammad YOUSAF,9/9/2025
Pakistan,Min. for Science & Technology,Khalid Hussain MAGSI,9/9/2025
Pakistan,"Min. for Kashmir Affairs, Gilgit-Baltistan, & States and Frontier Regions (SAFRON)",Amir MUQAM,9/9/2025
Pakistan,Min. for Water Resources,Muhammad Mueen WATTOO,9/9/2025
Pakistan,"Governor, State Bank of Pakistan",Jameel AHMAD,9/9/2025
Pakistan,Ambassador to the US,Rizwan Saeed SHEIKH,9/9/2025
Pakistan,"Permanent Representative to the UN, New York",Asim IFTIKHAR Ahmad,9/9/2025
Palau,Pres.,"Surangel WHIPPS, Jr.",6/4/2025
Palau,Vice Pres.,Raynold B. OILOUCH,6/4/2025
Palau,"Min. of Agriculture, Fisheries, & Environment",Steven VICTOR,6/4/2025
Palau,Min. of Education,,6/4/2025
Palau,Min. of Finance,,6/4/2025
Palau,Min. of Health & Human Services,Raynold B. OILOUCH,6/4/2025
Palau,"Min. of Human Resources, Culture, Tourism, & Development",Ngirai TMETUCHL,6/4/2025
Palau,Min. of Interior,,6/4/2025
Palau,Min. of Justice,Jennifer Sekang OLEGERIIL,6/4/2025
Palau,"Min. of Public Infrastructure, Industries, & Commerce",Charles OBICHANG,6/4/2025
Palau,Min. of State,Gustav AITARO,6/4/2025
Palau,Chief of Staff to the Pres.,Landisang KOTARO,6/4/2025
Palau,Attorney Gen.,Ernestine RENGIIL,6/4/2025
Palau,Ambassador to the US,Hersey KYOTA,6/4/2025
Palau,"Permanent Representative to the UN, New York",Ilana Victorya SEID,6/4/2025
Panama,Pres.,Jose Raul MULINO Quintero,1/13/2025
Panama,Min. of Agricultural Development,Roberto José LINARES,1/13/2025
Panama,Min. of Canal Affairs,Jose Ramon ICAZA,1/13/2025
Panama,Min. of Commerce & Industry,Julio MOLTO,1/13/2025
Panama,Min. of Culture,Maruja HERRERA,1/13/2025
Panama,Min. of Economy & Finance,Felipe CHAPMAN,1/13/2025
Panama,Min. of Education,Lucy MOLINAR,1/13/2025
Panama,Min. of Environment,Juan Carlos NAVARRO,1/13/2025
Panama,Min. of Foreign Affairs,Javier Martinez ACHA,1/13/2025
Panama,Min. of Government,Dinoska MONTALVO,1/13/2025
Panama,Min. of Health,"Fernando BOYD Galindo, Dr.",1/13/2025
Panama,Min. of Housing & Land Management,Jaime JOVANE,1/13/2025
Panama,Min. of Labor & Labor Development,Jackeline MUNOZ,1/13/2025
Panama,Min. of the Presidency,Juan Carlos ORILLAC,1/13/2025
Panama,Min. of Public Security,Frank Alexis ABREGO Mendoza,1/13/2025
Panama,Min. of Public Works,José Luis ANDRADE,1/13/2025
Panama,Min. of Social Development,Beatriz CARLES Arango,1/13/2025
Panama,Min. of Women,Niurka PALACIOS,1/13/2025
Panama,Attorney Gen.,Luis Carlos Manuel GOMEZ Rudy,1/13/2025
Panama,"Manager, National Bank of Panama",Javier CARRIZO,1/13/2025
Panama,Ambassador to the US,Jose Miguel ALEMAN,1/13/2025
Panama,"Permanent Representative to the UN, New York",Eloy ALFARO de Alba,1/13/2025
Papua New Guinea,Governor Gen.,"Bob DADAE, Grand Chief Sir",10/16/2025
Papua New Guinea,Prime Min.,James MARAPE,10/16/2025
Papua New Guinea,Dep. Prime Min.,John ROSSO,10/16/2025
Papua New Guinea,Min. for Administrative Services,Richard MASERE,10/16/2025
Papua New Guinea,Min. for Agriculture,John BOITO,10/16/2025
Papua New Guinea,Min. for Bougainville Affairs,Mannaseh MAKIBA,10/16/2025
Papua New Guinea,Min. for Civil Aviation,Wake GOI,10/16/2025
Papua New Guinea,Min. for Coffee,William BANDO,10/16/2025
Papua New Guinea,Min. for Commerce & Industry,Win DAKI,10/16/2025
Papua New Guinea,Min. for Communication & Information Technology,Timothy MASIU,10/16/2025
Papua New Guinea,"Min. for Community Development, Youth, & Religion",Jason PETER,10/16/2025
Papua New Guinea,Min. for Correctional Services,Joe KULI,10/16/2025
Papua New Guinea,Min. for Defense & Fire Service,"William ""Billy"" JOSEPH",10/16/2025
Papua New Guinea,Min. for Education,Lucas DEKENA,10/16/2025
Papua New Guinea,Min. for Energy,Peter ISOAIMO,10/16/2025
Papua New Guinea,Min. for Finance & Implementation,Thomas OPA,10/16/2025
Papua New Guinea,Min. for Fisheries & Marine Resources,Jelta WONG,10/16/2025
Papua New Guinea,Min. for Foreign Affairs,Justin TKATCHENKO,10/16/2025
Papua New Guinea,Min. for Forests,Salio WAIPO,10/16/2025
Papua New Guinea,Min. for Health,Elias KAPAVORE,10/16/2025
Papua New Guinea,"Min. for Higher Education, Sports, Research, Science, & Technology",Kinoka FEO,10/16/2025
Papua New Guinea,Min. for Housing,Kobby BOMAREO,10/16/2025
Papua New Guinea,Min. for Immigration,John ROSSO,10/16/2025
Papua New Guinea,Min. for International Trade & Investment,Richard MARU,10/16/2025
Papua New Guinea,Min. for Labor & Employment,Kessy SAWANG,10/16/2025
Papua New Guinea,Min. for Justice,Pila Kole NININGI,10/16/2025
Papua New Guinea,Min. for Lands & Physical Planning & Urbanization,John ROSSO,10/16/2025
Papua New Guinea,Min. for Livestock,Sekie AGISA,10/16/2025
Papua New Guinea,Min. for Mining,Rainbo PAITA,10/16/2025
Papua New Guinea,Min. for National Events,Justin TKATCHENKO,10/16/2025
Papua New Guinea,Min. for National Planning,Ano PALA,10/16/2025
Papua New Guinea,Min. for Palm Oil,Francis MANEKE,10/16/2025
Papua New Guinea,Min. for Petroleum,Jimmy MALADINA,10/16/2025
Papua New Guinea,Min. for Planning,Ano PALA,10/16/2025
Papua New Guinea,Min. for Police,"Peter TSIAMALILI, Jr.",10/16/2025
Papua New Guinea,Min. for Provincial and Local Level Government Affairs,Soroi EOE,10/16/2025
Papua New Guinea,Min. for Public Service,Joe SUNGI,10/16/2025
Papua New Guinea,Min. for Rural and Economic Development,Joseph LELANG,10/16/2025
Papua New Guinea,Min. for State Enterprises,William DUMA,10/16/2025
Papua New Guinea,"Min. for Tourism, Arts, & Culture",Belden NAMAH,10/16/2025
Papua New Guinea,Min. for Transport,Miki KAEOK,10/16/2025
Papua New Guinea,Min. for Treasury,Ian LING-STUCKEY,10/16/2025
Papua New Guinea,Min. for Works & Highway,Solan MIRISIM,10/16/2025
Papua New Guinea,Attorney Gen.,Pila Kole NININGI,10/16/2025
Papua New Guinea,"Governor, Central Bank",Loi BAKANI,10/16/2025
Papua New Guinea,Ambassador to the US,Arnold Amet,10/16/2025
Papua New Guinea,"Permanent Representative to the UN, New York",Fred SARUFA,10/16/2025
Paraguay,Pres.,Santiago PENA Palacios,9/20/2024
Paraguay,Vice Pres.,Pedro ALLIANA,9/20/2024
Paraguay,Min. of Agriculture & Livestock,Carlos GIMENEZ,9/20/2024
Paraguay,Min. of Children & Adolescents,Walter GUTIERREZ,9/20/2024
Paraguay,Min. of Education & Science,Luis Fernando RAMIREZ,9/20/2024
Paraguay,Min. of Environmental & Sustainable Development,Rolando de Barros BARRETO,9/20/2024
Paraguay,Min. of Finance,Carlos FERNANDEZ Valdovinos,9/20/2024
Paraguay,Min. of Foreign Relations,Ruben RAMIREZ Lezcano,9/20/2024
Paraguay,Min. of Industry & Commerce,Javier GIMENEZ,9/20/2024
Paraguay,Min. of Information Technology & Communication,Gustavo VILLATE,9/20/2024
Paraguay,Min. of the Interior,Enrique RIERA,9/20/2024
Paraguay,Min. of Justice,Rodrigo Nicora VILLAMAYOR,9/20/2024
Paraguay,"Min. of Labor, Employment, & Social Security",Monica RECALDE de Giacomi,9/20/2024
Paraguay,Min. of National Defense,Oscar GONZALEZ Canete,9/20/2024
Paraguay,Min. of Public Health,Maria Teresa BARAN,9/20/2024
Paraguay,Min. of Public Works & Communications,Claudia CENTURION,9/20/2024
Paraguay,Min. of Social Development,Miguel ROJAS,9/20/2024
Paraguay,"Min. for Urban Planning, Housing, & Habitat",Juan Carlos BARUJA,9/20/2024
Paraguay,Min. for Women,Cynthia FIGUEREDO,9/20/2024
Paraguay,"Pres., Central Bank",Carlos CARVALLO Spalding,9/20/2024
Paraguay,Ambassador to the US,Jose Antonio Dos SANTOS,9/20/2024
Paraguay,"Permanent Representative to the UN, New York",Marcelo Eliseo SCAPPINI Ricciardi,9/20/2024
Paraguay,Prosecutor General,Marco Aurelio GONZALEZ,9/20/2024
Peru,Pres.,Jose JERI Ore (interim),10/16/2025
Peru,Vice Pres.,vacant,10/16/2025
Peru,Prime Min.,Ernesto ALVAREZ Miranda,10/16/2025
Peru,Min. of Agriculture & Irrigation,Vladimir CUNO Salcedo,10/16/2025
Peru,Min. of Culture,Martin LUNA Briceno,10/16/2025
Peru,Min. of Defense,Cesar DIAZ Peche,10/16/2025
Peru,Min. of Development & Social Inclusion,Lesly SHICA Seguil,10/16/2025
Peru,Min. of Economy & Finance,Denisse MIRALLES Miralles,10/16/2025
Peru,Min. of Education,Jorge FIGUEROA Guzman,10/16/2025
Peru,Min. of Energy & Mines,Luis Enrique BRAVO De la Cruz,10/16/2025
Peru,Min. of Environment,Miguel Angel ESPICHAN Marinas,10/16/2025
Peru,Min. of Foreign Relations,Hugo DE ZELA Martinez,10/16/2025
Peru,Min. of Foreign Trade & Tourism,Teresa MERA Gomez,10/16/2025
Peru,Min. of Health,Luis QUIROZ Aviles,10/16/2025
Peru,"Min. of Housing, Construction, & Sanitation",Wilder SIFUENTES Quilcate,10/16/2025
Peru,Min. of Interior,Vicente TIBURCIO Orbezo,10/16/2025
Peru,Min. of Justice & Human Rights,Walter MARTINEZ Laura,10/16/2025
Peru,Min. of Labor & Employment,Oscar FERNANDEZ Caceres,10/16/2025
Peru,Min. of Production,Cesar QUISPE Lujan,10/16/2025
Peru,Min. of Transportation & Communications,Aldo PRIETO Barrera,10/16/2025
Peru,Min. of Women & Vulnerable Populations,Sandra GUTIERREZ Cuba,10/16/2025
Peru,"Pres., Central Reserve Bank",Julio VELARDE Flores,10/16/2025
Peru,Ambassador to the US,Alfredo FERRERO Diez-Canseco,10/16/2025
Peru,"Permanent Representative to the UN, New York",Gustavo ADRIANZEN Olaya,10/16/2025
Philippines,Pres.,"Ferdinand MARCOS, Jr.",10/9/2024
Philippines,Vice Pres.,Sara DUTERTE-CARPIO,10/9/2024
Philippines,Executive Sec.,Lucas BERSAMIN,10/9/2024
Philippines,Sec. of Agrarian Reform,Conrado ESTRELLA III,10/9/2024
Philippines,Sec. of Agriculture,"Francisco Tiu LAUREL, Jr.",10/9/2024
Philippines,Sec. of Budget & Management,Amena PANGANDAMAN,10/9/2024
Philippines,"Sec. of Education, Culture, & Sports",Juan Edgardo ANGARA,10/9/2024
Philippines,Sec. of Energy,Raphael LOTILLA,10/9/2024
Philippines,Sec. of Environment & Natural Resources,Maria Antonia Yulo-LOYZAGA,10/9/2024
Philippines,Sec. of Finance,Ralph RECTO,10/9/2024
Philippines,Sec. of Foreign Affairs,Enrique MANALO,10/9/2024
Philippines,Sec. of Health,Teodoro HERBOSA,10/9/2024
Philippines,Sec. of Human Settlements & Urban Development,Jose ACUZAR,10/9/2024
Philippines,Sec. of Information & Communications Technology,Ivan UY,10/9/2024
Philippines,Sec. of Interior & Local Govt.,"Juanito Victor REMULLA, Jr. (OIC)",10/9/2024
Philippines,Sec. of Justice,Jesus Crispin REMULLA,10/9/2024
Philippines,Sec. of Labor & Employment,Bienvenido LAGUESMA,10/9/2024
Philippines,Sec. of Migrant Workers,Hans Leo CACDAC,10/9/2024
Philippines,Sec. of National Defense,"Gilberto TEODORO, Jr.",10/9/2024
Philippines,Sec. of Public Works & Highways,Manuel BONOAN,10/9/2024
Philippines,Sec. of Science & Technology,"Renato SOLIDUM, Jr.",10/9/2024
Philippines,Sec. of Social Welfare & Development,Rexlon GATCHALIAN,10/9/2024
Philippines,Sec. of Socioeconomic Planning,Arsenio BALISACAN,10/9/2024
Philippines,Sec. of Tourism,Christina FRASCO,10/9/2024
Philippines,Sec. of Trade & Industry,Cristina Aldeguer-ROQUE (OIC),10/9/2024
Philippines,Sec. of Transportation & Communications,Jamie BAUTISTA,10/9/2024
Philippines,National Security Adviser,Eduardo ANO,10/9/2024
Philippines,"Governor, Central Bank of the Philippines","Eli REMOLONA, Jr.",10/9/2024
Philippines,Ambassador to the US,Jose Manuel de Gallego ROMUALDEZ,10/9/2024
Philippines,"Permanent Representative to the UN, New York","Antonio LAGDAMEO, Sr.",10/9/2024
Poland,Pres.,Karol NAWROCKI,8/6/2025
Poland,Prime Minister,Donald TUSK,8/6/2025
Poland,Dep. Prime Min. & Min. of National Defense,Wladyslaw KOSINIAK-KAMYSZ,8/6/2025
Poland,Dep. Prime Min. & Min. of Digital Affairs,Krzysztof GAWKOWSKI,8/6/2025
Poland,Dep. Prime Min. & Min. of Foreign Affairs,Radoslaw SIKORSKI,8/6/2025
Poland,Min. of Agriculture & Rural Development,Stefan KRAJEWSKI,8/6/2025
Poland,Min. of Climate & Environment,Paulina HENNIG-KLOSKA,8/6/2025
Poland,Min. of Culture & National Heritage,Marta CIENKOWSKA,8/6/2025
Poland,Min. of Development Funds & Regional Policy,Katarzyna PELCZYNSKA-NALECZ,8/6/2025
Poland,Min. of Education,Barbara NOWACKA,8/6/2025
Poland,Min. of Energy,Milosz MOTYKA,8/6/2025
Poland,"Min. of Family, Labor, & Social Policy",Agnieszka DZIEMIANOWICZ-BAK,8/6/2025
Poland,Min. of Finance & Economy,Andrzej DOMANSKI,8/6/2025
Poland,Min. of Health,Jolanta SOBIERANSKA-GRENDA,8/6/2025
Poland,Min. of Infrastructure,Dariusz KLIMCZAK,8/6/2025
Poland,Min. of the Interior & Administration,Marcin KIERWINSKI,8/6/2025
Poland,Min. of Justice,Waldemar ZUREK,8/6/2025
Poland,Min. of Science & Higher Education,Marcin KULASEK,8/6/2025
Poland,Min. of Sport & Tourism,Jakub RUTNICKI,8/6/2025
Poland,Min. of State Assets,Wojciech BALCZUN,8/6/2025
Poland,Min. for Supervision of Government Policy Implementation,Maciej BEREK,8/6/2025
Poland,"Min.-Member of the Council of Ministers, Head of the Prime Min.'s Chancellery",Jan GRABIEC,8/6/2025
Poland,Min.-Member of the Council of Ministers,Tomasz SIEMONIAK,8/6/2025
Poland,"Pres., National Bank of Poland",Adam GLAPINSKI,8/6/2025
Poland,Ambassador to the US,Vacant,8/6/2025
Poland,Charge d'Affaires in the US,Bogdan KLICH,8/6/2025
Poland,"Permanent Representative to the UN, New York",Krzysztof SZCZERSKI,8/6/2025
Portugal,Pres.,Marcelo REBELO DE SOUSA,1/17/2025
Portugal,Prime Min.,Luis MONTENEGRO,1/17/2025
Portugal,Min. of State & Foreign Affairs,Paulo RANGEL,1/17/2025
Portugal,Min. of State & Finance,Joaquim Miranda SARMENTO,1/17/2025
Portugal,Min. of Presidency,Antonio LEITAO AMARO,1/17/2025
Portugal,Min. in the Cabinet of the Prime Min.,Manuel CASTRO ALMEIDA,1/17/2025
Portugal,Min. of Parliamentary Affairs,Pedro DUARTE,1/17/2025
Portugal,Min. of National Defense,Nuno MELO,1/17/2025
Portugal,Min. of Justice,Rita Alarcao JUDICE,1/17/2025
Portugal,Min. of Home Affairs,Margarida BLASCO,1/17/2025
Portugal,"Min. of Education, Science, & Innovation",Fernando ALEXANDRE,1/17/2025
Portugal,Min. of Health,Ana Paula MARTINS,1/17/2025
Portugal,Min. of Infrastructure & Housing,Miguel PINTO LUZ,1/17/2025
Portugal,Min. of Economy,Pedro REIS,1/17/2025
Portugal,"Min. of Labor, Solidarity, & Social Security",Maria do Rosario PALMA RAMALHO,1/17/2025
Portugal,Min. of Environment & Energy,Maria da Graca CARVALHO,1/17/2025
Portugal,Min. of Youth & Modernization,Margarida Balseiro LOPES,1/17/2025
Portugal,Min. of Agriculture & Fisheries,Jose Manuel FERNANDES,1/17/2025
Portugal,Min. of Culture,Dalila RODRIGUES,1/17/2025
Portugal,"Governor, Bank of Portugal",Mario CENTENO,1/17/2025
Portugal,Ambassador to the US,Francisco Antonio DUARTE LOPES,1/17/2025
Portugal,"Permanent Representative to the UN, New York",Rui VINHAS,1/17/2025
Qatar,Amir,TAMIM bin Hamad Al Thani,3/8/2023
Qatar,Deputy Amir,ABDALLAH bin Hamad Al Thani,3/8/2023
Qatar,Prime Min.,MUHAMMAD bin Abd al-Rahman Al Thani,3/8/2023
Qatar,Dep. Prime Min.,KHALID bin Muhammad al-Atiyah,3/8/2023
Qatar,Min. of Commerce & Industry,MOHAMMED bin Hamad bin Qassim Al Abdullah Al Thani,3/8/2023
Qatar,Min. of Communications & Information Technology,Mohammed bin Ali bin Mohammed al-MANNAI,3/8/2023
Qatar,Min. of Culture,ABDULRAHMAN bin Hamad bin Jassim bin Hamad Al Thani,3/8/2023
Qatar,Min. of Defense,TAMIM bin Hamad Al Thani,3/8/2023
Qatar,Min. of Education & Higher Education,Buthaina bint Ali al-NUAIMI,3/8/2023
Qatar,Min. of Endowments & Islamic Affairs,Ghanem bin Shaheen bin Ghanem al-GHANEM,3/8/2023
Qatar,Min. of Environment & Climate Change,"FALEH bin Nasser bin Ahmed bin Ali Al Thani, Dr.",3/8/2023
Qatar,Min. of Finance,Ali bin Ahmed al-KUWARI,3/8/2023
Qatar,Min. of Foreign Affairs,MUHAMMAD bin Abd al-Rahman Al Thani,3/8/2023
Qatar,Min. of Interior,KHALIFA bin Hamad Al Thani,3/8/2023
Qatar,Min. of Justice,Masoud al-AMIRI,3/8/2023
Qatar,Min. of Labor,"Ali bin Saeed bin Smaikh al-MARRI, Dr.",3/8/2023
Qatar,Min. of Municipality,Abdullah bin Abdulaziz bin Turki al-SUBAIE,3/8/2023
Qatar,Min. of Public Health,HANAN al-Kuwari,3/8/2023
Qatar,Min. of Social Development & Family,Maryam bint Ali bin Nasser al-MISNAD,3/8/2023
Qatar,Min. of Sports & Youth,Salih bin Ghanim bin Nasir al-ALI,3/8/2023
Qatar,Min. of Transport,Jassim Sayf Ahmed Al SULAITI,3/8/2023
Qatar,Min. of State for Cabinet Affairs,Mohammed bin Abdullah bin Mohammed al-SULAITI,3/8/2023
Qatar,Min. of State for Defense Affairs,KHALID bin Muhammad al-Atiyah,3/8/2023
Qatar,Min. of State for Energy Affairs,Saad al-KABI,3/8/2023
Qatar,"Governor, Qatar Central Bank",ABDALLAH bin Saud Al Thani,3/8/2023
Qatar,Ambassador to the US,MISHAL bin Hamad bin Muhammad Al Thani,3/8/2023
Qatar,"Permanent Representative to the UN, New York",ALYA bint Ahmad bin Saif Al Thani,3/8/2023
Romania,Pres.,Nicusor DAN,7/3/2025
Romania,Prime Min.,Ilie BOLOJAN,7/3/2025
Romania,Dep. Prime Min.,Marian NEACSU,7/3/2025
Romania,Dep. Prime Min.,Tanczos BARNA,7/3/2025
Romania,Dep. Prime Min.,Dragos ANASTASIU,7/3/2025
Romania,Dep. Prime Min. & Min. of National Defense,Ionut MOSTEANU,7/3/2025
Romania,Dep. Prime Min. & Min. of Internal Affairs,Catalin PREDOIU,7/3/2025
Romania,Min. of Transport & Infrastructure,Ciprian SERBAN,7/3/2025
Romania,Min. of Agriculture & Rural Development,Florin-Ionut BARBU,7/3/2025
Romania,Min. of Culture & National Identity,Demeter Andras ISTVAN,7/3/2025
Romania,"Min. of Development, Public Works, & Admin.",Cseke ATTILA,7/3/2025
Romania,Min. of Energy,Bogdan IVAN,7/3/2025
Romania,"Min. of Economy, Digitization, Entrepreneurship & Tourism",Radu MIRUTA,7/3/2025
Romania,"Min. of Environment, Water, & Forests",Diana BUZOIANU,7/3/2025
Romania,"Min. of Family, Youth, & Equal Opportunity",Natalia-Elena INTOTERA,7/3/2025
Romania,Min. of Foreign Affairs,Oana TOIU,7/3/2025
Romania,Min. of Health,Alexandru ROGOBETE,7/3/2025
Romania,Min. of Investments & European Projects,Dragos PISLARU,7/3/2025
Romania,Min. of Justice,Radu MARINESCU,7/3/2025
Romania,"Min. of Labor, Family, Youth, & Social Solidarity",Florin Petre MANOLE,7/3/2025
Romania,Min. of Education,Daniel DAVID,7/3/2025
Romania,Min. of Public Finance,Alexandru NAZARE,7/3/2025
Romania,"Governor, National Bank of Romania",Mugur ISARESCU,7/3/2025
Romania,Ambassador to the US,Andrei MURARU,7/3/2025
Romania,"Permanent Representative to the UN, New York",Cornel FERUTA,7/3/2025
Russia,Pres.,Vladimir Vladimirovich PUTIN,6/18/2024
Russia,Premier,Mikhail Vladimirovich MISHUSTIN,6/18/2024
Russia,First Dep. Premier,Denis Valentinovich MANTUROV,6/18/2024
Russia,Dep. Premier,Dmitriy Yuriyevich GRIGORENKO,6/18/2024
Russia,Dep. Premier,Dmitriy Nikolayevich PATRUSHEV,6/18/2024
Russia,Dep. Premier,Vitaliy Gennadyevich SAVELYEV,6/18/2024
Russia,Dep. Premier,Tatyana Alekseyevna GOLIKOVA,6/18/2024
Russia,Dep. Premier,Aleksey Logvinovich OVERCHUK,6/18/2024
Russia,Dep. Premier,Marat Shakirzyanovich KHUSNULLIN,6/18/2024
Russia,Dep. Premier,Dmitriy Nikolayevich CHERNYSHENKO,6/18/2024
Russia,Dep. Premier,Yuriy Petrovich TRUTNEV,6/18/2024
Russia,Dep. Premier,Aleksandr Valentinovich NOVAK,6/18/2024
Russia,Min. of Agriculture,Oksana Nikolayevna LUT,6/18/2024
Russia,"Min. of Civil Defense, Emergencies, & Natural Disasters",Aleksandr Vyacheslavovich KURENKOV,6/18/2024
Russia,"Min. of Construction, Housing, & Public Utilities",Irek Envarovich FAYZULLIN,6/18/2024
Russia,Min. of Culture,Olga Borisovna LYUBIMOVA,6/18/2024
Russia,Min. of Defense,Andrey Removich BELOUSOV,6/18/2024
Russia,Min. of Development of the Far East and the Arctic,Aleksey Olegovich CHEKUNKOV,6/18/2024
Russia,"Min. of Digital Development, Communications, & Mass Media",Maksut Igorevich SHADAYEV,6/18/2024
Russia,Min. of Economic Development,Maksim Gennadyevich RESHETNIKOV,6/18/2024
Russia,Min. of Education,Sergey Sergeyevich KRAVTSOV,6/18/2024
Russia,Min. of Energy,Sergey Yevgenyevich TSIVILEV,6/18/2024
Russia,Min. of Finance,Anton Germanovich SILUANOV,6/18/2024
Russia,Min. of Foreign Affairs,Sergey Viktorovich LAVROV,6/18/2024
Russia,Min. of Health,Mikhail Albertovich MURASHKO,6/18/2024
Russia,Min. of Industry & Trade,Anton Andreyevich ALIKHANOV,6/18/2024
Russia,Min. of Internal Affairs,Vladimir Aleksandrovich KOLOKOLTSEV,6/18/2024
Russia,Min. of Justice,Konstantin Anatolyevich CHUYCHEKNO,6/18/2024
Russia,Min. of Labor & Social Protection,Anton Olegovich KOTYAKOV,6/18/2024
Russia,Min. of Natural Resources & Ecology,Aleksandr Aleksandrovich KOZLOV,6/18/2024
Russia,Min. of Science & Higher Education,Valeriy Nikolayevich FALKOV,6/18/2024
Russia,Min. of Sport,Mikhail Vladimirovich DEGTYAREV,6/18/2024
Russia,Min. of Transportation,Roman Vladimirovich STAROVOYT,6/18/2024
Russia,"Dir., Foreign Intelligence Service (SVR)",Sergey Yevgenyevich NARYSHKIN,6/18/2024
Russia,"Dir., Federal Security Service (FSB)",Aleksandr Vasilyevich BORTNIKOV,6/18/2024
Russia,"Sec., Security Council",Sergey Kuzhugetovich SHOYGU,6/18/2024
Russia,Procurator Gen.,Igor Viktorovich KRASNOV,6/18/2024
Russia,"Chmn., Central Bank of Russia",Elvira Sakhipzadovna NABIULLINA,6/18/2024
Russia,Ambassador to the US,Anatoliy Ivanovich ANTONOV,6/18/2024
Russia,"Permanent Representative to the UN, New York",Vasiliy Alekseyevich NEBENZYA,6/18/2024
Rwanda,Pres.,Paul KAGAME,12/2/2025
Rwanda,Prime Min.,"Justin NSENGIYUMVA, Dr.",12/2/2025
Rwanda,Min. of Agriculture & Animal Resources,"Telesphore NDABAMENYE, Dr.",12/2/2025
Rwanda,Min. of Defense,Juvenal MARIZAMUNDA,12/2/2025
Rwanda,Min. of Education,Joseph NSENGIMANA,12/2/2025
Rwanda,Min. In Charge of Emergency Management,"Albert MURASIRA, Maj. Gen. (ret.)",12/2/2025
Rwanda,Min. of Environment,"Bernadette ARAKWIYE, Dr.",12/2/2025
Rwanda,Min. of Finance & Economic Planning,Yussuf MURANGWA,12/2/2025
Rwanda,Min. of Foreign Affairs & Intl. Cooperation,"Olivier NDUHUNGIREHE, Amb.",12/2/2025
Rwanda,Min. of Gender & Family Promotion,Consolee UWIMANA,12/2/2025
Rwanda,Min. of Health,"Sabin NSANZIMANA, Dr.",12/2/2025
Rwanda,Min. of Information & Communications Technology (ICT) & Innovation,Paula INGABIRE,12/2/2025
Rwanda,Min. of Infrastructure,"Jimmy GASORE, Dr.",12/2/2025
Rwanda,Min. of Interior,"Vincent BIRUTA, Dr.",12/2/2025
Rwanda,Min. of Justice & Attorney General,"Emmanuel UGIRASHEBUJA, Dr.",12/2/2025
Rwanda,Min. of Local Govt.,Dominique HABIMANA,12/2/2025
Rwanda,Min. of National Unity & Civic Engagement,"Jean Damascene BIZIMANA, Dr.",12/2/2025
Rwanda,Min. in the Office of the Pres.,Judith UWIZEYE,12/2/2025
Rwanda,Min. in the Office of the Prime Minister,Ines MPAMBARA,12/2/2025
Rwanda,Min. of Public Service & Labor,"Christine NKULIKIYINKA, Amb.",12/2/2025
Rwanda,Min. of Sports,Nelly MUKAZAYIRE,12/2/2025
Rwanda,Min. of Trade & Industry,Prudence SEBAHIZI,12/2/2025
Rwanda,Min. of Youth & Arts,"Jean Nepo Abdallah UTUMATWISHIMA, Dr.",12/2/2025
Rwanda,Min. of State for Agriculture & Animal Resources,Solange UWITUZE,12/2/2025
Rwanda,Min. of State for Education,Claudette IRERE,12/2/2025
Rwanda,Min. of State for Foreign Affairs in Charge of Regional Cooperation,Usta KAYITESI,12/2/2025
Rwanda,Min. of State for Health,"Yvan BUTERA, Dr.",12/2/2025
Rwanda,Min. of State for Infrastructure,Jean de Dieu UWIHANGANYE,12/2/2025
Rwanda,Min. of State for Local Government,Marie-Solange KAYISIRE,12/2/2025
Rwanda,Min. of State in Charge of the National Treasury,Godfrey KABERA,12/2/2025
Rwanda,Min. of State for Resource Mobilization & Public Investment,Mutesi Linda RUSAGARA,12/2/2025
Rwanda,Min. of State for Sports,Rwego NGARAMBE,12/2/2025
Rwanda,Min. of State for Youth & Arts,Sandrine UMUTONI,12/2/2025
Rwanda,"Chief Executive Officer, Rwanda Development Board",Jean-Guy AFRIKA,12/2/2025
Rwanda,"Deputy Chief Executive Officer, Rwanda Development Board",Juliana MUGANZA,12/2/2025
Rwanda,"Chief Executive Officer, Rwanda Governance Board","Doris UWICYEZA Picard, Dr.",12/2/2025
Rwanda,"Governor, National Bank of Rwanda",John RWANGOMBWA,12/2/2025
Rwanda,Ambassador to the US,Mathilde MUKANTABANA,12/2/2025
Rwanda,"Permanent Representative to the UN, New York",Martin Karoli NGOGA,12/2/2025
Saint Kitts and Nevis,Governor Gen.,Marcella A. LIBURD,8/29/2024
Saint Kitts and Nevis,"Prime Minister and Minister of Finance, National Security, Citizenship and Immigration, Health and Human Resource Management, and Social Security","Terrance Michael DREW, Dr.",8/29/2024
Saint Kitts and Nevis,"Deputy Prime Minister and Minister of Education, Youth Empowerment, Housing and Human Settlement, Ecclesiastical and Faith-Based Affairs, Social Development, Gender Affairs, and Aging and Disabilities","Geoffrey Ian HANLEY, Dr.",8/29/2024
Saint Kitts and Nevis,"Minister of Agriculture, Fisheries, Marine Resources and Cooperatives, Small Business and Entrepreneurship, Sports and the Creative Economy, and Entertainment and the Arts",Samal Mojah DUGGINS,8/29/2024
Saint Kitts and Nevis,"Minister of Foreign Affairs, International Trade, Industry, Commerce and Consumer Affairs, and Economic Development and Investment","Denzil Llewellyn DOUGLAS, Dr.",8/29/2024
Saint Kitts and Nevis,"Minister of Public Infrastructure, Energy and Utilities, Domestic Transport, Information, Communication and Technology and Posts",Konris Gregor Menten MAYNARD,8/29/2024
Saint Kitts and Nevis,"Minister of Sustainable Development, Environment and Climate Action, and Constituency Empowerment","Joyelle Trizia CLARKE, Dr.",8/29/2024
Saint Kitts and Nevis,"Minister of Tourism, Civil Aviation, International Transport, Employment and Labor and Urban Development",Marsha Tamika HENDERSON,8/29/2024
Saint Kitts and Nevis,"Minister with responsibility for Social Development and Gender Affairs, Youth Empowerment, and Aging and Disabilities",Isalean Felicitee Ciara PHILLIP,8/29/2024
Saint Kitts and Nevis,Attorney General and Minister of Justice and Legal Affairs,Garth Lucien WILKIN,8/29/2024
Saint Kitts and Nevis,Ambassador to the United States,Jacinth HENRY-MARTIN,8/29/2024
Saint Kitts and Nevis,"Permanent Representative to the UN, New York",Mutryce WILLIAMS,8/29/2024
Saint Lucia,Governor Gen.,Cyril CHARLES,12/22/2025
Saint Lucia,Prime Min.,Philip PIERRE,12/22/2025
Saint Lucia,Deputy Prime Min.,"Ernest Hilaire, Dr.",12/22/2025
Saint Lucia,"Min. for Finance, Justice, National Security, Constituency Development, & People Empowerment",Philip PIERRE,12/22/2025
Saint Lucia,"Min. for Agriculture, Fisheries, Food Security, & Rural Development",Lisa JAWAHIR,12/22/2025
Saint Lucia,"Min. for Equity, Labour, Gender Affairs, Social Justice, and Consumer Welfare",Emma HIPPOLYTE,12/22/2025
Saint Lucia,Min. for Economic Development & the Youth Economy,Wayne GIRARD,12/22/2025
Saint Lucia,"Min. for Infrastructure, Port Services, & Energy",Shawn EDWARD,12/22/2025
Saint Lucia,"Min. for External Affairs, International Trade, Civil Aviation, & Diaspora Affairs",Alva BAPTISTE,12/22/2025
Saint Lucia,"Min. for Health, Wellness, & Nutrition",Moses Jn BAPTISTE,12/22/2025
Saint Lucia,"Min. for Home Affairs, Crime Prevention, Conflict Resolution, & People with Disabilities",Jeremiah NORBERT,12/22/2025
Saint Lucia,"Min. for Housing, Local Government, & Urban Renewal",Richard FREDERICK,12/22/2025
Saint Lucia,"Min. for Public Service, Transport, Information, & Utility Regulation",Stephenson KING,12/22/2025
Saint Lucia,Min. for Physical Development & Public Utilities,Keithson CHARLES,12/22/2025
Saint Lucia,"Min. for Tourism, Commerce, Investment, Creative Industries, Culture, & Heritage Information","Ernest HILAIRE, Dr.",12/22/2025
Saint Lucia,"Min. for Education, Youth Development, Sports, & Digital Transformation",Kenson CASIMIR,12/22/2025
Saint Lucia,Attorney Gen.,Leslie MONDESIR,12/22/2025
Saint Lucia,Ambassador to the US,Elizabeth CLARKE,12/22/2025
Saint Lucia,"Permanent Representative to the UN, New York",Menissa RAMBALLY,12/22/2025
Saint Vincent and the Grenadines,Governor Gen.,Susan DOUGAN,12/8/2025
Saint Vincent and the Grenadines,Prime Min.,"Godwin FRIDAY, Dr.",12/8/2025
Saint Vincent and the Grenadines,Deputy Prime Min.,St. Clair LEACOCK,12/8/2025
Saint Vincent and the Grenadines,"Min. of Agriculture, Forestry, & Rural Transformation",Israel BRUCE,12/8/2025
Saint Vincent and the Grenadines,"Min. of Education, Vocational Training, Innovation, & Digital Transformation",Philip JACKSON,12/8/2025
Saint Vincent and the Grenadines,"Min. of Family, Gender Affairs, Persons with Disabilities, Occupational Safety, & Labor",Lavernve VELOX,12/8/2025
Saint Vincent and the Grenadines,"Min. of Finance, Legal Affairs, Justice, Economic Planning, & Private Sector Development","Godwin FRIDAY, Dr.",12/8/2025
Saint Vincent and the Grenadines,"Min. of Fisheries, Marine Conservation, & Climate Resilience",Conroy HUGGINS,12/8/2025
Saint Vincent and the Grenadines,"Min. of Foreign Affairs, Foreign Trade, Foreign Investment, & Diaspora Affairs",Dwight Fitzgerald BRAMBLE,12/8/2025
Saint Vincent and the Grenadines,"Min. of Health, Wellness, & Energy",Daniel CUMMINGS,12/8/2025
Saint Vincent and the Grenadines,"Min. of Higher Education, Grenadines Affairs, Local Government, Airports, & Seaports",Terrance OLLIVERRE,12/8/2025
Saint Vincent and the Grenadines,"Min. of Housing, Land Management, Urban Development, & Informal Settlement",Andrew JOHN,12/8/2025
Saint Vincent and the Grenadines,Min. of National Security & Immigration,St. Clair LEACOCK,12/8/2025
Saint Vincent and the Grenadines,"Min. of Social Welfare & Community Empowerment, Disaster Management, & National Heritage",Shevern JOHN,12/8/2025
Saint Vincent and the Grenadines,Min. of Tourism & Maritime Affairs,"Kishore SHALLOW, Dr.",12/8/2025
Saint Vincent and the Grenadines,"Min. of Transport, Infrastructure, & Physical Planning",Nigel STEPHENSON,12/8/2025
Saint Vincent and the Grenadines,"Min. of Youth, Sports, Culture, & Creative Industries",Kashaka CUPID,12/8/2025
Saint Vincent and the Grenadines,Attorney Gen.,Louise MITCHELL,12/8/2025
Saint Vincent and the Grenadines,Ambassador to the US,Lou-Anne Gaylene GILCHRIST,12/8/2025
Saint Vincent and the Grenadines,"Permanent Representative to the UN, New York",Inga Rhonda KING,12/8/2025
Samoa,Head of State,TUIMALEALI'IFANO Va'aleto'a Eti Sualauvi II,12/17/2025
Samoa,Prime Min.,LA’AULIALEMALIETOA Leuatea Polataivao Schmidt,12/17/2025
Samoa,Dep. Prime Min.,TOELUPE Poumulinuku Onesemo,12/17/2025
Samoa,Min. of Agriculture & Fisheries,FUIMAONO Maiava Tito Asafo,12/17/2025
Samoa,"Min. of Commerce, Industry, & Labor",FATA Ryan Schuster,12/17/2025
Samoa,Min. of Communication & Information Technology,AGASEATA Tanuvasa Peto,12/17/2025
Samoa,Min. of Customs & Border Control,MASINALUPE Makesi Masinalupe Pisi,12/17/2025
Samoa,Min. of Education,"AIONO Alex Ekeroma, Dr.",12/17/2025
Samoa,Min. of Family Affairs,MOEFAAUOUO Julius Ah Kui Tafunai,12/17/2025
Samoa,Min. of Finance,MULIPOLA Anaorsa Ale-Molio’o,12/17/2025
Samoa,Min. of Foreign Affairs & Trade,LA’AULIALEMALIETOA Leuatea Polataivao Schmidt,12/17/2025
Samoa,Min. of Health,VA’AAOAO Salumalo Alofipo,12/17/2025
Samoa,Min. of Justice & Courts Admin.,FESOLAI Apulu Tusiupu Tuigamala,12/17/2025
Samoa,Min. of Lands & Natural Resources,FO’ISALA Lilo Tu’u Ioane,12/17/2025
Samoa,Min. of Natural Resources & Environment,ALE Vena Ale,12/17/2025
Samoa,Min. of Police & Prisons,LA’AULIALEMALIETOA Leuatea Polataivao Schmidt,12/17/2025
Samoa,Min. of the Prime Min. & Cabinet,LA’AULIALEMALIETOA Leuatea Polataivao Schmidt,12/17/2025
Samoa,Min. of Revenue,PAUGA Talalelei Pauga,12/17/2025
Samoa,Min. for Sports & Recreation,SEUAMULI Letuuga Fasi Toma,12/17/2025
Samoa,"Min. of Works, Transport, & Infrastructure",TOELUPE Poumulinuku Onesemo,12/17/2025
Samoa,Attorney Gen.,SU’A Hellene Wallwork-Lamb,12/17/2025
Samoa,"Governor, Central Bank",Maiva Atalina Emma AINNU-ENARI,12/17/2025
Samoa,Ambassador to the US,Fatumanava-o-Upolu III Pa'olelei LUTERU,12/17/2025
Samoa,"Permanent Representative to the UN, New York",Fatumanava-o-Upolu III Pa'olelei LUTERU,12/17/2025
San Marino,Captain Regent (Co-Head of State),Alessandro CARDELLI,3/11/2021
San Marino,Captain Regent (Co-Head of State),Mirko DOLCINI,3/11/2021
San Marino,State Sec. for Foreign Affairs,Luca BECCARI,3/11/2021
San Marino,State Sec. for Finance,Marco GATTI,3/11/2021
San Marino,State Sec. for Health,Roberto CIAVATTA,3/11/2021
San Marino,"State Sec. for Industry, Artisanship, & Commerce",Fabio RIGHI,3/11/2021
San Marino,State Sec. for Internal Affairs,Elena TONNINI,3/11/2021
San Marino,State Sec. for Justice,Massimo Andrea UGOLINI,3/11/2021
San Marino,State Sec. for Labor,Teodoro LONFERNINI,3/11/2021
San Marino,State Sec. for Public Education,Andrea BELLUZZI,3/11/2021
San Marino,"State Sec. for Territory, Environment, & Agriculture",Stefano CANTI,3/11/2021
San Marino,State Sec. for Tourism,Federico PEDINI AMANTI,3/11/2021
San Marino,Ambassador to the US,Damiano BELEFFI,3/11/2021
San Marino,"Permanent Representative to the UN, New York",Damiano BELEFFI,3/11/2021
Sao Tome and Principe,Pres.,Carlos Manuel VILA NOVA,9/11/2025
Sao Tome and Principe,Prime Min.,Americo RAMOS,9/11/2025
Sao Tome and Principe,"Min. of Agriculture, Fisheries, & Rural Development",Nilton Garriso de Sousa PONTES,9/11/2025
Sao Tome and Principe,Min. of Defense & Internal Order,Horacio Castro da Trindade DE SOUSA,9/11/2025
Sao Tome and Principe,Min. of Economy & Finance,Gareth Haddad do Espirito Santo GUADALUPE,9/11/2025
Sao Tome and Principe,"Min. of Education, Culture, Science, & Higher Education",Isabel Maria Correia Viegas DE ABREU,9/11/2025
Sao Tome and Principe,"Min. of Environment, Youth, & Sustainable Tourism",Nilda Borges DA MATA,9/11/2025
Sao Tome and Principe,"Min. for Foreign Affairs, Cooperation, & Communities","Ilza Maria dos Santos Amado VAZ, Dr.",9/11/2025
Sao Tome and Principe,Min. of Health,"Celso Nascimento MATOS, Dr.",9/11/2025
Sao Tome and Principe,Min. of Infrastructure & Natural Resources,Nelson Mario de Carvalho Rosa CARDOSO,9/11/2025
Sao Tome and Principe,"Min. of Justice, Parliamentary Affairs, &nd Women's Rights",Vera Maria Assuncao Gomes CRAVID,9/11/2025
Sao Tome and Principe,"Min. of Labor, Solidarity, & Social Security",Joucerli Tiny dos RAMOS,9/11/2025
Sao Tome and Principe,"Min. of Presidency, of the Council of Ministers, & Parliamentary Affairs",Lucio Daniel Lima MAGALHAES,9/11/2025
Sao Tome and Principe,"Governor, Bank of Sao Tome & Principe",Americo BARROS,9/11/2025
Sao Tome and Principe,Attorney General,Carlos STOCK,9/11/2025
Sao Tome and Principe,Ambassador to the US,Vacant,9/11/2025
Sao Tome and Principe,"Permanent Representative to the UN, New York",Vacant,9/11/2025
Saudi Arabia,King & Prime Min.,SALMAN bin Abd al-Aziz Al Saud,9/15/2022
Saudi Arabia,Crown Prince & Dep. Prime Min.,MUHAMMAD BIN SALMAN bin Abd al-Aziz Al Saud,9/15/2022
Saudi Arabia,Min. of Commerce & Investment,Majid bin Abdallah al-QASABI,9/15/2022
Saudi Arabia,Min. of Communications & Information Technology,Abdallah al-SWAHA,9/15/2022
Saudi Arabia,Min. of Culture,BADR bin Abdallah bin Muhammad bin Farhan Al Saud,9/15/2022
Saudi Arabia,Min. of Defense,MUHAMMAD BIN SALMAN bin Abd al-Aziz Al Saud,9/15/2022
Saudi Arabia,Min. of Economy & Planning,Faysal bin Fadel bin Mohsen Al-IBRAHIM,9/15/2022
Saudi Arabia,Min. of Education,Hamad bin Muhammad bin Hamad al-SHAYKH,9/15/2022
Saudi Arabia,Min. of Energy,ABD AL-AZIZ BIN SALMAN bin Abd al-Aziz Al Saud,9/15/2022
Saudi Arabia,"Min. of Environment, Water, & Agriculture",Abd al-Rahman bin Abd al-Muhsin al-FADHLI,9/15/2022
Saudi Arabia,Min. of Finance,Muhammad al-JADAN,9/15/2022
Saudi Arabia,Min. of Foreign Affairs,Faysal bin FARHAN,9/15/2022
Saudi Arabia,Min. of the Haj and Umrah,Tawfiq bin Fawzan al-RABIAH,9/15/2022
Saudi Arabia,Min. of Health,Fahd al-JALAJIL,9/15/2022
Saudi Arabia,Min. of Human Resources & Social Development,Ahmadbin Sulaiman al-RAJHI,9/15/2022
Saudi Arabia,Min. of Industry & Mineral Resources,Bandar al-KHORAYEF,9/15/2022
Saudi Arabia,Min. of Information,Majid bin Abdallah al-QASABI,9/15/2022
Saudi Arabia,Min. of Interior,ABD AL-AZIZ bin Saud bin Nayif bin Abd al-Aziz Al Saud,9/15/2022
Saudi Arabia,Min. of Investment,Khalid bin Abd al-Aziz al-Falih,9/15/2022
Saudi Arabia,"Min. of Islamic Affairs, Call, & Guidance",Abd al-Latif bin Abd al-Aziz bin Abd al-Rahman AL AL SHAYKH,9/15/2022
Saudi Arabia,Min. of Justice,Walid bin Muhammad bin Salid al-SAMANI,9/15/2022
Saudi Arabia,Min. of Labor & Social Development,Ahmad bin Sulayman bin Abd al-Aziz al-RAJHI,9/15/2022
Saudi Arabia,"Min. of Municipal, Rural Affairs & Housing",Abdallah bin Hamad al-HUQAYL,9/15/2022
Saudi Arabia,Min. of the National Guard,ABDALLAH BIN BANDAR bin Abd al-Aziz Al Saud,9/15/2022
Saudi Arabia,Min. of Tourism,Ahmad bin Aqil al-KHATIB,9/15/2022
Saudi Arabia,Min. of Transport,Salih bin Nasir bin Ali Al-JASIR,9/15/2022
Saudi Arabia,Min. of Sports,ABD AL-AZIZ BIN TURKI al-Faisal Al Saud,9/15/2022
Saudi Arabia,Min. of State,Muhammd bin Faysal bin Jabir ABU SAQ,9/15/2022
Saudi Arabia,Min. of State,Muhammad bin Abd al-Malik AL AL-SHAYKH,9/15/2022
Saudi Arabia,Min. of State,Salih bin Abd al-Aziz bin Muhammad bin Ibrahim AL AL-SHAYKH,9/15/2022
Saudi Arabia,Min. of State,Musaid bin Muhammad al-AYBAN,9/15/2022
Saudi Arabia,Min. of State,Khalid bin Abd al-Rahman al-ISA,9/15/2022
Saudi Arabia,Min. of State,Adil al-Ahmad al-JUBAYR,9/15/2022
Saudi Arabia,Min. of State,MANSUR BIN MITIB bin Abd al-Aziz Al Saud,9/15/2022
Saudi Arabia,Min. of State,Ahmad al-KHULAYFI,9/15/2022
Saudi Arabia,Min. of State,Mutalib bin Abdallah al-NAFISA,9/15/2022
Saudi Arabia,Min. of State,Isam bin Saad bin SAYID,9/15/2022
Saudi Arabia,Min. of State,Ibrahim al-ASSAF,9/15/2022
Saudi Arabia,Min. of State,TURKI BIN MUHAMMAD BIN FAHD bin Abd al-Aziz al Saud,9/15/2022
Saudi Arabia,"Grand Mufti and Chmn., Council of Senior Scholars",Abd al-Aziz bin Abdallah AL AL-SHAYKH,9/15/2022
Saudi Arabia,"Governor, Saudi Central Bank",Fahd bin Abdallah bin Abd al-Latif al-MUBARAK,9/15/2022
Saudi Arabia,Ambassador to the US,RIMA bint Bandar bin Abd al-Aziz Al Saud,9/15/2022
Saudi Arabia,"Permanent Representative to the UN, New York",Abd al-Aziz AL-WASIL,9/15/2022
Senegal,Pres.,Bassirou Diomaye FAYE,4/8/2024
Senegal,Prime Min.,Ousmane SONKO,4/8/2024
Senegal,Min. of African Integration & Foreign Affairs,Yassine FALL,4/8/2024
Senegal,"Min. of Agriculture, Food Sovereignty & Livestock",Mabouba DIAGNE,4/8/2024
Senegal,Min. of Armed Forces,Gen. Birame DIOP,4/8/2024
Senegal,"Min. of Communication, Telecommunications & Digital Technology",Alioune SALL,4/8/2024
Senegal,"Min. of Economy, Planning & Cooperation",Abdourahmane SARR,4/8/2024
Senegal,"Min. of Energy, Petroleum & Mines",Birame Souleye DIOP,4/8/2024
Senegal,Min. of Environment & Ecological Transition,Daouda NGOM,4/8/2024
Senegal,Min. of Family & Solidarity,Maimouna DIEYE,4/8/2024
Senegal,Min. of Finance & Budget,Cheikh DIBA,4/8/2024
Senegal,"Min. of Fisheries, Maritime & Port Infrastructure",Fatou DIOUF,4/8/2024
Senegal,Min. of Health & Social Action,Ibrahima SY,4/8/2024
Senegal,"Min. of Higher Education, Research & Innovation",Abdourahmane DIOUF,4/8/2024
Senegal,Min. of Hydraulics & Sanitation,Cheikh Tidiane DIEYE,4/8/2024
Senegal,Min. of Industry & Commerce,Serigne Gueye DIOP,4/8/2024
Senegal,"Min. of Infrastructure, Land & Air Transport",El Malick NDIAYE,4/8/2024
Senegal,Min. of Interior & Public Security,Gen. Jean Baptiste TINE,4/8/2024
Senegal,Min. of Justice & Keeper of Seals,Ousmane DIAGNE,4/8/2024
Senegal,"Min. of Labor, Employment & Relations With Institutions",Yankhoba DIEME,4/8/2024
Senegal,Min. of Microfinance & Social Economy,Alioune DIONE,4/8/2024
Senegal,Min. of National Education,Moustapha GUIRASSY,4/8/2024
Senegal,Min. of Public Service & Social Action,Olivier BOUCAL,4/8/2024
Senegal,Min. of Tourism & Craftsmanship,Mountaga DIAO,4/8/2024
Senegal,"Min. of Urbanism, Local Authorities & Regional Development",Balla Moussa FOFANA,4/8/2024
Senegal,Min. of Vocational Training,Amadou Moustapha Ndiack SARRE,4/8/2024
Senegal,"Min. of Youth, Sports & Culture",Khady Diéne GAYE,4/8/2024
Senegal,Min. of State for Cooperatives & Farm Management,Alpha BA,4/8/2024
Senegal,"Min. of State for Culture, Creative Industries & Historical Heritage",Bacary SARR,4/8/2024
Senegal,Min. of State for Development of Small-to-Medium Enterprises,Ibrahima THIAM,4/8/2024
Senegal,Min. of State for Senegalese Abroad,Amadou Cherif DIOUF,4/8/2024
Senegal,Min. of State for Urban Planning & Housing,Momath Talla NDAO,4/8/2024
Senegal,Ambassador to the US,Mansour Elimane KANE,4/8/2024
Senegal,"Permanent Representative to the UN, New York",Cheikh NIANG,4/8/2024
Serbia,Pres.,Aleksandar VUCIC,4/17/2025
Serbia,Prime Min.,Djuro MACUT,4/17/2025
Serbia,First Dep. Prime Min.,Sinisa MALI,4/17/2025
Serbia,Dep. Prime Min.,Ivica DACIC,4/17/2025
Serbia,Dep. Prime Min.,Irena VUJOVIC,4/17/2025
Serbia,Dep. Prime Min. Without Portfolio,,4/17/2025
Serbia,"Min. of Agriculture, Forestry, & Water Management",Dragan GLAMOCIC,4/17/2025
Serbia,"Min. of Construction, Transport, & Infrastructure",Aleksandra SOFRONIJEVIC,4/17/2025
Serbia,Min. of Culture,Maja GOJKOVIC,4/17/2025
Serbia,Min. of Defense,Bratislav GASIC,4/17/2025
Serbia,Min. of Domestic & Foreign Trade,Jagoda LAZAREVIC,4/17/2025
Serbia,Min. of Economy,Adrijana MESAROVIC,4/17/2025
Serbia,Min. of Education,Dejan Vuk STANKOVIC,4/17/2025
Serbia,Min. of Environmental Protection,Sara PAVKOV,4/17/2025
Serbia,Min. of European Integration,Nemanja STAROVIC,4/17/2025
Serbia,Min. of Family Welfare & Demography,Jelena ZARIC-KOVACEVIC,4/17/2025
Serbia,Min. of Finance,Sinisa MALI,4/17/2025
Serbia,Min. of Foreign Affairs,Marko DJURIC,4/17/2025
Serbia,Min. of Health,Zlatibor LONCAR,4/17/2025
Serbia,Min. for Human & Minority Rights & Social Dialogue,Demo BERISHA,4/17/2025
Serbia,Min. of Information & Telecommunications,Boris BRATINA,4/17/2025
Serbia,Min. of the Interior,Ivica DACIC,4/17/2025
Serbia,Min. of Justice,Nenad VUJIC,4/17/2025
Serbia,"Min. of Labor, Employment, Veteran, & Social Policy",Milica DJURDJEVIC-STAMENKOVSKI,4/17/2025
Serbia,Min. of Mining & Energy,Dubravka DJEDOVIC-HANDANOVIC,4/17/2025
Serbia,Min. of Public Admin. & Local Govt,Snezana PAUNOVIC,4/17/2025
Serbia,Min. for Public Investment,Darko GLISIC,4/17/2025
Serbia,Min. of Rural Welfare,Milan KRKOBABIC,4/17/2025
Serbia,"Min. of Science, Technological Development, & Innovation",Bela BALINT,4/17/2025
Serbia,Min. of Sport,Zoran GAJIC,4/17/2025
Serbia,Min. of Tourism & Youth,Husein MEMIC,4/17/2025
Serbia,Min. Without Portfolio,Novica TONCEV,4/17/2025
Serbia,Min. Without Portfolio,Nenad POPOVIC,4/17/2025
Serbia,"Governor, National Bank of Serbia",Jorgovanka TABAKOVIC,4/17/2025
Serbia,Ambassador to the US,Dragan SUTANOVAC,4/17/2025
Serbia,"Permanent Representative to the UN, New York",Milan MILANOVIC,4/17/2025
Seychelles,Pres.,"Patrick HERMINIE, Dr.",11/17/2025
Seychelles,Vice Pres.,Alix Sebastian PILLAY,11/17/2025
Seychelles,Min. of Defense,"Patrick HERMINIE, Dr.",11/17/2025
Seychelles,Min. of Education & Human Resource Development,David PIERRE,11/17/2025
Seychelles,Min. of Employment & Human Resource Planning,Idith ALEXANDER,11/17/2025
Seychelles,"Min. of Environment, Climate, Energy, & Natural Resources",Marie-May JEREMIE,11/17/2025
Seychelles,"Min. of Finance, Economic Planning, Trade, & Investment",Pierre LAPORTE,11/17/2025
Seychelles,"Min. of Fisheries, Agriculture, & Blue Economy",Wallace COSGROW,11/17/2025
Seychelles,Min. of Foreign Affairs & Diaspora,Barry FAURE,11/17/2025
Seychelles,Min. of Health,"Marvin FANNY, Dr.",11/17/2025
Seychelles,Min. of Homeland Security & Civil Affairs,James CAMILLE,11/17/2025
Seychelles,Min. of Industry & Enterprise,Geralda DESAUBIN,11/17/2025
Seychelles,Min. of Legal Affairs,"Patrick HERMINIE, Dr.",11/17/2025
Seychelles,Min. of Local Government & Inner Islands,Eveline ROSE,11/17/2025
Seychelles,Min. of Prevention of Drug Abuse & Rehabilitation,"Patrick HERMINIE, Dr.",11/17/2025
Seychelles,Min. of Public Administration,"Patrick HERMINIE, Dr.",11/17/2025
Seychelles,"Min. of Social Affairs, Family, & Equality",Pamela CHARLETTE,11/17/2025
Seychelles,Min. for Tourism & Culture,Amanda BERNSTEIN,11/17/2025
Seychelles,"Min. of Transport, Ports, & Civil Aviation",Veronique LAPORTE,11/17/2025
Seychelles,Min. of Youth & Sport,Kalsey BELLE,11/17/2025
Seychelles,"Governor, Central Bank",Caroline ABEL,11/17/2025
Seychelles,Ambassador to the US,Vivianne FOCK TAVE,11/17/2025
Seychelles,"Permanent Representative to the UN, New York",Vivianne FOCK TAVE,11/17/2025
Sierra Leone,Pres.,Julius Maada BIO,12/27/2024
Sierra Leone,Vice Pres.,"Mohamed Juldeh JALLOH, Dr.",12/27/2024
Sierra Leone,Chief Min.,"David SENGEH, Dr.",12/27/2024
Sierra Leone,Min. of Agriculture & Food Security,Henry KPAKA,12/27/2024
Sierra Leone,Min. of Basic & Secondary Education,Conrad Sackey IBRAHIM,12/27/2024
Sierra Leone,"Min. of Communication, Technology & Innovation",Haja Salimatu BAH,12/27/2024
Sierra Leone,Dep. Min. of Defense,"Muana Brima MASSAQUOI, Col. (Ret.)",12/27/2024
Sierra Leone,"Min. of Employment, Labor & Social Security",Mohamed SWARAY,12/27/2024
Sierra Leone,Min. of Energy,Alhaji Kanja SESAY,12/27/2024
Sierra Leone,Min. of Environment & Climate Change,Jiwoh ABDULAI,12/27/2024
Sierra Leone,Min. of Finance,Sheku BANGURA,12/27/2024
Sierra Leone,Min. of Fisheries & Marine Resources,Princess DUGBA,12/27/2024
Sierra Leone,Min. of Foreign Affairs & Intl. Cooperation,Timothy Musa KABBA,12/27/2024
Sierra Leone,Min. of Gender & Children's Affairs,Isata MAHOI,12/27/2024
Sierra Leone,Min. of Health,"Austin DEMBY, Dr.",12/27/2024
Sierra Leone,Min. of Information & Civic Education,Chernor BAH,12/27/2024
Sierra Leone,Min. of Internal Affairs,Morie LENGOR,12/27/2024
Sierra Leone,Min. of Justice & Attorney Gen.,Alpha SESAY,12/27/2024
Sierra Leone,Min. of Lands & Housing,"Turad SENESIE, Dr.",12/27/2024
Sierra Leone,Min. of Local Govt. & Community Affairs,Tamba LAMINA,12/27/2024
Sierra Leone,Min. of Mines & Mineral Resources,Julius MATTAI,12/27/2024
Sierra Leone,Min. of Planning and Economic Development,Kenyeh BALLAY,12/27/2024
Sierra Leone,Min. of Public Administration & Political Affairs,Amara KALLON,12/27/2024
Sierra Leone,Min. of Social Welfare,Malrose KARMINTY,12/27/2024
Sierra Leone,Min. of Sports,Agusta James TEIMA,12/27/2024
Sierra Leone,Min. of Technical & Higher Education,"Ramatulai WURIE, Haja",12/27/2024
Sierra Leone,Min. of Tourism & Cultural Affairs,Nabeela F. TUNIS,12/27/2024
Sierra Leone,Min. of Trade & Industry,Ibrahim Alpha SESAY,12/27/2024
Sierra Leone,Min. of Transport & Aviation,Alahaji Fandy TURAY,12/27/2024
Sierra Leone,Min. of Water Resources & Sanitation,Sao-Kpato Hannah MAX-KYNE,12/27/2024
Sierra Leone,Min. of Works & Public Assets,Denis SANDY,12/27/2024
Sierra Leone,Min. of Youth Affairs,Mohamed Orman BANGURA,12/27/2024
Sierra Leone,"Resident Min., East",Gbessay Jusu NGOBEH,12/27/2024
Sierra Leone,"Resident Min., North",Ibrahim JALLOH,12/27/2024
Sierra Leone,"Resident Min., North West",Umaru B. WURIE,12/27/2024
Sierra Leone,"Resident Min., South",John ABU,12/27/2024
Sierra Leone,"Resident Min., West",Adekunle KING,12/27/2024
Sierra Leone,"Governor, Central Bank",Kefala M. KALLON,12/27/2024
Sierra Leone,Ambassador to the US,Sidique Abou-Bakarr WAI,12/27/2024
Sierra Leone,"Permanent Representative to the UN, New York",Michael Imran KANU,12/27/2024
Singapore,Pres.,Tharman SHANMUGARATNAM,5/27/2025
Singapore,Prime Min.,Lawrence WONG,5/27/2025
Singapore,Dep. Prime Min.,GAN Kim Yong,5/27/2025
Singapore,Dep. Prime Min.,HENG Swee Keat,5/27/2025
Singapore,Senior Min.,"TEO Chee Hean, RAdm. (Ret.)",5/27/2025
Singapore,Senior Min.,LEE Hsien Loong,5/27/2025
Singapore,Min. for Communication & Information,Josephine TEO,5/27/2025
Singapore,"Min. for Culture, Community, & Youth",David NEO (Acting),5/27/2025
Singapore,Min. for Defense,CHAN Chun Sing,5/27/2025
Singapore,Min. for Digital Development and Information,Josephine TEO,5/27/2025
Singapore,Min. for Education,Desmond LEE,5/27/2025
Singapore,Min. for Finance,Lawrence WONG,5/27/2025
Singapore,Min. for Foreign Affairs,"Vivian BALAKRISHNAN, Dr.",5/27/2025
Singapore,Min. for Health,ONG Ye Kung,5/27/2025
Singapore,Min. for Home Affairs,K. SHANMUGAM,5/27/2025
Singapore,Min. for Law,Edwin TONG,5/27/2025
Singapore,Min. for Manpower,"TAN See Leng, Dr.",5/27/2025
Singapore,Min. for National Development,CHEE Hong Tat,5/27/2025
Singapore,Min. for Social & Family Development,MASAGOS Zulkifli,5/27/2025
Singapore,Min. for Sustainability & Environment,Grace FU Hai Yien,5/27/2025
Singapore,Min. for Trade & Industry,GAN Kim Yong,5/27/2025
Singapore,Min. for Transportation,Jeffrey SIOW (Acting),5/27/2025
Singapore,Coordinating Min. for Economic Policies,HENG Swee Keat,5/27/2025
Singapore,Coordinating Min. for National Security,K. SHANMUGAM,5/27/2025
Singapore,Coordinating Min. for Public Services,CHAN Chun Sing,5/27/2025
Singapore,Coordinating Min. for Social Policies,ONG Ye Kung,5/27/2025
Singapore,"Min., Prime Minister's Office",Indranee THURAI RAJAH,5/27/2025
Singapore,"Min., Prime Minister's Office","MOHAMAD MALIKI Bin Osman, Dr.",5/27/2025
Singapore,"Chmn., Monetary Authority of Singapore",Lawrence WONG,5/27/2025
Singapore,Ambassador to the US,LUI Tuck Yew,5/27/2025
Singapore,"Permanent Representative to the UN, New York",Burhan GAFOOR,5/27/2025
Slovakia,Pres.,Peter PELLEGRINI,4/3/2025
Slovakia,Prime Min.,Robert FICO,4/3/2025
Slovakia,Dep. Prime Min. and Min. of Defense,Robert KALINAK,4/3/2025
Slovakia,Dep. Prime Min. and Min. of Economy,Denisa SAKOVA,4/3/2025
Slovakia,Dep. Prime Min. and Min. of Environment,Tomas TARABA,4/3/2025
Slovakia,Dep. Prime Min. for the Recovery and Resilience Plan and Use of EU Funds,Peter KMEC,4/3/2025
Slovakia,Min. of Agriculture & Rural Development,Richard TAKAC,4/3/2025
Slovakia,Min. of Culture,Martina SIMKOVICOVA,4/3/2025
Slovakia,"Min. of Education, Research, Development, & Youth",Tomas DRUCKER,4/3/2025
Slovakia,Min. of Foreign & European Affairs,Juraj BLANAR,4/3/2025
Slovakia,Min. of Finance,Ladislav KAMENICKY,4/3/2025
Slovakia,Min. of Health,Kamil SASKO,4/3/2025
Slovakia,Min. of Interior,Matus SUTAJ ESTOK,4/3/2025
Slovakia,"Min. for Investments, Regional Development, & Informatization",Samuel MIGAL,4/3/2025
Slovakia,Min. of Justice,Boris SUSKO,4/3/2025
Slovakia,"Min. of Labor, Social Affairs, & Family",Erik TOMAS,4/3/2025
Slovakia,Min. of Tourism & Sport,Rudolf HULIAK,4/3/2025
Slovakia,Min. of Transport,"Jozef RAZ, Jr.",4/3/2025
Slovakia,"Governor, National Bank of Slovakia",Peter KAZIMIR,4/3/2025
Slovakia,Ambassador to the US,Radovan JAVORCIK,4/3/2025
Slovakia,"Permanent Representative to the UN, New York",Peter HULENYI,4/3/2025
Slovenia,Pres.,Natasa PIRC MUSAR,1/17/2025
Slovenia,Prime Min.,Robert GOLOB,1/17/2025
Slovenia,Dep. Prime Min. & Min. of Foreign & European Affairs,Tanja FAJON,1/17/2025
Slovenia,Dep. Prime Min. & Min. of Finance,Klemen BOSTJANSIC,1/17/2025
Slovenia,Dep. Prime Min. & Min. Without Portfolio for Slovenians Abroad,Matej ARCON,1/17/2025
Slovenia,"Dep. Prime Min. & Min. of Labor, Family, Social Affairs, & Equal Opportunity",Luka MESEC,1/17/2025
Slovenia,"Min. of Agriculture, Food, & Forestry",Mateja CALUSIC,1/17/2025
Slovenia,Min. of Culture,Asta VRECKO,1/17/2025
Slovenia,Min. of Defense,Borut SAJOVIC,1/17/2025
Slovenia,Min. of Digital Transformation,Ksenija KLAMPFER,1/17/2025
Slovenia,"Min. of Economy, Tourism, & Sport",Matjaz HAN,1/17/2025
Slovenia,Min. of Education,"Vinko LOGAJ, Dr.",1/17/2025
Slovenia,"Min. of Environment, Climate, & Energy",Bojan KUMER,1/17/2025
Slovenia,Min. of Health,Valentina PREVOLNIK RUPEL,1/17/2025
Slovenia,"Min. of Higher Education, Science, & Innovation",Igor PAPIC,1/17/2025
Slovenia,Min. of Infrastructure,Alenka BRATUSEK,1/17/2025
Slovenia,Min. of Interior,Bostjan POKLUKAR,1/17/2025
Slovenia,Min. of Justice,Andreja KATIC,1/17/2025
Slovenia,Min. of Natural Resources & Spatial Planning,Jože NOVAK,1/17/2025
Slovenia,Min. of Public Admin.,Franc PROPS,1/17/2025
Slovenia,Min. of Regional Development & Cohesion,Aleksander JEVSEK,1/17/2025
Slovenia,Min. for a Solidarity-based Future,Simon MALJEVAC,1/17/2025
Slovenia,"Governor, Bank of Slovenia",,1/17/2025
Slovenia,Ambassador to the US,Iztok MIROSIC,1/17/2025
Slovenia,"Permanent Representative to the UN, New York",,1/17/2025
Solomon Islands,Governor Gen.,"David Tiva KAPU, Rev.",10/16/2025
Solomon Islands,Prime Min.,Jeremiah MANELE,10/16/2025
Solomon Islands,Dep. Prime Min.,Frederick KOLOGETO,10/16/2025
Solomon Islands,Min. of Agriculture & Livestock,Franklyn Derick WASI,10/16/2025
Solomon Islands,Min. of Aviation & Communication,Frederick KOLOGETO,10/16/2025
Solomon Islands,"Min. of Commerce, Industry, Labor, & Immigration",Harry KUMA,10/16/2025
Solomon Islands,Min. of Culture & Tourism,Choylin Yom DOUGLAS,10/16/2025
Solomon Islands,Min. of Education & Human Resource Development,Tozen LEOKANA,10/16/2025
Solomon Islands,"Min. of Energy, Mines, & Rural Electrification",Derick MANUARI,10/16/2025
Solomon Islands,"Min. of Environment, Climate Change, Disaster Management, & Meteorology",Polycarp PAEA,10/16/2025
Solomon Islands,Min. of Finance & Treasury,Rexon Annex RAMOFAFIA,10/16/2025
Solomon Islands,Min. of Fisheries & Marine Resources,Bradley TOVOSIA,10/16/2025
Solomon Islands,Min. of Foreign Affairs & External Trade,Peter Shanel AGOVAKA,10/16/2025
Solomon Islands,Min. of Forestry & Research,Makario TAGINI,10/16/2025
Solomon Islands,Min. of Health & Medical Services,"Paul Poporo BOSAWAI, Dr.",10/16/2025
Solomon Islands,Min. of Home Affairs,Isikeli VAVE JR.,10/16/2025
Solomon Islands,Min. of Infrastructure Development,Ricky FUO'O,10/16/2025
Solomon Islands,Min. of Justice & Legal Affairs,Clezy RORE,10/16/2025
Solomon Islands,"Min. of Lands, Housing, & Survey",Jamie VOKIA,10/16/2025
Solomon Islands,Min. of National Development Planning & Aid Coordination,Travor Hedley MAHAGA,10/16/2025
Solomon Islands,"Min. of Police, National Security, & Correctional Services",Jimson Fiau TANANGADA,10/16/2025
Solomon Islands,Min. of Provincial Govt. & Institutional Strengthening,Wayne Osopo GHEMU,10/16/2025
Solomon Islands,Min. of Public Service,John TUHAIKA,10/16/2025
Solomon Islands,Min. of Rural Development & Indigenous Affairs,Daniel SUILEA,10/16/2025
Solomon Islands,"Min. of Traditional Governance, Peace, & Ecclesiastical Affairs",John TUHAIKA Jr.,10/16/2025
Solomon Islands,"Min. of Women, Youth, & Children Affairs",Cathy NORI,10/16/2025
Solomon Islands,"Governor, Central Bank",Denton RARAWA,10/16/2025
Solomon Islands,Ambassador to the US,Jane Mugafalu Kabui WAETARA,10/16/2025
Solomon Islands,"Permanent Representative to the UN, New York",Jane Mugafalu Kabui WAETARA,10/16/2025
Somalia,Pres.,HASSAN SHEIKH Mohamud,8/7/2025
Somalia,Prime Min.,Hamza Abdi BARRE,8/7/2025
Somalia,Dep. Prime Min.,Salah Ahmed JAMA,8/7/2025
Somalia,Dep. Prime Min.,JIBRIL Abdirashid Haji Abdi,8/7/2025
Somalia,Min. of Agriculture & Irrigation,Ahmed Madobe NUUNOW,8/7/2025
Somalia,Min. of Defense,Ahmed Moalim FIQI,8/7/2025
Somalia,Min. of Education & Higher Education,FARAH Sheikh Abdulqadir,8/7/2025
Somalia,Min. of Endowments & Religion,Mukhtar Robow Abu Mansoor “ROBOW”,8/7/2025
Somalia,Min. of Energy & Water,Abdullahi Bidhan WARSAME,8/7/2025
Somalia,Min. of Environment & Climate Change,BASHIR Mohamed Jama Goobbe,8/7/2025
Somalia,Min. of Finance,Bihi Iman IGE,8/7/2025
Somalia,Min. of Fisheries & Maritime Resources,Ahmed Hassan ADAN,8/7/2025
Somalia,Min. of Foreign Affairs & Intl. Cooperation,Abdisalan Abdi ALI,8/7/2025
Somalia,Min. of Health,Ali Haji ADAN,8/7/2025
Somalia,Min. of Information,Daoud AWEYS,8/7/2025
Somalia,Min. of Interior,Ali Yusuf Ali HOOSH,8/7/2025
Somalia,Min. of Internal Security,Abdullahi Sheikh Ismail FARATAG,8/7/2025
Somalia,Min. of Justice & Constitution,Hassan MACALLIN,8/7/2025
Somalia,Min. of Labor & Social Affairs,Yusuf Mohamed ADAN,8/7/2025
Somalia,Min. of Livestock,Hassan Hussein Mohamed “ELAAY”,8/7/2025
Somalia,Min. of Petroleum & Mineral Resources,DAHIR Shire Mohamed,8/7/2025
Somalia,Min. of Planning & Investment,Mohamud Abdirahman Sheikh “BEENE-BEENE”,8/7/2025
Somalia,Min. of Ports & Transport,"Abdulkadir Muhammad Nur ""JAMA""",8/7/2025
Somalia,Min. of Posts & Communications,Mohamed Adan MOALIM,8/7/2025
Somalia,Min. of Public Works & Housing,Elmi NUR,8/7/2025
Somalia,Min. of Trade & Industry,JIBRIL Abdirashid,8/7/2025
Somalia,Min. of Transport and Civil Aviation,Mohamed Farah NUR,8/7/2025
Somalia,Min. of Women & Human Rights,Khadija Mohamed DIRIE,8/7/2025
Somalia,Min. of Youth & Sports,Abdulkadir ALI,8/7/2025
Somalia,"Governor, Central Bank",Abdirahman Mohamed ABDULLAHI,8/7/2025
Somalia,Ambassador to the US,Ali Sharif AHMED,8/7/2025
Somalia,"Permanent Representative to the UN, New York",Abukar Dahir OSMAN,8/7/2025
South Africa,Pres.,Matamela Cyril RAMAPHOSA,11/20/2025
South Africa,Dep. Pres.,Paul MASHATILE,11/20/2025
South Africa,Min. in the Presidency,Khumbudzo NTSHAVHENI,11/20/2025
South Africa,"Min. in the Presidency for Planning, Monitoring, and Evaluation",Maropene Lydia RAMOKGOPA,11/20/2025
South Africa,"Min. in the Presidency for Women, Youth, and Persons with Disabilities",Sindisiwe CHIKUNGA,11/20/2025
South Africa,Min. of Agriculture,John STEENHUISEN,11/20/2025
South Africa,Min. of Basic Education,Siviwe GWARUBE,11/20/2025
South Africa,Min. of Communications & Digital Technologies,Solly MALATSI,11/20/2025
South Africa,Min. of Cooperative Governance & Traditional Affairs,Velenkosini HLABISA,11/20/2025
South Africa,Min. of Correctional Services,Pieter GROENEWALD,11/20/2025
South Africa,Min. of Defense & Military Veterans,Angie MOTSHEKGA,11/20/2025
South Africa,Min. of Employment & Labor,Nomakhosazana METH,11/20/2025
South Africa,Min. of Finance,Enoch GODONGWANA,11/20/2025
South Africa,"Min. of Forestry, Fisheries, & the Environment",Willem AUCAMP,11/20/2025
South Africa,Min. of Health,Aaron MOTSOALEDI,11/20/2025
South Africa,Min. of Higher Education,Buti MANAMELA,11/20/2025
South Africa,Min. of Home Affairs,Leon SCHREIBER,11/20/2025
South Africa,Min. of Human Settlements,Mmamoloko KUBAYI,11/20/2025
South Africa,Min. of Intl. Relations & Cooperation,Ronald LAMOLA,11/20/2025
South Africa,Min. of Justice and Constitutional Development,Thembi NKADIMENG,11/20/2025
South Africa,Min. of Mineral and Petroleum Resources,Gwede MANTASHE,11/20/2025
South Africa,Min. of Electricity and Energy,Kgosientso David RAMOKGOPA,11/20/2025
South Africa,Acting Min. of Police,Firoz CACHALIA,11/20/2025
South Africa,Min. of Public Service & Admin.,Mzamo BUTHELEZI,11/20/2025
South Africa,Min. of Public Works & Infrastructure,Dean MACPHERSON,11/20/2025
South Africa,Min. of Small Business Development,Stella NDABENI-ABRAHAMS,11/20/2025
South Africa,Min. of Social Development,Sisisi TOLASHE,11/20/2025
South Africa,"Min. of Sports, Arts, & Culture",Gayton MCKENZIE,11/20/2025
South Africa,Min. of Tourism,Patricia DE LILLE,11/20/2025
South Africa,"Min. of Trade, Industry, and Competition",Parks TAU,11/20/2025
South Africa,Min. of Transport,Barbara CREECY,11/20/2025
South Africa,Min. of Water and Sanitation,Pemmy MAJODINA,11/20/2025
South Africa,"Governor, South African Reserve Bank",Elias Lesetja KGANYAGO,11/20/2025
South Africa,Ambassador to the US,Vacant,11/20/2025
South Africa,Charge d’Affaires to the US,Ismail ESAU,11/20/2025
South Africa,"Permanent Representative to the UN, New York",Mathu Theda JOYINI,11/20/2025
South Sudan,Pres.,Salva KIIR Mayardit,9/3/2025
South Sudan,First Vice Pres.,"Riek MACHAR Teny Dhurgon, Dr.",9/3/2025
South Sudan,Vice Pres. (2nd),"Benjamin BOL MEL Kuol, Dr.",9/3/2025
South Sudan,Vice Pres. (3rd),TABAN Deng Gai,9/3/2025
South Sudan,Vice Pres. (4th),Josephine Joseph LAGU Yanga,9/3/2025
South Sudan,Vice Pres. (5th),Rebecca Nyandeng Chol GARANG de Mabior,9/3/2025
South Sudan,Min. of Agriculture & Food Security,Hussein ABDELBAGI Ayii,9/3/2025
South Sudan,Min. of Cabinet Affairs,Martin Elia LOMURO,9/3/2025
South Sudan,"Min. of Culture, Museums, & National Heritage",Nadia Arop DUDI,9/3/2025
South Sudan,Min. of Defense & Veteran Affairs,"Chol Thon BALOK, Gen.",9/3/2025
South Sudan,Min. of East African Community Affairs,DENG Alor Kuol,9/3/2025
South Sudan,Min. of Energy & Dams,Peter Marcello NASIR,9/3/2025
South Sudan,Min. of Environment & Forestry,Josephine NAPWON Cosmas,9/3/2025
South Sudan,Min. of Federal Affairs,Lasuba Loduro WANGO,9/3/2025
South Sudan,Min. of Finance & Planning,Athian Diing ATHIAN,9/3/2025
South Sudan,Min. of Foreign Affairs & International Cooperation,MONDAY Semaya Kumba,9/3/2025
South Sudan,Min. of Gender & Social Welfare,Ayaa Benjamin WARILLE,9/3/2025
South Sudan,Min. of General Education & Instruction,"Kuyok Abol KUYOK, Dr.",9/3/2025
South Sudan,Min. of Health,Sarah CLETO Rial,9/3/2025
South Sudan,"Min. of Higher Education, Science & Technology",Madut BIAR Yel,9/3/2025
South Sudan,Min. of Humanitarian Affairs & Disaster Management,Albino AKOL Atak,9/3/2025
South Sudan,Min. of Information,Michael MAKUEI Lueth,9/3/2025
South Sudan,Min. of Interior,Angelina TENY,9/3/2025
South Sudan,Min. of Investment,Joseph MOUM Majak,9/3/2025
South Sudan,Min. of Justice & Constitutional Affairs,Joseph GENG Akech,9/3/2025
South Sudan,Min. of Labor,"James HOTH MAI, Gen.",9/3/2025
South Sudan,"Min. of Land, Housing, & Urban Development",Michael CHIANGJIEK Geay,9/3/2025
South Sudan,Min. of Livestock & Fisheries,Onyoti ADIGO Nyikuac,9/3/2025
South Sudan,Min. of Mining,"Martin ABUCHA Gama, Maj. Gen.",9/3/2025
South Sudan,Min. of National Security,"Obuto MAMUR Mete, Gen.",9/3/2025
South Sudan,Min. of Parliamentary Affairs,"WEK MAMER Kuol, Dr.",9/3/2025
South Sudan,Min. of Peace Building,Stephen Par KUOL,9/3/2025
South Sudan,Min. of Petroleum,PUOT Kang Chol,9/3/2025
South Sudan,Min. of Presidential Affairs,CHOL Mawut Ongwe Ajongo,9/3/2025
South Sudan,Min. of Public Service and Human Resource Development,DAK Duop Bichiok,9/3/2025
South Sudan,Min. of Roads & Bridges,Simon Mijok MIJAK,9/3/2025
South Sudan,Min. of Trade & Industry,ATONG Kuol Manyang,9/3/2025
South Sudan,Min. of Transport,"Lam AKOL Ajawin Agondit, Dr.",9/3/2025
South Sudan,Min. of Water Resources & Irrigation,James Mawich MAKUAC,9/3/2025
South Sudan,"Min. of Wildlife, Conservation, & Tourism",RIZIK Zakaria Hassan,9/3/2025
South Sudan,Min. of Youth and Sports,Mary NAWAI Martin,9/3/2025
South Sudan,"Governor, Central Bank of South Sudan","Addis Ababa OTHOW, Dr.",9/3/2025
South Sudan,Ambassador to the US,"Santino Fardol Watod DICKEN, Dr.",9/3/2025
South Sudan,"Permanent Representative to the UN, New York",Cecilia Adut Manyok ADENG,9/3/2025
Spain,King,FELIPE VI,1/17/2025
Spain,Pres. of the Govt.,Pedro SANCHEZ Perez-Castejon,1/17/2025
Spain,First Vice Pres. of the Govt. & Min. of Treasury,Maria Jesus MONTERO Cuadrado,1/17/2025
Spain,Second Vice President of the Govt. & Min. of Work & Social Economy,Yolanda DIAZ Perez,1/17/2025
Spain,Third Vice President of the Govt. & Min. of Ecological Transition & Demographic Challenge,Sara AAGESEN Munoz,1/17/2025
Spain,"Min. of Foreign Affairs, European Union, & Cooperation",Jose Manuel ALBARES Bueno,1/17/2025
Spain,"Min. of the Presidency, Justice, & Parliamentary Relations",Felix BOLANOS Garcia,1/17/2025
Spain,Min. of Defense,Margarita ROBLES Fernandez,1/17/2025
Spain,Min. of Home Affairs,Fernando GRANDE-MARLASKA Gomez,1/17/2025
Spain,Min. of Transport & Sustainable Mobility,Oscar PUENTE Santiago,1/17/2025
Spain,"Min. of Education, Vocational Training, & Sports & Govt. Spokesperson",Pilar ALEGRIA Continente,1/17/2025
Spain,Min. of Industry & Tourism,Jordi HEREU i Boher,1/17/2025
Spain,"Min. of Agriculture, Fisheries, & Food",Luis PLANAS Puchades,1/17/2025
Spain,Min. of Territorial Policy & Democratic Memory,Angel Victor TORRES Perez,1/17/2025
Spain,Min. of Housing & Urban Agenda,Isabel RODRIGUEZ Garcia,1/17/2025
Spain,Min. of Culture,Ernest URTASUN Domenech,1/17/2025
Spain,"Min. of Economy, Trade, & Business",Carlos CUERPO Caballero,1/17/2025
Spain,Min. of Health,Monica GARCIA Gomez,1/17/2025
Spain,"Min. of Social Rights, Consumer Affairs, & 2030 Agenda",Pablo BUSTINDUY Amador,1/17/2025
Spain,"Min. of Science, Innovation, & Universities",Diana MORANT Ripoll,1/17/2025
Spain,Min. of Equality,Ana REDONDO Garcia,1/17/2025
Spain,"Min. of Inclusion, Social Security, & Migration",Elma SAIZ Delgado,1/17/2025
Spain,Min. of Digital Transformation & Public Function,Oscar LOPEZ Agueda,1/17/2025
Spain,Min. of Youth & Children,Sira ABED Rego,1/17/2025
Spain,"Governor, Bank of Spain",Jose Luis ESCRIVA,1/17/2025
Spain,Ambassador to the US,Angeles MORENO Bau,1/17/2025
Spain,"Permanent Representative to the UN, New York",Hector Jose GOMEZ Hernandez,1/17/2025
Sri Lanka,Pres.,Anura Kumara DISSANAYAKE,11/19/2024
Sri Lanka,Prime Min.,"Harini AMARASURIYA, Dr.",11/19/2024
Sri Lanka,"Min. of Agriculture, Lands, Livestock, & Irrigation",K.D. LALKANTHA,11/19/2024
Sri Lanka,"Min. of Buddhasasana, Religious, & Cultural Affairs",Hiniduma Sunil Senevi,11/19/2024
Sri Lanka,Min. of Defense,Anura Kumara DISSANAYAKE,11/19/2024
Sri Lanka,Min. of Digital Economy,Anura Kumara DISSANAYAKE,11/19/2024
Sri Lanka,"Min. of Education, Higher Education, & Vocational Education","Harini AMARASURIYA, Dr.",11/19/2024
Sri Lanka,Min. of Energy,Kumara JAYAKODY,11/19/2024
Sri Lanka,Min. of Environment,"Dhammika PATABANDI, Dr.",11/19/2024
Sri Lanka,Min. of Finance,Anura Kumara DISSANAYAKE,11/19/2024
Sri Lanka,"Min. of Fisheries, Aquatic, & Ocean Resources",Ramalingam CHANDRASEKAR,11/19/2024
Sri Lanka,"Min. of Foreign Affairs, Foreign Employment, & Tourism",Vijita HERATH,11/19/2024
Sri Lanka,Min. of Health & Media,"Nalinda JAYATHISSA, Dr.",11/19/2024
Sri Lanka,Min. of Industry & Entrepreneurship Development,Sunil HANDUNNETHTHI,11/19/2024
Sri Lanka,Min. of Justice & National Integration,Harshana NANAYAKKARA,11/19/2024
Sri Lanka,Min. of Labour,Anil Jayantha FERNANDO,11/19/2024
Sri Lanka,Min. of Planning,Anura Kumara DISSANAYAKE,11/19/2024
Sri Lanka,Min. of Plantation & Community Infrastructure,Samantha VIDYARATHNA,11/19/2024
Sri Lanka,"Min. of Public Administration, Provincial Councils, & Local Govt.",Chandana ABEYRATNE,11/19/2024
Sri Lanka,Min. of Public Security & Parliamentary Affairs,Ananda WIJEPALA,11/19/2024
Sri Lanka,"Min. of Rural Development, Social Security, & Community Empowerment",Upali Pannilage,11/19/2024
Sri Lanka,Min. of Science & Technology,Chrishantha ABEYSENA,11/19/2024
Sri Lanka,"Min. of Trade, Commerce, Food Security, & Co-operative Development",Wasantha SAMARASINGHA,11/19/2024
Sri Lanka,"Min. of Transport, Highways, Ports, & Civil Aviation",Bimal RATHNAYAKE,11/19/2024
Sri Lanka,"Min. of Urban Development, Construction, & Housing",Anura KARUNATHILAKE,11/19/2024
Sri Lanka,Min. of Women & Child Affairs,Sarojani Savithri PAULRAJ,11/19/2024
Sri Lanka,Min. of Youth Affairs & Sports,Sunil Kumara GAMAGE,11/19/2024
Sri Lanka,"Governor, Central Bank",Nandalal WEERASINGHE,11/19/2024
Sri Lanka,Ambassador to the US,Mahinda SAMARASINGHE,11/19/2024
Sri Lanka,"Permanent Representative to the UN, New York","Mohan PEIRIS, Dr.",11/19/2024
Sudan,"Chmn., Sovereignty Council (SC)","Abd al-Fatah al-BURHAN Abd al-Rahman, Gen.",9/12/2022
Sudan,"Deputy Chmn., SC",Mohamed Hamdan Dagalo (a.k.a. HEMETI),9/12/2022
Sudan,"Member, SC","Shams al-Din KABBASHI Ibrahim, Lt. Gen.",9/12/2022
Sudan,"Member, SC","Yasir Abd al-Rahman Hassan Al-ATTA, Gen.",9/12/2022
Sudan,"Member, SC","Ibrahim JABER Ibrahim, Lt. Gen.",9/12/2022
Sudan,"Member, SC","Al-Hadi IDRIS, Dr.",9/12/2022
Sudan,"Member, SC",Malik AGAR,9/12/2022
Sudan,"Member, SC",Al-Taher HAJAR,9/12/2022
Sudan,Prime Min.,,9/12/2022
Sudan,Min. of Agriculture & Forestry,Abu Baker Omar Al-BUSHRA (Acting),9/12/2022
Sudan,Min. of Cabinet Affairs,Usman HUSAYN Osman (Acting),9/12/2022
Sudan,Min. of Communications & Digital Transformation,Adel Al-HUSSEIN (Acting),9/12/2022
Sudan,Min. of Defense,"Yassin IBRAHIM Yassin (Acting), Gen.",9/12/2022
Sudan,Min. of Energy & Petroleum,Muhammad ABDALLAH Mahmoud (Acting),9/12/2022
Sudan,Min. of the Fed. Governance Office,Muhammad Kortikaila SALIH (Acting),9/12/2022
Sudan,Min. of Finance & Economic Planning,"Jibril IBRAHIM (Acting), Dr.",9/12/2022
Sudan,Min. of Foreign Affairs & Intl. Cooperation,Ali al-SADIQ (Acting),9/12/2022
Sudan,Min. of Gen. Education,Mahmud Siral-Khattam al-HURI (Acting),9/12/2022
Sudan,Min. of Health,Haitham Muhammad IBRAHIM (Acting),9/12/2022
Sudan,Min. of Higher Education & Scientific Research,"Muhammad Hassan DAHAB (Acting), Dr.",9/12/2022
Sudan,Min. of Industry,Batul ABBAS Awad Allam (Acting),9/12/2022
Sudan,"Min. of Information, Culture, & Tourism","Graham ABD Al-QADIR (Acting), Dr.",9/12/2022
Sudan,Min. of Infrastructure,"Anan HAMED Muhammad Umar (Acting), Lt. Gen.",9/12/2022
Sudan,Min. of Interior,"EZZELDIN Al-Sheikh, Lt. Gen.",9/12/2022
Sudan,Min. of Investment & International Cooperation,Ahlam MAHDI (Acting),9/12/2022
Sudan,Min. of Irrigation and Water Resources,Dhu al-Bayt ABD Al-RAHMAN Mansur (Acting),9/12/2022
Sudan,Min. of Justice,Muhammad Said al-HILU (Acting),9/12/2022
Sudan,Min. of Labor & Admin. Reform,Suad Al-Tayeb HASSAN (Acting),9/12/2022
Sudan,Min. of Livestock & Fisheries,Hafiz IBRAHIM Abd al-Nabi (Acting),9/12/2022
Sudan,Min. of Mining,"Muhammad BASHIR Abu-Namu (Acting), Dr.",9/12/2022
Sudan,Min. of Religious Affairs & Endowments (Awqaf),"Muhammad Mukhtar JUMAA (Acting), Dr.",9/12/2022
Sudan,Min. of Social Development,"Ahmad Adam BAKHIT (Acting), Dr.",9/12/2022
Sudan,Min. of Trade & Supply,"Amal SALIH Saad (Acting), Dr.",9/12/2022
Sudan,Min. of Transportation,Hisham Ahmed Ali ABU ZAID (Acting),9/12/2022
Sudan,Min. of Youth & Sport,Hazar ABD Al-RASUL al-Ajab (Acting),9/12/2022
Sudan,Attorney Gen.,Khalifa Ahmed KHALIFA,9/12/2022
Sudan,"Governor, Central Bank of Sudan",Husayn Yahia JANGUL,9/12/2022
Sudan,Ambassador to the US,Muhammad Abdallah IDRIS Muhammad,9/12/2022
Sudan,"Permanent Representative to the UN, New York",Al-Harith IDRIS Al-Harith Muhammad,9/12/2022
Suriname,Pres.,Jennifer GEERLINGS-SIMONS,9/25/2025
Suriname,Vice Pres.,Gregory RUSLAND,9/25/2025
Suriname,"Min. of Agriculture, Animal Husbandry, & Fisheries",Mike NOERSALIEM,9/25/2025
Suriname,Min. of Defense,Uraiqit RAMSARAN,9/25/2025
Suriname,"Min. of Economic Affairs, Entrepreneurship, & Technological Innovation",Andrew BAASARON,9/25/2025
Suriname,"Min. of Education, Science, & Culture",Dirk CURRIE,9/25/2025
Suriname,Min. of Finance & Planning,Adelien WIJNERMAN,9/25/2025
Suriname,"Min. of Foreign Affairs, International Business, & International Cooperation",Melvin BOUVA,9/25/2025
Suriname,"Min. of Health, Wellbeing, & Labor",Andre MISIEKABA,9/25/2025
Suriname,Min. of the Interior,Marinus BEE,9/25/2025
Suriname,Min. of Justice & Police,Harish MONORATH,9/25/2025
Suriname,"Min. of Labor, Employment, & Youth Affairs",VACANT,9/25/2025
Suriname,Min. of Land & Forest Management,Stanley SOEROPAWIRO,9/25/2025
Suriname,Min. of Natural Resources,David ABIAMOFO,9/25/2025
Suriname,Min. of Oil and Gas & Environment,Patrick BRUNINGS,9/25/2025
Suriname,Min. of Public Works & Social Planning,Steven TSANG,9/25/2025
Suriname,Min. of Regional Development,Miquella HURR,9/25/2025
Suriname,Min. of Social Affairs & Housing,Diana POKIE,9/25/2025
Suriname,Min. of Spatial Planning & the Environment,VACANT,9/25/2025
Suriname,"Min. of Transport, Communications, & Tourism",Raymond LANDVELD,9/25/2025
Suriname,Min. of Youth Development & Sports,Lalinie GOPAL,9/25/2025
Suriname,"Governor, Central Bank",Maurice ROEMER,9/25/2025
Suriname,Ambassador to the US,Jan Marten Willem SCHALKWIJK,9/25/2025
Suriname,"Permanent Representative to the UN, New York",Sunil Algram SITALDIN,9/25/2025
Sweden,King,CARL XVI GUSTAF,9/12/2025
Sweden,Prime Min.,Ulf KRISTERSSON,9/12/2025
Sweden,Deputy Prime Min.,Ebba BUSCH,9/12/2025
Sweden,Min. for Civil Defense,Carl-Oskar BOHLIN,9/12/2025
Sweden,Min. for Climate & the Environment,Romina POURMOKHTARI,9/12/2025
Sweden,Min. for Culture,Parisa LILJESTRAND,9/12/2025
Sweden,Min. for Defense,Pal JONSON,9/12/2025
Sweden,Min. for Education & Integration,Simona MOHAMSSON,9/12/2025
Sweden,Min. for Employment,Johan BRITZ,9/12/2025
Sweden,"Min. for Energy, Business, & Industry",Ebba BUSCH,9/12/2025
Sweden,Min. for EU Affairs,Jessica ROSENCRANTZ,9/12/2025
Sweden,Min. for Finance,Elisabeth SVANTESSON,9/12/2025
Sweden,Min. for Financial Markets,Niklas WYKMAN,9/12/2025
Sweden,Min. for Foreign Affairs,Maria Malmer STENERGARD,9/12/2025
Sweden,Min. for Gender Equality,Nina LARSSON,9/12/2025
Sweden,Min. for Health Care,Elisabet LANN,9/12/2025
Sweden,Min. for Infrastructure & Housing,Andreas CARLSON,9/12/2025
Sweden,Min. for Intl. Development Cooperation & Foreign Trade,Benjamin DOUSA,9/12/2025
Sweden,Min. for Justice,Gunnar STROMMER,9/12/2025
Sweden,Min. for Migration,Johan FORSSELL,9/12/2025
Sweden,Min. for Older People & Social Security,Anna TENJE,9/12/2025
Sweden,Min. for Public Administration,Erik SLOTTNER,9/12/2025
Sweden,Min. for Rural Affairs,Peter KULLGREN,9/12/2025
Sweden,Min. for Social Affairs & Public Health,Jakob FORSSMED,9/12/2025
Sweden,Min. for Social Services,Camilla WALTERSSON GRONVALL,9/12/2025
Sweden,"Min. for Upper Secondary Schools, Higher Education, and Research",Lotta EDHOLM,9/12/2025
Sweden,"Governor, Swedish Central Bank",Erik THEDEEN,9/12/2025
Sweden,Ambassador to the US,Urban AHLIN,9/12/2025
Sweden,"Permanent Representative to the UN, New York",Nicola CLASE,9/12/2025
Switzerland,"Pres., Swiss Confederation",Karin KELLER-SUTTER,4/30/2025
Switzerland,Vice Pres.,Guy PARMELIN,4/30/2025
Switzerland,"Chief, Federal Dept. of Defense, Civil Protection, & Sport",Martin PFISTER,4/30/2025
Switzerland,"Chief, Federal Dept. of Economic Affairs, Education, & Research",Guy PARMELIN,4/30/2025
Switzerland,"Chief, Federal Dept. of the Environment, Transport, Energy & Communications",Albert ROESTI,4/30/2025
Switzerland,"Chief, Federal Dept. of Finance",Karin KELLER-SUTTER,4/30/2025
Switzerland,"Chief, Federal Dept. of Foreign Affairs",Ignazio CASSIS,4/30/2025
Switzerland,"Chief, Federal Dept. of Home Affairs",Elisabeth BAUME-SCHNEIDER,4/30/2025
Switzerland,"Chief, Federal Dept. of Justice & Police",Beat JANS,4/30/2025
Switzerland,Federal Chancellor,Viktor ROSSI,4/30/2025
Switzerland,"Chair, Swiss National Bank",Thomas JORDAN,4/30/2025
Switzerland,Ambassador to the US,Ralf HECKNER,4/30/2025
Switzerland,"Permanent Representative to the UN, New York",Pascale BAERISWYL,4/30/2025
Syria,Pres.,Ahmad Husayn al-SHARA’,12/12/2025
Syria,Min. of Administrative Development,Muhammad SKAF,12/12/2025
Syria,Min. of Agriculture,Amjad BADR,12/12/2025
Syria,Min. of Communication & Information Technology,Abd al-Salam HAYKAL,12/12/2025
Syria,Min. of Culture,Muhammad Yasin SALIH,12/12/2025
Syria,Min. of Defense,Murhaf ABU QASRA,12/12/2025
Syria,Min. of the Economy & Industry,Muhammad Nidal al-SHAAR,12/12/2025
Syria,Min. of Education,Muhammad Adbul Rahman TURKO,12/12/2025
Syria,Min. of Emergency & Disaster Management,Ra’id al-SALIH,12/12/2025
Syria,Min. of Energy,Muhammad al-BASHIR,12/12/2025
Syria,Min. of Finance,Muhammad Yasir BARNIYAH,12/12/2025
Syria,Min. of Foreign Affairs,As’ad Hasan al-SHAYBANI,12/12/2025
Syria,Min. of Health,Musab al-ALI,12/12/2025
Syria,Min. of Higher Education & Scientific Research,Marwan al-HALABI,12/12/2025
Syria,Min. of Information,Hamza MUSTAFA,12/12/2025
Syria,Min. of Interior,Anas Hasan KHATTAB,12/12/2025
Syria,Min. of Justice,Mazhar al-WAIS,12/12/2025
Syria,Min. of Local Administration & Environment,Muhammad ANJARANI,12/12/2025
Syria,Min. of Public Works & Housing,Mustafa Abd al-RAZZAQ,12/12/2025
Syria,Min. of Religious Endowments,Muhammad Abu al-Khayr SHUKRI,12/12/2025
Syria,Min. of Social Affairs & Labor,Hind KABAWAT,12/12/2025
Syria,Min. of Sports & Youth,Muhammad Samih HAMID,12/12/2025
Syria,Min. of Tourism,Mazin al-SALHANI,12/12/2025
Syria,Min. of Transport,Yarub BADR,12/12/2025
Syria,Ambassador to the US,,12/12/2025
Syria,"Permanent Representative to the UN, New York",,12/12/2025
Taiwan,Pres.,LAI Ching-te (a.k.a. William LAI),6/4/2024
Taiwan,Vice Pres.,HSIAO Bi-khim,6/4/2024
Taiwan,"Premier, Executive Yuan",CHO Jung-tai,6/4/2024
Taiwan,"Vice Premier, Executive Yuan",CHENG Li-chun,6/4/2024
Taiwan,"Sec. Gen., Executive Yuan",KUNG Ming-hsin,6/4/2024
Taiwan,"Dep. Sec. Gen., Executive Yuan",WANG Kuei-lien,6/4/2024
Taiwan,"Dep. Sec. Gen., Executive Yuan",LEE Guo-shin,6/4/2024
Taiwan,"Spokesperson, Executive Yuan",CHEN Shi-kai,6/4/2024
Taiwan,"Pres., Control Yuan",CHEN Chu,6/4/2024
Taiwan,"Pres., Examination Yuan",HUANG Jong-tsun,6/4/2024
Taiwan,"Pres., Judicial Yuan",HSU Tzong-li,6/4/2024
Taiwan,"Pres., Legislative Yuan",HAN Kuo-yu,6/4/2024
Taiwan,Min. of Culture,LI Yuan,6/4/2024
Taiwan,Min. of Digital Affairs,HUANG Yen-nun,6/4/2024
Taiwan,Min. of Economic Affairs,KUO Jyh-huei (a.k.a. J.W. KUO),6/4/2024
Taiwan,Min. of Education,CHENG Ying-yao,6/4/2024
Taiwan,Min. of Finance,CHUANG Tsui-yun,6/4/2024
Taiwan,Min. of Foreign Affairs,LIN Chia-Lung,6/4/2024
Taiwan,Min. of Health & Welfare,CHIU Tai-yuan,6/4/2024
Taiwan,Min. of Interior,LIU Shyh-fang,6/4/2024
Taiwan,Min. of Justice,CHENG Ming-chien,6/4/2024
Taiwan,Min. of Labor,HO Pei-shan,6/4/2024
Taiwan,Min. of National Defense,KOO Li-hsiung (a.k.a. Wellington KOO),6/4/2024
Taiwan,Min. of Science & Technology,WU Cheng-wen,6/4/2024
Taiwan,Min. of Transportation & Communications,LI Meng-yen,6/4/2024
Taiwan,Min. Without Portfolio,CHEN Shih-chung,6/4/2024
Taiwan,Min. Without Portfolio,YANG Jen-ni,6/4/2024
Taiwan,Min. Without Portfolio,CHI Lien-cheng,6/4/2024
Taiwan,Min. Without Portfolio,SHIH Che,6/4/2024
Taiwan,Min. Without Portfolio,LIN Ming-hsin,6/4/2024
Taiwan,"Min., Council of Agriculture",CHEN Junne-jih,6/4/2024
Taiwan,"Min., Atomic Energy Council",CHANG Ching-wen,6/4/2024
Taiwan,"Min., Central Election Commission",LEE Chin-yung,6/4/2024
Taiwan,"Min., National Development Council",LIU Chin-ching,6/4/2024
Taiwan,"Min., Hakka Affairs Council",KU Hsiu-fei,6/4/2024
Taiwan,"Min., Council of Indigenous Peoples",TSENG Chih-yung,6/4/2024
Taiwan,"Min., Directorate Gen. of Budget, Accounting, & Statistics",CHEN Shu-tzu,6/4/2024
Taiwan,"Min., Directorate Gen. of Personnel Admin.",SU Chun-jung,6/4/2024
Taiwan,"Min., Environmental Protection Admin.",PENG Chi-ming,6/4/2024
Taiwan,"Min., Financial Supervisory Commission",PENG Jin-lung,6/4/2024
Taiwan,"Min., Mainland Affairs Council",CHUI Chui-cheng,6/4/2024
Taiwan,"Min., National Communications Commission",CHEN Yaw-shyang,6/4/2024
Taiwan,"Min., Ocean Affairs Council",KUAN Bi-ling,6/4/2024
Taiwan,"Min., Overseas Community Affairs Council",HSU Chia-ching,6/4/2024
Taiwan,"Min., Public Construction Commission",CHEN Chin-te,6/4/2024
Taiwan,"Min., Veterans Affairs Council",YEN Teh-fa,6/4/2024
Taiwan,"Chair, Fair Trade Commission",LEE May,6/4/2024
Taiwan,"Dir., National Palace Museum",HSIAO Tsung-huang,6/4/2024
Taiwan,"Governor, Central Bank of the Republic of China (Taiwan)",YANG Chin-long,6/4/2024
Taiwan,"Acting Chair, Transitional Justice Commission",YEH Hung-lin,6/4/2024
Taiwan,Representative to the US,YUI Tah-ray (a.k.a. Alexander YUI),6/4/2024
Tajikistan,Pres.,Emomali RAHMON,12/18/2025
Tajikistan,Prime Min.,Qohir RASULZODA,12/18/2025
Tajikistan,First Dep. Prime Min.,Hokim KHOLIQZODA,12/18/2025
Tajikistan,Dep. Prime Min.,Dilrabo MANSURI,12/18/2025
Tajikistan,Dep. Prime Min.,Usmonali USMONZODA,12/18/2025
Tajikistan,Dep. Prime Min.,Sulaymon ZIYOZODA,12/18/2025
Tajikistan,Min. of Agriculture,Qurbon HAKIMZODA,12/18/2025
Tajikistan,Min. of Culture,Matlubakhon SATTORIYON,12/18/2025
Tajikistan,Min. of Defense,"Emomali SOBIRZODA, Lt. Gen.",12/18/2025
Tajikistan,Min. of Economic Development & Trade,Abdurahmon ABDURAHMONZODA,12/18/2025
Tajikistan,Min. of Education & Science,Rahim SAIDZODA,12/18/2025
Tajikistan,Min. of Energy & Water Resources,Daler JUMA,12/18/2025
Tajikistan,Min. of Finance,Fayziddin QAHHORZODA,12/18/2025
Tajikistan,Min. of Foreign Affairs,Sirojiddin MUHRIDDIN,12/18/2025
Tajikistan,Min. of Health & Social Protection,Jamoliddin ABDULLOZODA,12/18/2025
Tajikistan,Min. of Industry & New Technologies,Sherali KABIR,12/18/2025
Tajikistan,Min. of Internal Affairs,Ramazon RAHIMZODA,12/18/2025
Tajikistan,Min. of Justice,Muzaffar ASHURIYON,12/18/2025
Tajikistan,"Min. of Labor, Migration, & Employment",Soleha KHOLMAHMADZODA,12/18/2025
Tajikistan,Min. of Transport,Azim IBROHIM,12/18/2025
Tajikistan,"Chmn., State Committee for National Security","Saymumin YATIMOV, Col. Gen.",12/18/2025
Tajikistan,Prosecutor Gen.,Habibullo VOHIDZODA,12/18/2025
Tajikistan,"Chmn., National Bank of Tajikistan",Firdavs TOLIBZODA,12/18/2025
Tajikistan,Ambassador to the US,Zavqi ZAVQIZODA,12/18/2025
Tajikistan,"Permanent Representative to the UN, New York",Jonibek HIKMAT,12/18/2025
Tanzania,Pres.,Samia Suluhu HASSAN,11/21/2025
Tanzania,Vice Pres.,Emmanuel NCHIMBI,11/21/2025
Tanzania,Prime Min.,Mwigulu NCHEMBA,11/21/2025
Tanzania,Pres. of Zanzibar,Hussein Ali MWINYI,11/21/2025
Tanzania,Min. for Agriculture,Daniel CHONGOLO,11/21/2025
Tanzania,Min. for Communication & Information Technology,Angellah KAIRUKI,11/21/2025
Tanzania,"Min. for Community Development, Gender, Women, & Special Groups",Dorothy GWAJIMA,11/21/2025
Tanzania,Min. for Constitutional & Legal Affairs,Juma HOMERA,11/21/2025
Tanzania,Min. for Defense & National Service,Rhimo NYANSAHO,11/21/2025
Tanzania,"Min. for Education, Science, & Technology",Adolf MKENDA,11/21/2025
Tanzania,Min. for Energy,Deogratius NDEJEMBI,11/21/2025
Tanzania,Min. for Finance,Khamis Mussa OMAR,11/21/2025
Tanzania,Min. for Foreign Affairs & East African Cooperation,Mahmoud Thabit KOMBO,11/21/2025
Tanzania,Min. for Health,Mohamed MCHENGERWA,11/21/2025
Tanzania,Min. for Home Affairs,Boniface George SIMBACHAWENE,11/21/2025
Tanzania,Min. for Industry & Trade,Judith KAPINGA,11/21/2025
Tanzania,Min. for Information & Communications Technology,Angellah KAIRUKI,11/21/2025
Tanzania,"Min. for Information, Culture, Arts, & Sports",Palamagamba KABUDI,11/21/2025
Tanzania,"Min. for Land, Housing, & Human Settlements Development",Leonard AKWILAPO,11/21/2025
Tanzania,Min. for Livestock & Fisheries,Bashiru Ally KAKURWA,11/21/2025
Tanzania,Min. for Minerals,Anthony Peter MAVUNDE,11/21/2025
Tanzania,Min. for Natural Resources & Tourism,Ashatu KIJAJI,11/21/2025
Tanzania,Min. for Transport,Makame MNYAA,11/21/2025
Tanzania,Min. for Water,Jumaa AWESO,11/21/2025
Tanzania,Min. for Works,Abdallah ULEGA,11/21/2025
Tanzania,Min. of State in the President's Office for Planning & Investment,Kitila MKUMBO,11/21/2025
Tanzania,Min. of State in the President's Office for Public Service Management & Good Governance,Ridhiwani KIKWETE,11/21/2025
Tanzania,Min. of State in the President’s Office for Youth Development,Joel Nanauka,11/21/2025
Tanzania,Min. of State in the Vice President's Office for Union Affairs & Environment,Hamad Yusuf MASAUNI,11/21/2025
Tanzania,"Min. of State in the Prime Min.'s Office for Labor, Employment, & Industrial Relations",Deus SANGU,11/21/2025
Tanzania,"Min. of State in the Prime Min.'s Office for Policy, Parliamentary Affairs, Coordination, & Persons with Disabilities",William LUKUVI,11/21/2025
Tanzania,Min. of State in the Prime Min.’s Office for Regional Administration & Local Government,Riziki SHEMDOE,11/21/2025
Tanzania,Attorney Gen.,Hamza Johari,11/21/2025
Tanzania,"Governor, Central Bank",Emmanuel TUTUBA,11/21/2025
Tanzania,Ambassador to the US,Elisie KANZA,11/21/2025
Tanzania,"Permanent Representative to the UN, New York",Hussein KATTANGA,11/21/2025
Thailand,King,WACHIRALONGKON,9/23/2025
Thailand,Prime Min.,ANUTHIN Chanwirakun,9/23/2025
Thailand,Dep. Prime Min.,PHIPHAT Ratchakitprakan,9/23/2025
Thailand,Dep. Prime Min.,SOPHON Saram,9/23/2025
Thailand,Dep. Prime Min.,EKNITI Nitithanpraphat,9/23/2025
Thailand,Dep. Prime Min.,"BOWONSAK Uwanno, Dr.",9/23/2025
Thailand,Dep. Prime Min.,"THAMMANAT Phromphao, Capt.",9/23/2025
Thailand,Dep. Prime Min.,SUCHAT Chomklin,9/23/2025
Thailand,Min. to the Prime Min.'s Office,PHARADON Pritsanananthakun,9/23/2025
Thailand,Min. to the Prime Min.'s Office,SUPPHAMAT Itsaraphakdi,9/23/2025
Thailand,Min. to the Prime Min.'s Office,NAPHINTHON Sisanphang,9/23/2025
Thailand,Min. to the Prime Min.'s Office,SANTI Piyathat,9/23/2025
Thailand,Min. of Agriculture & Cooperatives,"THAMMANAT Phromphao, Capt.",9/23/2025
Thailand,Min. of Commerce,SUPPHACHI Suthamphan,9/23/2025
Thailand,Min. of Culture,SABIDA Thaiset,9/23/2025
Thailand,Min. of Defense,"NATTHAPHON Nakphanit, Gen.",9/23/2025
Thailand,Min. of Digital Economy & Society,CHAICHANOK Chitchop,9/23/2025
Thailand,Min. of Education,NARUEMON Phinyosinwat,9/23/2025
Thailand,Min. of Energy,ATTHAPON Roekphibun,9/23/2025
Thailand,Min. of Finance,EKNITI Nitithanpraphat,9/23/2025
Thailand,Min. of Foreign Affairs,SIHASAK Phuangketkeow,9/23/2025
Thailand,"Min. of Higher Education, Science, Research, & Innovation",SURASAK Phancharoenworakun,9/23/2025
Thailand,Min. of Industry,THANAKON Wangbunkhongchana,9/23/2025
Thailand,Min. of Interior,ANUTHIN Chanwirakun,9/23/2025
Thailand,Min. of Justice,"RUTTHAPHON Naowarat, Pol. Lt. Col.",9/23/2025
Thailand,Min. of Labor,TRINUT Thianthong,9/23/2025
Thailand,Min. of Natural Resources & Environment,SUCHAT Chomklin,9/23/2025
Thailand,Min. of Public Health,PHATTHANA Phromphat,9/23/2025
Thailand,Min. of Social Development & Human Security,AKKHARA Phromphao,9/23/2025
Thailand,Min. of Tourism & Sports,ATTHAKON Sirilatthayakon,9/23/2025
Thailand,Min. of Transport,PHIPHAT Ratchakitprakan,9/23/2025
Thailand,"Governor, Bank of Thailand",WITHAI Rattanakon,9/23/2025
Thailand,Ambassador to the US,SURIYA Chindawong,9/23/2025
Thailand,"Permanent Representative to the UN, New York",CHOETCHAI Chaiwaiwit,9/23/2025
Timor-Leste,Pres.,Jose RAMOS-HORTA,10/23/2024
Timor-Leste,Prime Min.,Kay Rala Xanana GUSMAO,10/23/2024
Timor-Leste,"Deputy Prime Min., Coordinating Min. of Economic Affairs, Min. of Tourism and Environment",Francisco Kalbuadi LAY,10/23/2024
Timor-Leste,Deputy Prime Min. & Coordinating Min. for Rural Development Affairs,Mariano Assanami Sabino LOPES,10/23/2024
Timor-Leste,Min. of Finance,Santina Jose Rodrigues Ferreira VIEGAS Cardoso,10/23/2024
Timor-Leste,Min. of Foreign Affairs & Cooperation,Bendito DOS SANTOS Freitas,10/23/2024
Timor-Leste,Min. of Justice,Amandio DE SA,10/23/2024
Timor-Leste,Min. of State Administration,Tomas do Rosario CABRAL,10/23/2024
Timor-Leste,Min. of Health,Elia A. A. DOS REIS Amaral,10/23/2024
Timor-Leste,Min. of Education,Dulce de Jesu SOARES,10/23/2024
Timor-Leste,"Min. of Higher Education, Science, & Culture",Jose Honorio da Costa PEREIRA GERONIMO,10/23/2024
Timor-Leste,Min. for National Liberation Combatant Affairs,Gil da Costa MONTEIRO,10/23/2024
Timor-Leste,Min. of Public Works,Samuel MARCAL,10/23/2024
Timor-Leste,Min. of Transports & Telecommunications,Miguel Marque CONCALVES,10/23/2024
Timor-Leste,Min. of Commerce & Industry,Filipus Nino PEREIRA,10/23/2024
Timor-Leste,"Min. of Agriculture, Livestock, Fisheries, & Forestry",Marcos DA CRUZ,10/23/2024
Timor-Leste,Min. of Defense,Donaciano do Rosario GOMES,10/23/2024
Timor-Leste,Min. of Petroleum,Fracisco da Costa MONTEIRO,10/23/2024
Timor-Leste,Min. of Interior,Francisco da Costa GUTERRES,10/23/2024
Timor-Leste,"Min. of Solidarity, Social, & Inclusion",Veronica DAS DORES,10/23/2024
Timor-Leste,"Min. of Youth, Sports, Arts, & Culture",Nelio Isac SARMENTO,10/23/2024
Timor-Leste,Min. of Strategic Investment,Francisco de SOUSA,10/23/2024
Timor-Leste,Ambassador to the US,Jose Luis GUTERRES,10/23/2024
Timor-Leste,"Permanent Representative to the UN, New York",Karlito NUNES,10/23/2024
Togo,Pres. of the Republic,Jean-Lucien SAVI DE TOVE,12/15/2025
Togo,Pres. of the Council of Ministers,Faure GNASSINGBE,12/15/2025
Togo,"Min. of Agriculture, Fisheries, Animal Resources, & Food Sovereignty",Antoine Lekpa GBEGBENI,12/15/2025
Togo,Min. of Communication,Yawa KOUIGAN,12/15/2025
Togo,Min. of Economy & Strategic Monitoring,Badanam PATOKI,12/15/2025
Togo,Min. Del. to the Min. of Economy & Strategic Monitoring,Kossi TENOU,12/15/2025
Togo,Min. Del. to the Min. of Economy & Strategic Monitoring,Manuela Modukpe SANTOS,12/15/2025
Togo,Min. Del. to the Min. of Economy & Strategic Monitoring,Robert Kofi Mensah EKLO,12/15/2025
Togo,"Min. of Environment, Forest Resources, Coastal Protection, & Climate Change","Komlan Dodzi KOKOROKO, Prof.",12/15/2025
Togo,Min. of Finance & Budget,Essowe Georges BARCOLA,12/15/2025
Togo,"Min. of Foreign Affairs, Regional Integration, & Togolese Abroad",Komlan Edo Robert DUSSEY,12/15/2025
Togo,"Min. Del. to the Min. of Foreign Affairs, Regional Integration, & Togolese Abroad",Yakoley Kokou JOHNSON,12/15/2025
Togo,Min. of Grassroots Development & the Social and Solidarity Economy,Mazamesso ASSIH,12/15/2025
Togo,Min. Del. to the Min. of Grassroots Development & the Social and Solidarity Economy,Abdul Fahd FOFANA,12/15/2025
Togo,"Min. of Health, Public Hygiene, Universal Health Coverage, & Insurance",Jean-Marie Koffi TESSI,12/15/2025
Togo,"Min. Del. to the Min. of Health, Public Hygiene, Universal Health Coverage, & Insurance",Tchin DARRE,12/15/2025
Togo,Min. of Justice & Human Rights,Me Pacome Yawovi ADJOUROUV,12/15/2025
Togo,Min. of National Education,Mama OMOROU,12/15/2025
Togo,Min. Del. to the Min. of National Education,"Gado TCHANGBEDJI, Prof.",12/15/2025
Togo,"Min. of Public Service, Efficiency, & Digital Transformation",Cina LAWSON,12/15/2025
Togo,"Min. of Regional Planning, Urban Planning, & Housing",Kodjo Sevon-Tepe ADEEDZE,12/15/2025
Togo,"Min. Del. to the Min. of Regional Planning, Urban Planning, & Housing",Sani YAYA,12/15/2025
Togo,"Min. Del. to the Min. of Regional Planning, Urban Planning, & Housing",Sena ALIPUI,12/15/2025
Togo,"Min. Del. to the Min. of Regional Planning, Urban Planning, & Housing",Koami GOMADO,12/15/2025
Togo,Min. of Relations with Parliament & Institutions,Gilbert BAWARA,12/15/2025
Togo,Min. of Security,"Calixte Batossie MADJOULBA, Col.",12/15/2025
Togo,"Min. of Solidarity, Gender, Family, & Child Protection",Martine Moni SANKAREDJA,12/15/2025
Togo,"Min. of Territorial Admin., Local Governance, & Customary Affairs","Hodabalo AWATE, Col.",12/15/2025
Togo,"Min. of Tourism, Culture, & the Arts",Isaac TCHIAKPE,12/15/2025
Togo,Ambassador to the US,Frederic Edem HEGBE,12/15/2025
Togo,"Permanent Representative to the UN, New York",Koffi AKAKPO,12/15/2025
Tonga,King,TUPOU VI,1/29/2025
Tonga,Prime Min.,’Aisake Valu EKE,1/29/2025
Tonga,Dep. Prime Min.,Taniela Likuohihifo FUSIMALOHI,1/29/2025
Tonga,"Min. for Agriculture, Food, & Forests",Diosiua Moala HALAVATAU,1/29/2025
Tonga,Min. for Education,’Uhilamoelangi FASI,1/29/2025
Tonga,Min. for Finance,’Aisake Valu EKE,1/29/2025
Tonga,Min. for Fire & Emergency Services,Paula Piveni PIUKALA,1/29/2025
Tonga,Min. for Fisheries,’Aisake Valu EKE,1/29/2025
Tonga,Min. for Foreign Affairs,"Tupouto’a ‘ULUKALALA, Crown Prince",1/29/2025
Tonga,Min. for Health,"Siale 'AKAU'OLA, Dr.",1/29/2025
Tonga,Min. for His Majesty's Armed Forces,"Tupouto’a ‘ULUKALALA, Crown Prince",1/29/2025
Tonga,Min. for Infrastructure,Taniela Likuohihifo FUSIMALOHI,1/29/2025
Tonga,Min. for Internal Affairs,Sinaitakala TU’ITAHI,1/29/2025
Tonga,Min. for Justice,Mo’ale FINAU,1/29/2025
Tonga,Min. for Lands & Natural Resources,’Uhilamoelangi FASI,1/29/2025
Tonga,"Min. for Meteorology, Energy, Information, Disaster Management, Environment, Climate Change, & Communications",Taniela Likuohihifo FUSIMALOHI,1/29/2025
Tonga,Min. for Police,Paula Piveni PIUKALA,1/29/2025
Tonga,Min. for Prisons,‘Aisake Valu EKE,1/29/2025
Tonga,Min. for Public Enterprises,Paula Piveni PIUKALA,1/29/2025
Tonga,Min. for Revenue & Customs,Mateni TAPUELUELU,1/29/2025
Tonga,Min. for Tourism,Mo’ale FINAU,1/29/2025
Tonga,Min. for Trade & Economic Development,Kapelieli Militoni LANUMATA,1/29/2025
Tonga,Attorney Gen.,Linda Simiki FOLAUMOETU'I,1/29/2025
Tonga,"Governor, National Reserve Bank",Sione Ngongo KIOA,1/29/2025
Tonga,Ambassador to the US,Viliami Va'inga TONE,1/29/2025
Tonga,"Permanent Representative to the UN, New York",Viliami Va'inga TONE,1/29/2025
Trinidad and Tobago,President,Christine KANGALOO,9/15/2025
Trinidad and Tobago,Prime Minister,Kamla PERSAD-BISSESSAR,9/15/2025
Trinidad and Tobago,Attorney General,John JEREMIE,9/15/2025
Trinidad and Tobago,"Min. of Agriculture, Land, & Fisheries",Ravi RATTIRAM,9/15/2025
Trinidad and Tobago,Min. of Culture & Community Development,Michelle BENJAMIN,9/15/2025
Trinidad and Tobago,Min. of Defense,Wayne STURGE,9/15/2025
Trinidad and Tobago,Min. of Education,"Michael DOWLATH, Dr.",9/15/2025
Trinidad and Tobago,Min. of Energy & Energy Industries,"Roodal MOONILAL, Dr.",9/15/2025
Trinidad and Tobago,Min. of Finance,Davendranath TANCOO,9/15/2025
Trinidad and Tobago,Min. of Foreign & CARICOM Affairs,Sean SOBERS,9/15/2025
Trinidad and Tobago,Min. of Health,Lackram BODOE,9/15/2025
Trinidad and Tobago,Min. of Homeland Security,Roger ALEXANDER,9/15/2025
Trinidad and Tobago,Min. of Housing,David LEE,9/15/2025
Trinidad and Tobago,Min. of Justice,Devesh MAHARAJ,9/15/2025
Trinidad and Tobago,Min. of Labor Small & Micro Enterprise Development,Leroy BAPTISTE,9/15/2025
Trinidad and Tobago,Min. of Legal Affairs,Saddam HOSEIN,9/15/2025
Trinidad and Tobago,"Min. of People, Social Development, & Family Services",Vandana MOHIT,9/15/2025
Trinidad and Tobago,"Min. of Planning, Economic Affairs, & Development",Kennedy SWARATSINGH,9/15/2025
Trinidad and Tobago,Min. of Public Administration & Artificial Intelligence,Dominic SMITH,9/15/2025
Trinidad and Tobago,Min. of Public Utilities,Barry PHADARATH,9/15/2025
Trinidad and Tobago,Min. of Rural Development & Local Government,Khadijah AMEEN,9/15/2025
Trinidad and Tobago,Min. of Sports & Youth Affairs,Philip WATTS,9/15/2025
Trinidad and Tobago,Min. of Trade & Investment,Colin GOSINE,9/15/2025
Trinidad and Tobago,Min. of Transport & Civil Aviation,Eli ZAKOUR,9/15/2025
Trinidad and Tobago,Min. of Tertiary Education & Skills Training,Prakash PERSAD,9/15/2025
Trinidad and Tobago,Min. of Works & Infrastructure,Jerlean JOHN,9/15/2025
Trinidad and Tobago,"Governor, Central Bank","Alvin HILAIRE, Dr.",9/15/2025
Trinidad and Tobago,Ambassador to the US,"Anthony PHILLIPS-SPENCER, Brig. Gen.",9/15/2025
Trinidad and Tobago,"Permanent Representative to the UN, New York",Neil Nadash PARSAN,9/15/2025
Trinidad and Tobago,Min. in the Office of the Prime Minister,Barry PADARATH,9/15/2025
Trinidad and Tobago,Min. in the Office of the Attorney General,Devesh MAHARAJ,9/15/2025
Trinidad and Tobago,Min. in the Ministry of Energy & Energy Industries,Ernesto KESAR,9/15/2025
Trinidad and Tobago,Min. in the Ministry of Finance,Kennedy SWARATSINGH,9/15/2025
Trinidad and Tobago,Min. in the Ministry of Health,"Rishard SEECHERAN, Dr.",9/15/2025
Trinidad and Tobago,Min. in the Ministry of Housing,Anil ROBERTS,9/15/2025
Trinidad and Tobago,"Min. in the Ministry of Legal Affairs & Agriculture, Land, & Fisheries",Saddam HOSEIN,9/15/2025
Trinidad and Tobago,Min. in the Ministry of Public Utilities,Clyde ELDER,9/15/2025
Tunisia,Pres.,Kais SAIED,7/28/2025
Tunisia,Prime Min.,Sara ZAAFARANI Zenzri,7/28/2025
Tunisia,Min. of Agriculture,Azzedine Ben CHEIKH,7/28/2025
Tunisia,Min. of Communication & Technology,Sofiane El HMISSI,7/28/2025
Tunisia,Min. of Cultural Affairs,Amina SRARFI,7/28/2025
Tunisia,Min. of Economy & Planning,Samir Abdel HAFEEZ,7/28/2025
Tunisia,Min. of Education,Noureddine NOURI,7/28/2025
Tunisia,Min. of Employment & Vocational Training,Riadh CHAOUD,7/28/2025
Tunisia,"Min. of Energy, Industry, & Mines",Fatma THABET Chiboub,7/28/2025
Tunisia,Min. of Environment,Habib OBEID,7/28/2025
Tunisia,Min. of Finance,Michket SLAMA KHALDI,7/28/2025
Tunisia,"Min. of Foreign Affairs, Expatriates, & Immigration",Mohamed Ali NAFTI,7/28/2025
Tunisia,Min. of Health,Mustapha FERJANI,7/28/2025
Tunisia,Min. of Higher Education & Scientific Research,Mondher BELAID,7/28/2025
Tunisia,Min. of Interior,Khaled NOURI,7/28/2025
Tunisia,Min. of Justice,Leila JAFFEL,7/28/2025
Tunisia,Min. of Land Affairs & State Properties,Wajdi HEDHILI,7/28/2025
Tunisia,Min. of National Defense,Khaled SEHILI,7/28/2025
Tunisia,Min. of Public Works & Housing,Salah ZOUARI,7/28/2025
Tunisia,Min. of Religious Affairs,Ahmed BOUHALI,7/28/2025
Tunisia,Min. of Social Affairs,Issam LAHMAR,7/28/2025
Tunisia,Min. of Tourism,Sofiane TEGUIA,7/28/2025
Tunisia,Min. of Trade & Export Development,Samir OBEID,7/28/2025
Tunisia,Min. of Transport,Rachid AMRI,7/28/2025
Tunisia,"Min. of Women, Children, Elderly, & Family",Asmaa JABERI,7/28/2025
Tunisia,Min. of Youth & Sports,Sadek El MOURALLI,7/28/2025
Tunisia,Sec. of State for International Cooperation,Aida HAMDI,7/28/2025
Tunisia,Sec. Gen. of the Cabinet,Sarra REJEB,7/28/2025
Tunisia,"Speaker, People's Representative Assembly",Brahim BOUDERBALA,7/28/2025
Tunisia,"Governor, Central Bank",Fethi Zouhair NOURI,7/28/2025
Tunisia,Ambassador to the US,Hanene TAJOURI Bessassi,7/28/2025
Tunisia,"Permanent Representative to the UN, New York",Nabil AMMAR,7/28/2025
Turkey,Pres.,Recep Tayyip ERDOGAN,7/3/2024
Turkey,Vice Pres.,Cevdet YILMAZ,7/3/2024
Turkey,Min. of Agriculture & Forestry,Ibrahim YUMAKLI,7/3/2024
Turkey,Min. of Culture & Tourism,Mehmet Nuri ERSOY,7/3/2024
Turkey,Min. of Energy & Natural Resources,Alparslan BAYRAKTAR,7/3/2024
Turkey,"Min. of Environment, Urbanization, & Climate Change",Murat KURUM,7/3/2024
Turkey,Min. of Family & Social Services,Mahinur OZDEMIR GOKTAS,7/3/2024
Turkey,Min. of Foreign Affairs,Hakan FIDAN,7/3/2024
Turkey,Min. of Health,Kemal MEMISOGLU,7/3/2024
Turkey,Min. of Industry & Technology,Mehmet Fatih KACIR,7/3/2024
Turkey,Min. of Interior,Ali YERLIKAYA,7/3/2024
Turkey,Min. of Justice,Yilmaz TUNC,7/3/2024
Turkey,Min. of Labor & Social Security,Vedat ISIKHAN,7/3/2024
Turkey,Min. of National Defense,Yasar GULER,7/3/2024
Turkey,Min. of National Education,Yusuf TEKIN,7/3/2024
Turkey,Min. of Trade,Omer BOLAT,7/3/2024
Turkey,Min. of Transport & Infrastructure,Abdulkadir URALOGLU,7/3/2024
Turkey,Min. of Treasury & Finance,Mehmet SIMSEK,7/3/2024
Turkey,Min. of Youth & Sports,Osman Askin BAK,7/3/2024
Turkey,"Governor, Central Bank",Fatih KARAHAN,7/3/2024
Turkey,Ambassador to the US,Sedat ONAL,7/3/2024
Turkey,"Permanent Representative to the UN, New York",Ahmet YILDIZ,7/3/2024
Turkmenistan,Pres.,Serdar BERDIMUHAMEDOW,7/15/2025
Turkmenistan,"Dep. Chmn., Cabinet of Ministers",Nokerguly ATAGULYYEW,7/15/2025
Turkmenistan,"Dep. Chmn., Cabinet of Ministers",Baymyrat ANNAMAMMEDOW,7/15/2025
Turkmenistan,"Dep. Chmn., Cabinet of Ministers",Tanryguly ATAHALLYYEW,7/15/2025
Turkmenistan,"Dep. Chmn., Cabinet of Ministers",Batyr AMANOW,7/15/2025
Turkmenistan,"Dep. Chmn., Cabinet of Ministers",Mammethan CAKYYEW,7/15/2025
Turkmenistan,"Dep. Chmn., Cabinet of Ministers",Hojamyrat GELDIMYRADOW,7/15/2025
Turkmenistan,"Dep. Chmn., Cabinet of Ministers",Rasit MEREDOW,7/15/2025
Turkmenistan,"Dep. Chmn., Cabinet of Ministers",Bayramgul ORAZDURDYYEWA,7/15/2025
Turkmenistan,"Dep. Chmn., Cabinet of Ministers",Bahar SEYIDOWA,7/15/2025
Turkmenistan,Min. of Agriculture,Caryyar CETIYEW,7/15/2025
Turkmenistan,Min. of Automobile Transport,Begenc ANNADURDYYEW,7/15/2025
Turkmenistan,Min. of Communications,Hajymyrat HUDAYGULYYEW,7/15/2025
Turkmenistan,Min. of Construction & Architecture,Abdulla GELDIYEW,7/15/2025
Turkmenistan,Min. of Culture,Atageldi SAMYRADOW,7/15/2025
Turkmenistan,Min. of Defense,Begenc GUNDOGDYYEW,7/15/2025
Turkmenistan,Min. of Education,Jumamyrat GURBANGELDIYEW,7/15/2025
Turkmenistan,Min. of Energy,Annageldi SAPAROW,7/15/2025
Turkmenistan,Min. of Environmental Protection,Carygeldi BABANYYAZOW,7/15/2025
Turkmenistan,Min. of Finance & Economy,Mammetguly ASTANAGULOW,7/15/2025
Turkmenistan,Min. of Foreign Affairs,Rasit MEREDOW,7/15/2025
Turkmenistan,Min. of Health & Medical Industry,Myrat MAMMEDOW,7/15/2025
Turkmenistan,Min. of Industry & Construction,Toyguly NUROW,7/15/2025
Turkmenistan,Min. of Internal Affairs,Muhammet HYDYROW,7/15/2025
Turkmenistan,Min. of Justice,Merettagan TAGANOW,7/15/2025
Turkmenistan,Min. of Labor & Social Protection,Muhammetseyit SYLAPOW,7/15/2025
Turkmenistan,Min. of National Security,Nazar ATAGARAYEW,7/15/2025
Turkmenistan,Min. of Railway Transport,Mammet AKMAMMEDOW,7/15/2025
Turkmenistan,Min. of Textile Industry,Nurmuhammet ORAZGELDIYEW,7/15/2025
Turkmenistan,Min. of Trade & Foreign Economic Relations,Nazar AGAHANOW,7/15/2025
Turkmenistan,"Chmn., Dowlet Maslahaty of the Milli Gengesh (upper house of the legislature)",Gurbanguly BERDIMUHAMEDOW,7/15/2025
Turkmenistan,"Chmn., Mejlis of the Milli Gengesh (lower house of the legislature)",Dunyagozel GULMANOWA,7/15/2025
Turkmenistan,"Chmn., State Concern - Turkmengaz",Maksat BABAYEW,7/15/2025
Turkmenistan,"Chmn., Central Bank",Toyly MYALIKOW,7/15/2025
Turkmenistan,Prosecutor Gen.,Begmyrat MUHAMEDOW,7/15/2025
Turkmenistan,"Sec., Security Council",Begenc GUNDOGDYYEW,7/15/2025
Turkmenistan,Ambassador to the US,Meret ORAZOW,7/15/2025
Turkmenistan,"Permanent Representative to the UN, New York",Aksoltan ATAYEWA,7/15/2025
Tuvalu,Governor Gen.,"Tofiga Vaevalu FALANI, Rev.",2/28/2024
Tuvalu,Prime Min.,Feleti Penitala TEO,2/28/2024
Tuvalu,Dep. Prime Min.,Panapasi NELESONE,2/28/2024
Tuvalu,"Min. of Education, Human Resources, Youth, & Sports",Hamoa HALONA,2/28/2024
Tuvalu,Min. of Finance & Development,Panapasi NELESONE,2/28/2024
Tuvalu,"Min. of Foreign Affairs, Trade, & Labor",Paulson PANAPA,2/28/2024
Tuvalu,Min. of Health & Social Welfare,Tuafafa LATASI,2/28/2024
Tuvalu,"Min. of Home Affairs, Environment & Climate Change",Maina Vakafua TALIA,2/28/2024
Tuvalu,Min. of Natural Resources Development,Sa’aga Talu TEAFA,2/28/2024
Tuvalu,Min. of Public Works & Waste,Ampelosa Manoa TEHULU,2/28/2024
Tuvalu,"Min. of Transport, Energy, Communications & Innovation",Simon KOFE,2/28/2024
Tuvalu,Attorney General,Eselealofa APINELU,2/28/2024
Tuvalu,Ambassador to the US,Tapugao FALEFOU,2/28/2024
Tuvalu,"Permanent Representative to the UN, New York",Tapugao FALEFOU,2/28/2024
Uganda,Pres.,Yoweri Kaguta MUSEVENI,3/27/2024
Uganda,Vice Pres.,Jessica ALUPO,3/27/2024
Uganda,Prime Min.,Robinah NABBANJA,3/27/2024
Uganda,First Dep. Prime Min.,Rebecca KADAGA,3/27/2024
Uganda,Second Dep. Prime Min.,Kirunda KIVEJINJA,3/27/2024
Uganda,"Min. of Agriculture, Animal Industry, & Fisheries",Frank TUMWEBAZE,3/27/2024
Uganda,Min. of Defense & Veterans Affairs,Vincent SSEMPIJJA,3/27/2024
Uganda,Min. of Disaster Preparedness & Refugees,Hilary ONEK,3/27/2024
Uganda,Min. of East African Affairs,Kahinda OTAFIIRE,3/27/2024
Uganda,Min. of Education & Sports,Janet MUSEVENI,3/27/2024
Uganda,Min. of Finance & Economic Planning,Matia KASAIJA,3/27/2024
Uganda,Min. of Foreign Affairs,Jeje ODONGO,3/27/2024
Uganda,"Min. of Gender, Labor, & Social Affairs",Betty AMONGI,3/27/2024
Uganda,Min. of Health,Jane ACENG,3/27/2024
Uganda,"Min. of Information, ICT, & Communications",Chris BARYOMUNSI,3/27/2024
Uganda,Min. of Internal Affairs,Kahinda OTAFIIRE,3/27/2024
Uganda,Min. of Justice & Constitutional Affairs,Ephraim KAMUNTU,3/27/2024
Uganda,Min. for Kampala & Metropolitan Affairs,Hajati Misi KABANDA,3/27/2024
Uganda,Min. for Karamoja,Maria KITUTU,3/27/2024
Uganda,"Min. of Lands, Housing, & Urban Development",Judith NABAKOOBA,3/27/2024
Uganda,Min. of Local Govt.,Rafael MAGYEZI,3/27/2024
Uganda,Min. of Mineral Development,Phiona NYAMUTOORO,3/27/2024
Uganda,Min. of the Presidency,Miriam BABALANDA,3/27/2024
Uganda,Min. of Public Service,Muruli MUKASA,3/27/2024
Uganda,Min. of Relief Disaster Preparedness & Refugees,Lillian ABER,3/27/2024
Uganda,"Min. of Science, Technology, & Innovation",Elioda TUMWESIGYE,3/27/2024
Uganda,Min. of State for Northern Uganda,Kenneth OMONA,3/27/2024
Uganda,"Min. of Trade, Industry, & Cooperatives","Wilson MBADI, Gen.",3/27/2024
Uganda,"Min. of Tourism, Wildlife, & Antiquities",Tom BUTIME,3/27/2024
Uganda,Min. of Water & Environment,Sam CHEPTORIS,3/27/2024
Uganda,Min. of Works & Transport,Katumba WAMALA,3/27/2024
Uganda,Min. of Youth and Children’s Affairs,Balam BARUGAHARA,3/27/2024
Uganda,Attorney Gen.,Kiryowa KIWANUKA,3/27/2024
Uganda,Chief of Defense Forces,Muhoozi KAINERUGABA,3/27/2024
Uganda,Deputy Chief of Defense Forces,Sam OKIDING,3/27/2024
Uganda,Ambassador to the US,Mull Sebujja KATENDE,3/27/2024
Uganda,"Permanent Representative to the UN, New York",Adonia AYEBARE,3/27/2024
Ukraine,Pres.,Volodymyr ZELENSKYY,8/29/2025
Ukraine,Prime Min.,Yuliya SVYRYDENKO,8/29/2025
Ukraine,"First Deputy Prime Minister, Min. of Digital Transformation",Mykhaylo FEDOROV,8/29/2025
Ukraine,Dep. Prime Min. for European and Euro-Atlantic Integration,Taras KACHKA,8/29/2025
Ukraine,Dep. Prime Min. for Restoration & Min. for Communities and Territories Development,Oleksiy KULEBA,8/29/2025
Ukraine,Min. of Agrarian Policy and Food,Vitaliy KOVAL,8/29/2025
Ukraine,Min. of the Cabinet of Ministers,Oleh NEMCHINOV,8/29/2025
Ukraine,Min. of Culture & Strategic Communications,Mykola TOCHYTSKYY,8/29/2025
Ukraine,Min. of Defense,Denys SHMYHAL,8/29/2025
Ukraine,"Min. of Economy, Environment, & Agriculture",Oleksiy SOBOLEV,8/29/2025
Ukraine,Min. of Education & Science,Oksen LISOVYY,8/29/2025
Ukraine,Min. of Energy,Svitlana HRYNCHUK,8/29/2025
Ukraine,Min. of Finance,Serhiy MARCHENKO,8/29/2025
Ukraine,Min. of Foreign Affairs,Andriy SYBIHA,8/29/2025
Ukraine,Min. of Health,Viktor LYASHKO,8/29/2025
Ukraine,Min. of Internal Affairs,Ihor KLYMENKO,8/29/2025
Ukraine,Min. of Justice,Herman HALUSHCHENKO,8/29/2025
Ukraine,"Min. of Social Policy, Family, & Unity",Denys ULIUTIN,8/29/2025
Ukraine,Min. for Strategic Industries,Herman SMETANIN,8/29/2025
Ukraine,Min. for Veterans' Affairs,Nataliya KALMYKOVA,8/29/2025
Ukraine,Min. of Youth & Sport,Matviy BIDNYY,8/29/2025
Ukraine,"Chmn., Foreign Intelligence Service of Ukraine",Oleh IVASHCHENKO,8/29/2025
Ukraine,"Chmn., National Bank",Andriy PYSHNYY,8/29/2025
Ukraine,"Chmn., Rada",Ruslan STEFANCHUK,8/29/2025
Ukraine,"Chmn., Security Service of Ukraine",Vasyl MALYUK,8/29/2025
Ukraine,"Head, Office of the Pres.",Andriy YERMAK,8/29/2025
Ukraine,Prosecutor Gen.,Ruslan KRAVCHENKO,8/29/2025
Ukraine,"Sec., National Security & Defense Council",Rustem UMEROV,8/29/2025
Ukraine,Ambassador to the US,Olha STEFANISHYNA,8/29/2025
Ukraine,"Permanent Representative to the UN, New York",Andriy MELNYK,8/29/2025
United Arab Emirates,Pres.,MUHAMMAD BIN ZAYID Al Nuhayyan,6/25/2025
United Arab Emirates,Vice Pres.,MUHAMMAD BIN RASHID Al Maktum,6/25/2025
United Arab Emirates,Vice Pres.,MANSUR bin Zayid Al Nuhayyan,6/25/2025
United Arab Emirates,Prime Min.,MUHAMMAD BIN RASHID Al Maktum,6/25/2025
United Arab Emirates,Dep. Prime Min.,MANSUR bin Zayid Al Nuhayyan,6/25/2025
United Arab Emirates,Dep. Prime Min.,SAIF bin Zayid Al Nuhayyan,6/25/2025
United Arab Emirates,Dep. Prime Min.,ABDALLAH bin Zayid Al Nuhayyan,6/25/2025
United Arab Emirates,Dep. Prime Min.,HAMDAN bin Muhammad bin Rashid Al Maktum,6/25/2025
United Arab Emirates,Dep. Prime Min. for Financial and Economic Affairs,MAKTUM BIN MUHAMMAD bin Rashid Al Maktum,6/25/2025
United Arab Emirates,Min. of Cabinet Affairs & the Future,Muhammad Abdallah al-GARGAWI,6/25/2025
United Arab Emirates,Min. of Environment,Amna bint Abdullah al-SHAMSI,6/25/2025
United Arab Emirates,Min. of Community Empowerment,Shamma bint Suhail Faris al-MAZRUI,6/25/2025
United Arab Emirates,Min. of Culture,Salem bin KHALID Al Qasimi,6/25/2025
United Arab Emirates,Min. of Defense,HAMDAN bin Muhammad bin Rashid Al Maktum,6/25/2025
United Arab Emirates,Min. of Economy,Abdullah bin Touq al-MARRI,6/25/2025
United Arab Emirates,Min. of Education,Sarah bin Yousef al-AMIRI,6/25/2025
United Arab Emirates,Min. of Energy & Infrastructure,SUHAIL bin Muhammad al-Mazrui,6/25/2025
United Arab Emirates,Min. of Family,Sana bint Mohammed SUHAIL,6/25/2025
United Arab Emirates,Min. of Federal Supreme Council Affairs,Abdullah bin Muhair al-KATBI,6/25/2025
United Arab Emirates,Min. of Finance,MAKTUM BIN MUHAMMAD bin Rashid Al Maktum,6/25/2025
United Arab Emirates,Min. of Foreign Affairs & International Cooperation,ABDALLAH bin Zayid Al Nuhayyan,6/25/2025
United Arab Emirates,Min. of Foreign Trade,Thani bin Ahmed al-ZEYOUDI,6/25/2025
United Arab Emirates,Min. of Health & Prevention,Abdulrahman Mohamed al-OWAIS,6/25/2025
United Arab Emirates,Min. of Higher Education & Scientific Research,Abdulrahman bin Abdulmanan al-AWAR,6/25/2025
United Arab Emirates,Min. of Human Resources & Emiratization,Abdulrahman bin Abdulmanan al-AWAR,6/25/2025
United Arab Emirates,Min. of Industry & Advanced Technology,Sultan Ahmad al-JABIR,6/25/2025
United Arab Emirates,Min. of Interior,SAIF bin Zayid Al Nuhayyan,6/25/2025
United Arab Emirates,Min. of Investment,Mohamed Hassan al-SUWAIDI,6/25/2025
United Arab Emirates,Min. of Justice,Abdullah bin Sultan bin Awad al-NUAIMI,6/25/2025
United Arab Emirates,Min. of Presidential Affairs,MANSUR bin Zayid Al Nuhayyan,6/25/2025
United Arab Emirates,Min. of Sports,Ahmad BELHOUL al-Falasi,6/25/2025
United Arab Emirates,Min. of Tolerance & Coexistence,NAHYAN bin Mubarak Al Nuhayyan,6/25/2025
United Arab Emirates,"Min. of State for Artificial Intelligence, Digital Economy, & Teleworking Applications",Omar bin Sultan al-OLAMA,6/25/2025
United Arab Emirates,Min. of State for Defense Affairs,Mohammed Mubarak al-MAZROUEI,6/25/2025
United Arab Emirates,Min. of State for Entrepreneurship,Alia bint Abdullah al-MAZROUEI,6/25/2025
United Arab Emirates,Min. of State for Federal National Council Affairs,Abdulrahman Mohamed al-OWAIS,6/25/2025
United Arab Emirates,Min. of State for Financial Affairs,Muhammad bin Hadi al-HUSSAINI,6/25/2025
United Arab Emirates,Min. of State for Foreign Affairs,SHAKHBOOT bin Nahyan bin Mubarak Al Nuhayyan,6/25/2025
United Arab Emirates,Min. of State for Foreign Affairs,Khalifa Shahin al-MARRAR,6/25/2025
United Arab Emirates,Min. of State for Government Development & the Future,OHOUD bint Khalfan al-Rumi,6/25/2025
United Arab Emirates,Min. of State for International Cooperation,Reem bint Ibrahim al-HASHEMI,6/25/2025
United Arab Emirates,Min. of State for Youth,Sultan Saif al-NEYADI,6/25/2025
United Arab Emirates,Min. of State Without Portfolio,Ahmad Ali al-SAYEGH,6/25/2025
United Arab Emirates,Min. of State Without Portfolio,Maitha Salim al-SHAMSI,6/25/2025
United Arab Emirates,Min. of State Without Portfolio,Hamad bin Mubarak al-SHAMSI,6/25/2025
United Arab Emirates,Min. of State Without Portfolio,Jaber Muhammad Ghanem al-SUWAIDI,6/25/2025
United Arab Emirates,Min. of State Without Portfolio,Noura bint Mohammed al-KAABI,6/25/2025
United Arab Emirates,Min. of State Without Portfolio,Hessa BUHUMAID,6/25/2025
United Arab Emirates,Min. of State Without Portfolio,Maryam al-HAMMADI,6/25/2025
United Arab Emirates,"Governor, Central Bank",Khalid Muhammad BALAMA,6/25/2025
United Arab Emirates,Ambassador to the US,Yusif bin Mani bin Said al-UTAYBA,6/25/2025
United Arab Emirates,"Permanent Representative to the UN, New York",Muhammad ABUSHAHAB,6/25/2025
United Kingdom,King,CHARLES III,9/12/2025
United Kingdom,"Prime Minister, First Lord of the Treasury",Keir STARMER,9/12/2025
United Kingdom,"Deputy Prime Minister, Lord Chancellor, & Sec. of State for Justice",David LAMMY,9/12/2025
United Kingdom,"Sec. of State for Housing, Communities, & Local Government",Steve REED,9/12/2025
United Kingdom,Chancellor of the Exchequer,Rachel REEVES,9/12/2025
United Kingdom,Sec. of State for Work & Pensions and Min. for Intergovernmental Relations,Pat McFADDEN,9/12/2025
United Kingdom,Chancellor of the Duchy of Lancaster & Chief Secretary to the Prime Minister,Darren JONES,9/12/2025
United Kingdom,"Sec. of State for Foreign, Commonwealth, & Development Affairs",Yvette COOPER,9/12/2025
United Kingdom,Sec. of State for the Home Dept.,Shabana MAHMOOD,9/12/2025
United Kingdom,Sec. of State for Defense,John HEALEY,9/12/2025
United Kingdom,Sec. of State for Health & Social Care,Wes STREETING,9/12/2025
United Kingdom,Sec. of State for Education & Min. for Women & Equalities,Bridget PHILLIPSON,9/12/2025
United Kingdom,Sec. of State for Energy Security & Net Zero,Ed MILIBAND,9/12/2025
United Kingdom,Sec. of State for Business & Trade and President of the Board of Trade,Peter KYLE,9/12/2025
United Kingdom,"Sec. of State for Science, Innovation, & Technology",Liz KENDALL,9/12/2025
United Kingdom,"Sec. of State for Culture, Media, & Sport",Lisa NANDY,9/12/2025
United Kingdom,Sec. of State for Transport,Heidi ALEXANDER,9/12/2025
United Kingdom,"Sec. of State for Environment, Food, & Rural Affairs",Emma REYNOLDS,9/12/2025
United Kingdom,Sec. of State for Northern Ireland,Hilary BENN,9/12/2025
United Kingdom,Sec. of State for Scotland,Douglas ALEXANDER,9/12/2025
United Kingdom,Sec. of State for Wales,Jo STEVENS,9/12/2025
United Kingdom,Leader of the House of Commons & Lord Pres. of the Council,Alan CAMPBELL,9/12/2025
United Kingdom,Leader of the House of Lords & Lord Privy Seal,Baroness SMITH,9/12/2025
United Kingdom,Parliamentary Sec. to the Treasury (Chief Whip),Jonathan REYNOLDS,9/12/2025
United Kingdom,Chief Sec. to the Treasury,James MURRAY,9/12/2025
United Kingdom,Attorney General,Richard HERMER,9/12/2025
United Kingdom,Minister Without Portfolio,Anna TURLEY,9/12/2025
United Kingdom,"Governor, Bank of England",Andrew BAILEY,9/12/2025
United Kingdom,Ambassador to the US,James ROSCOE (Acting),9/12/2025
United Kingdom,"Permanent Representative to the UN, New York",Barbara WOODWARD,9/12/2025
Uruguay,Pres.,Yamandu ORSI,5/27/2025
Uruguay,Vice Pres.,Carolina COSSE,5/27/2025
Uruguay,Secretary of the Presidency,Alejandro SANCHEZ,5/27/2025
Uruguay,"Min. of Agriculture, Livestock, & Fisheries",Alfredo FRATTI,5/27/2025
Uruguay,Min. of Defense,Sandra LAZO,5/27/2025
Uruguay,Min. of Economy & Finance,Gabriel ODDONE,5/27/2025
Uruguay,Min. of Education & Culture,Jose Carlos MAHIA,5/27/2025
Uruguay,Min. of Environment,Edgardo ORTUNO,5/27/2025
Uruguay,Min. of Foreign Relations,Mario LUBETKIN,5/27/2025
Uruguay,Min. of Housing and Territorial Planning,Tamara PASEYRO,5/27/2025
Uruguay,"Min. of Industry, Energy, and Mining",Fernanda CARDONA,5/27/2025
Uruguay,Min. of Interior,Carlos NEGRO,5/27/2025
Uruguay,Min. of Labor & Social Security,Juan CASTILLO,5/27/2025
Uruguay,Min. of Public Health,Cristina LUSTEMBERG,5/27/2025
Uruguay,Min. of Social Development,Gonzalo CIVILA,5/27/2025
Uruguay,Min. of Tourism,Pablo MENONI,5/27/2025
Uruguay,Min. of Transportation & Public Works,Lucia ETCHEVERRY,5/27/2025
Uruguay,"Pres., Central Bank",Washington REBEIRO,5/27/2025
Uruguay,Ambassador to the US,Andres Augusto DURAN Hareau,5/27/2025
Uruguay,"Permanent Representative to the UN, New York",Carlos Daniel Amorin TENCONI,5/27/2025
Uzbekistan,Pres.,Shavkat MIRZIYOYEV,12/19/2025
Uzbekistan,Prime Min.,Abdulla ARIPOV,12/19/2025
Uzbekistan,Dep. Prime Min.,Zulayho MAHKAMOVA,12/19/2025
Uzbekistan,Dep. Prime Min.,Jamshid QOCHQOROV,12/19/2025
Uzbekistan,Dep. Prime Min.,Ochilboy RAMATOV,12/19/2025
Uzbekistan,Dep. Prime Min.,Jamshid XOJAYEV,12/19/2025
Uzbekistan,Min. of Agriculture,Ibrohim ABDURAHMONOV,12/19/2025
Uzbekistan,"Min. of Construction, Housing, & Utilities",Sherzod HIDOYATOV,12/19/2025
Uzbekistan,Min. of Culture & Tourism,Ozodbek NAZARBEKOV,12/19/2025
Uzbekistan,Min. of Defense,Shuhrat XOLMUHAMEDOV,12/19/2025
Uzbekistan,Min. of Digital Technologies,Sherzod SHERMATOV,12/19/2025
Uzbekistan,Min. of Economy & Finance,Jamshid QOCHQOROV,12/19/2025
Uzbekistan,Min. of Emergency Situations,Botir QUDRATXOJAYEV,12/19/2025
Uzbekistan,Min. of Employment & Poverty Reduction,Botir ZOHIDOV,12/19/2025
Uzbekistan,Min. of Energy,Jorabek MIRZAMAHMUDOV,12/19/2025
Uzbekistan,Min. of Foreign Affairs,Baxtiyor SAIDOV,12/19/2025
Uzbekistan,Min. of Health,Asilbek XUDOYOROV,12/19/2025
Uzbekistan,"Min. of Higher Education, Science, & Innovations",Qongirotboy SHARIPOV,12/19/2025
Uzbekistan,Min. of Internal Affairs,Aziz TOSHPOLATOV,12/19/2025
Uzbekistan,"Min. of Investment, Industry, & Trade",Laziz QUDRATOV,12/19/2025
Uzbekistan,Min. of Justice,Akbar TOSHQULOV,12/19/2025
Uzbekistan,Min. of the Mining Industry & Geology,Bobir ISLOMOV,12/19/2025
Uzbekistan,Min. of Preschool Education,Hilola UMAROVA,12/19/2025
Uzbekistan,Min. of Transport,Ilhom MAHKAMOV,12/19/2025
Uzbekistan,Min. of Water Management,Shavkat HAMROYEV,12/19/2025
Uzbekistan,Min. of Youth Policy & Sports Development,Adxam IKROMOV,12/19/2025
Uzbekistan,"Sec., Security Council",Viktor MAHMUDOV,12/19/2025
Uzbekistan,"Chmn., State Security Service",Bahodir QURBONOV,12/19/2025
Uzbekistan,"Chmn., State Tax Ctte.",Sherzod KUDBIYEV,12/19/2025
Uzbekistan,Prosecutor Gen.,Nigmatilla YOLDOSHEV,12/19/2025
Uzbekistan,"Chair, National Bank",Timur ISHMETOV,12/19/2025
Uzbekistan,Ambassador to the US,Furqat SIDIQOV,12/19/2025
Uzbekistan,"Permanent Representative to the UN, New York",Ulugbek LAPASOV,12/19/2025
Vanuatu,Pres.,Nikenike VUROBARAVU,2/13/2025
Vanuatu,Prime Min.,Jotham NAPAT,2/13/2025
Vanuatu,Dep. Prime Min.,Johnny KOANAPO,2/13/2025
Vanuatu,"Min. for Agriculture, Livestock, Forestry, Fisheries, & Biosecurity",Ian WILSON,2/13/2025
Vanuatu,Min. for Climate Change Adaptation & Meteorology,Ralph REGENVANU,2/13/2025
Vanuatu,Min. for Education & Training,Simil JOHNSON,2/13/2025
Vanuatu,Min. for Finance & Economic Management,Johnny KOANAPO,2/13/2025
Vanuatu,Min. for Foreign Affairs,Marc ATI,2/13/2025
Vanuatu,Min. for Health,John Still Tari QETU,2/13/2025
Vanuatu,Min. for Infrastructure & Public Utilities,Xavier HARRY Emanuel,2/13/2025
Vanuatu,Min. for Internal Affairs,Andrew NAPUAT,2/13/2025
Vanuatu,Min. for Justice & Community Services,Job Sam ANDY,2/13/2025
Vanuatu,Min. for Lands & Natural Resources,Rick Tchamako MAHE,2/13/2025
Vanuatu,"Min. for Ocean, Fisheries, and Maritime",Jack Norris KALMET,2/13/2025
Vanuatu,"Min. for Tourism, Trade, Commerce, & Ni-Vanuatu Business",Samson SAMSEN,2/13/2025
Vanuatu,Min. for Youth Development & Sports,Tomker NETVUNEI,2/13/2025
Vanuatu,"Governor, Reserve Bank of Vanuatu",Simeon Malachi ATHY,2/13/2025
Vanuatu,Ambassador to the US,Odo TEVI,2/13/2025
Vanuatu,"Permanent Representative to the UN, New York",Odo TEVI,2/13/2025
Venezuela,Pres.,Nicolas MADURO Moros,2/26/2025
Venezuela,Executive Vice Pres.,Delcy RODRIGUEZ Gomez,2/26/2025
Venezuela,Min. of Borders,"Gerardo IZQUIERDO Torres, Maj. Gen.",2/26/2025
Venezuela,Min. of Commerce,Luis Antonio VILLEGAS Ramirez,2/26/2025
Venezuela,Min. of Communes & Social Movements,Angel PRADO,2/26/2025
Venezuela,Min. of Communications & Information,Freddy NANEZ,2/26/2025
Venezuela,Min. of Culture,Ernesto VILLEGAS Poljak,2/26/2025
Venezuela,Min. of Defense,"Vladimir PADRINO Lopez, Gen.",2/26/2025
Venezuela,Min. of Ecological Mining Development,Hector SILVA,2/26/2025
Venezuela,Min. of Economy & Finance,Anabel PEREIRA Fernandez,2/26/2025
Venezuela,Min. of Ecosocialism,Ricardo Molina,2/26/2025
Venezuela,Min. of Education,Hector RODRIGUEZ,2/26/2025
Venezuela,Min. of the Elderly,Megely VINA Gutierrez,2/26/2025
Venezuela,Min. of Electricity,Jose Elieser MARQUEZ,2/26/2025
Venezuela,Min. of Fisheries & Aquaculture,Juan Carlos LOYO,2/26/2025
Venezuela,Min. of Food,Carlos LEAL Telleria,2/26/2025
Venezuela,Min. of Foreign Affairs,Yvan GIL Pinto,2/26/2025
Venezuela,Min. of Foreign Trade,Coromoto GODOY,2/26/2025
Venezuela,Min. of Ground Transportation,"Ramon VELASQUEZ Araguayan, Gen.",2/26/2025
Venezuela,Min. of Health,Magaly GUTIERREZ Vina,2/26/2025
Venezuela,Min. of Housing & Habitats,Raul Alfonzo PAREDES,2/26/2025
Venezuela,Min. of Hydrocarbons,Delcy RODRIGUEZ Gomez,2/26/2025
Venezuela,Min. of Indigenous Peoples,Clara VIDAL,2/26/2025
Venezuela,Min. of Industry & National Production,Alex Naim SAAB Moran,2/26/2025
Venezuela,"Min. of Interior, Justice & Peace",Diosdado CABELLO Rondon,2/26/2025
Venezuela,Min. of Labor,Eduardo PINATE,2/26/2025
Venezuela,Min. of the Office of the Presidency & Govt. Performance Monitoring,Anibal CORONADO,2/26/2025
Venezuela,Min. of Penitentiary Services,Julio Garcia ZERPA,2/26/2025
Venezuela,Min. of Planning,Ricardo MENENDEZ Prieto,2/26/2025
Venezuela,Min. of Productive Agriculture & Lands,Julio Leon Heredia,2/26/2025
Venezuela,Min. of Public Works,Juan Jose RAMIREZ,2/26/2025
Venezuela,"Min. of Science, Technology, & Innovation",Gabriela JIMENEZ Ramirez,2/26/2025
Venezuela,Min. of Sports,Franklin Carrillo,2/26/2025
Venezuela,Min. of Tourism,Leticia GOMEZ,2/26/2025
Venezuela,"Min. of University Education, Science, & Technology",Ricardo SANCHEZ,2/26/2025
Venezuela,Min. of Water,Carlos Guillermo MAST Yustiz,2/26/2025
Venezuela,Min. of Women & Gender Equality,Jhoanna Gabriela CARILLO Malave,2/26/2025
Venezuela,Min. of Youth,Grecia COLMENARES,2/26/2025
Venezuela,Attorney Gen.,Tarek SAAB Halabi,2/26/2025
Venezuela,"Chief, Capital District Govt.",Nahum FERNANDEZ,2/26/2025
Venezuela,"Pres., Central Bank",Calixto ORTEGA Sanchez,2/26/2025
Venezuela,"Permanent Representative to the UN, New York",Samuel MONCADA Acosta,2/26/2025
Vietnam,General Secretary,To LAM,6/23/2025
Vietnam,Pres.,Luong CUONG,6/23/2025
Vietnam,Vice Pres.,Vo Thi Anh XUAN,6/23/2025
Vietnam,Prime Min.,Pham Minh CHINH,6/23/2025
Vietnam,Dep. Prime Min.,Tran Luu QUANG,6/23/2025
Vietnam,Dep. Prime Min.,Tran Hong HA,6/23/2025
Vietnam,Dep. Prime Min.,Le Minh KHAI,6/23/2025
Vietnam,Dep. Prime Min.,Le Van THANH,6/23/2025
Vietnam,Min. of Agriculture & Rural Development,Le Minh HOAN,6/23/2025
Vietnam,Min. of Construction,Nguyen Thanh NGHI,6/23/2025
Vietnam,"Min. of Culture, Sports, & Tourism",Nguyen Van HUNG,6/23/2025
Vietnam,Min. of Education & Training,Nguyen Kim SON,6/23/2025
Vietnam,Min. of Finance,Nguyen Van THANG,6/23/2025
Vietnam,Min. of Foreign Affairs,Bui Thanh SON,6/23/2025
Vietnam,Min. of Health,Dao Hong Lan,6/23/2025
Vietnam,Min. of Home Affairs,Pham Thi Thanh TRA,6/23/2025
Vietnam,Min. of Industry & Trade,Nguyen Hong DIEN,6/23/2025
Vietnam,Min. of Information & Communications,Nguyen Manh HUNG,6/23/2025
Vietnam,Min. of Justice,Le Thanh LONG,6/23/2025
Vietnam,"Min. of Labor, War Invalids, & Social Affairs",Dao Ngoc DUNG,6/23/2025
Vietnam,Min. of National Defense,"Phan Van GIANG, Gen.",6/23/2025
Vietnam,Min. of Natural Resources & Environment,,6/23/2025
Vietnam,Min. of Planning & Investment,Nguyen Chi DUNG,6/23/2025
Vietnam,Min. of Public Security,Luong Tam QUANG,6/23/2025
Vietnam,Min. of Science & Technology,Huynh Thanh DAT,6/23/2025
Vietnam,Min. of Transport,Nguyen Van THE,6/23/2025
Vietnam,"Chmn., Govt. Inspectorate",Doan Hong PHONG,6/23/2025
Vietnam,"Chmn., Office of the Govt.",Tran Van SON,6/23/2025
Vietnam,"Chmn., State Ethnic Minorities Ctte.",Hau A LENH,6/23/2025
Vietnam,"Governor, State Bank of Vietnam",Nguyen Thi HONG,6/23/2025
Vietnam,Ambassador to the US,Nguyen Quoc DUNG,6/23/2025
Vietnam,"Permanent Representative to the UN, New York",Do Hung VIET,6/23/2025
Yemen,"Chairperson, Presidential Council","Rashad Muhammad al-ALIMI, Dr.",5/12/2025
Yemen,"Vice Chairperson, Presidential Council",Sultan al-ARADA,5/12/2025
Yemen,"Vice Chairperson, Presidential Council","Faraj Salmin al-BAHSANI, Brig. Gen.",5/12/2025
Yemen,"Vice Chairperson, Presidential Council",Abdullah Al-Alimi BA WAZIR,5/12/2025
Yemen,"Vice Chairperson, Presidential Council",Uthman Hussain Faid al-MUJALI,5/12/2025
Yemen,"Vice Chairperson, Presidential Council","TARIQ Muhammad Abdallah Salih, Brig. Gen.",5/12/2025
Yemen,"Vice Chairperson, Presidential Council","'Abd-al-Rahman ABU ZARA'A al-Muharrami al-Yafai, Brig. Gen.",5/12/2025
Yemen,"Vice Chairperson, Presidential Council","Aydarus Qasim al-ZUBAYDI, Maj. Gen.",5/12/2025
Yemen,Prime Min.,Salim Salih BIN BURAYK,5/12/2025
Yemen,Dep. Prime Min.,Fuad HUSSEIN,5/12/2025
Yemen,"Min. of Agriculture, Irrigation, and Fisheries",Salem Abdullah al-SOQOTRI,5/12/2025
Yemen,Min. of Civil Services & Social Security,Abd al-Nasser al-WALI,5/12/2025
Yemen,Min. of Defense,"Mohsen al-DAERI, Lt. Gen.",5/12/2025
Yemen,Min. of Education,Tareq Salem Saleh al-AKBARI,5/12/2025
Yemen,Min. of Electricity & Energy,Mana BIN YAMIN,5/12/2025
Yemen,Min. of Endowments and Religious Guidance,Muhammad Edhah Mahdi SHABIBAH,5/12/2025
Yemen,Min. of Finance,Salim Salih BIN BURAYK,5/12/2025
Yemen,Min. of Foreign and Expatriate Affairs,Dr. Shaya al-ZINDANI,5/12/2025
Yemen,"Min. of Higher Education, Scientific Research, and Vocational Training",Khaled Ahmad al-WASABI,5/12/2025
Yemen,Min. of Human Rights and Legal Affairs,Ahmad Omar Muhammad ARMAN,5/12/2025
Yemen,Min. of Industry & Trade,Muhammad Hazm al-ASHWAL,5/12/2025
Yemen,"Min. of Information, Culture, and Tourism",Muammar Mutahar al-IRYANI,5/12/2025
Yemen,Min. of Interior,Ibrahim Ali Ahmad HAYDAN,5/12/2025
Yemen,Min. of Justice,Badr Abdo Ahmad al-ARDAH,5/12/2025
Yemen,Min. of Local Admin.,Hussein al-AGHBARI,5/12/2025
Yemen,Min. of Oil & Minerals,Sa'id al-SHAMASI,5/12/2025
Yemen,Min. of Planning & Intl. Cooperation,Waed BA DHIB,5/12/2025
Yemen,Min. of Public Health & Population,Qasem BUHAIBEH,5/12/2025
Yemen,Min. of Public Works & Roads,Salim al-HURAYZI,5/12/2025
Yemen,Min. of Social Affairs & Labor,Muhammad al-ZAOURI,5/12/2025
Yemen,Min. of Telecommunications & Information Technology (acting),Waed BA DHIB,5/12/2025
Yemen,Min. of Transport,Abd al-Salam HADI,5/12/2025
Yemen,Min. of Water & Environment,Tawfiq al-SHARJABI,5/12/2025
Yemen,Min. of Youth & Sports,Nayif al-BAKRI,5/12/2025
Yemen,"Governor, Central Bank",Hashim Ismail ALI,5/12/2025
Yemen,Ambassador to the US,Abd al-Wahab Abdullah Ahmed al-HAJRI,5/12/2025
Yemen,"Permanent Representative to the UN, New York",Abdallah Ali Fadl al-SAADI,5/12/2025
Zambia,Pres.,Hakainde HICHILEMA,6/12/2024
Zambia,Vice Pres.,Mutale NALUMANGO,6/12/2024
Zambia,Min. of Agriculture,Mutolo PHIRI,6/12/2024
Zambia,"Min. of Commerce, Trade, & Industry",Chipoka MULENGA,6/12/2024
Zambia,Min. of Community Development,Doreen MWAMBA,6/12/2024
Zambia,Min. of Defense,Ambrose LUFUMA,6/12/2024
Zambia,Min. of Education,Douglas SYAKALIMA,6/12/2024
Zambia,Min. of Energy,Peter Chibwe KAPALA,6/12/2024
Zambia,Min. of Finance,Situmbeko MUSOKOTWANE,6/12/2024
Zambia,Min. of Foreign Affairs & International Cooperation,Mulambo HAIMBE,6/12/2024
Zambia,Min. of Green Economy & Environment,Mike Elton MPOSHA,6/12/2024
Zambia,Min. of Health,Sylvia T MASEBO,6/12/2024
Zambia,Min. of Home Affairs,Jack MWIIMBU,6/12/2024
Zambia,"Min. of Infrastructure, Housing, & Urban Development",Charles MILUPI,6/12/2024
Zambia,Min. of Information & Media,Chushi KASANDA,6/12/2024
Zambia,Min. of Justice,Princess KASUNE,6/12/2024
Zambia,Min. of Labor & Social Security,Brenda TAMBATAMBA,6/12/2024
Zambia,Min. of Lands & Natural Resources,Elijah MUCHIMA,6/12/2024
Zambia,Min. of Livestock & Fisheries,Makozo CHIKOTE,6/12/2024
Zambia,Min. of Local Govt.,Garry NKOMBO,6/12/2024
Zambia,Min. of Mines & Minerals,Paul Chanda KABUSWE,6/12/2024
Zambia,Min. of Science & Technology,Felix MUTATI,6/12/2024
Zambia,Min. of Small & Medium Enterprises,Elias MUBANGA,6/12/2024
Zambia,Min. of Tourism,Rhodine SIKUMBA,6/12/2024
Zambia,Min. of Transport & Logistics,Frank TAYALI,6/12/2024
Zambia,Min. of Water Development & Sanitation,Collins NZOVU,6/12/2024
Zambia,Min. of Youth & Sport,Elvis NKANDU,6/12/2024
Zambia,Attorney Gen.,Mulilo Dimas KABESHA,6/12/2024
Zambia,Ambassador to the US,Lazarous KAPAMBWE,6/12/2024
Zambia,"Permanent Representative to the UN, New York",Chola MILAMBO,6/12/2024
Zimbabwe,Pres.,Emmerson Dambudzo MNANGAGWA,9/10/2025
Zimbabwe,Vice Pres.,"Constantino CHIWENGA, Gen. (Ret.)",9/10/2025
Zimbabwe,Vice Pres.,"Kembo MOHADI, Gen. (Ret.)",9/10/2025
Zimbabwe,Min. of Defense,Oppah MUCHINGURI-KASHIRI,9/10/2025
Zimbabwe,Min. of Energy & Power Development,July MOYO,9/10/2025
Zimbabwe,"Min. of Environment, Climate, & Wildlife",Evelyn NDLOVU,9/10/2025
Zimbabwe,Min. of Finance & Investment Promotion,Mthuli NCUBE,9/10/2025
Zimbabwe,Min. of Foreign Affairs & Intl. Trade,Amon MURWIRA,9/10/2025
Zimbabwe,Min. of Health & Child Care,"Douglas MOMBESHORA, Dr.",9/10/2025
Zimbabwe,"Min. of Higher & Tertiary Education, Science, & Technology Development","Frederick Musiiwa Makamure SHAVA, Dr.",9/10/2025
Zimbabwe,Min. of Home Affairs & Cultural Heritage,Kazembe KAZEMBE,9/10/2025
Zimbabwe,Min. of Industry & Commerce,Nqobizitha Mangaliso NDLOVU,9/10/2025
Zimbabwe,"Min. of Information Communication Technology, Postal & Courier Services","Tatenda Mavetera, Dr.",9/10/2025
Zimbabwe,"Min. of Information, Publicity, & Broadcasting Services",Jenfan MUSWERE,9/10/2025
Zimbabwe,"Min. of Justice, Legal, & Parliamentary Affairs",Ziyambi ZIYAMBI,9/10/2025
Zimbabwe,"Min. of Lands, Agriculture, Water, Fisheries, & Rural Development",Anxious Jongwe MASUKA,9/10/2025
Zimbabwe,Min. of Local Govt. & Public Works,"Daniel GARWE, Dr.",9/10/2025
Zimbabwe,Min. of Mines & Mining Development,Winston CHITANDO,9/10/2025
Zimbabwe,Min. of National Housing & Social Amenities,Zhemu SODA,9/10/2025
Zimbabwe,Min. of Primary & Secondary Education,Torerai MOYO,9/10/2025
Zimbabwe,"Min. for Public Service, Labor, & Social Welfare",Edgar MOYO,9/10/2025
Zimbabwe,"Min. of Skills, Audit, & Development",Paul MAVIMA,9/10/2025
Zimbabwe,"Min. of Sports, Recreation, Arts, & Culture","Anselem Nhamo SANYATWE, Lt. Gen. (Ret.)",9/10/2025
Zimbabwe,Min. of Tourism & Hospitality,Barbra RWODZI,9/10/2025
Zimbabwe,Min. of Transport & Infrastructural Development,Felix MHONA,9/10/2025
Zimbabwe,Min. of Veterans of Liberation Struggle,Monica MAVHUNGA,9/10/2025
Zimbabwe,"Min. of Women Affairs, Community, & Small and Medium Enterprise Development",Monica MUTSVANGWA,9/10/2025
Zimbabwe,Min of Youth Empowerment & Development,Tinoda MACHAKAIRE,9/10/2025
Zimbabwe,Ambassador to the US,VACANT,9/10/2025
Zimbabwe,"Permanent Representative to the UN, New York",Taonga MUSHAYAVANHU,9/10/2025
